ISO-10303-21;
HEADER;
/* Generated by software containing ST-Developer
 * from STEP Tools, Inc. (www.steptools.com) 
 */

FILE_DESCRIPTION(
/* description */ (''),
/* implementation_level */ '2;1');

FILE_NAME(
/* name */ 'Bike mount v3.step',
/* time_stamp */ '2026-06-30T14:36:46-04:00',
/* author */ (''),
/* organization */ (''),
/* preprocessor_version */ 'ST-DEVELOPER v20.1',
/* originating_system */ 'Autodesk Translation Framework v15.8.0.0',
/* authorisation */ '');

FILE_SCHEMA (('AUTOMOTIVE_DESIGN { 1 0 10303 214 3 1 1 }'));
ENDSEC;

DATA;
#10=MECHANICAL_DESIGN_GEOMETRIC_PRESENTATION_REPRESENTATION('',(#286,#287,
#288,#289,#290),#13385);
#11=ITEM_DEFINED_TRANSFORMATION($,$,#4171,#4557);
#12=ITEM_DEFINED_TRANSFORMATION($,$,#4246,#4558);
#13=ITEM_DEFINED_TRANSFORMATION($,$,#4349,#4559);
#14=ITEM_DEFINED_TRANSFORMATION($,$,#4445,#4560);
#15=ITEM_DEFINED_TRANSFORMATION($,$,#4530,#4561);
#16=(
REPRESENTATION_RELATIONSHIP($,$,#13408,#13407)
REPRESENTATION_RELATIONSHIP_WITH_TRANSFORMATION(#11)
SHAPE_REPRESENTATION_RELATIONSHIP()
);
#17=(
REPRESENTATION_RELATIONSHIP($,$,#13409,#13407)
REPRESENTATION_RELATIONSHIP_WITH_TRANSFORMATION(#12)
SHAPE_REPRESENTATION_RELATIONSHIP()
);
#18=(
REPRESENTATION_RELATIONSHIP($,$,#13410,#13407)
REPRESENTATION_RELATIONSHIP_WITH_TRANSFORMATION(#13)
SHAPE_REPRESENTATION_RELATIONSHIP()
);
#19=(
REPRESENTATION_RELATIONSHIP($,$,#13411,#13407)
REPRESENTATION_RELATIONSHIP_WITH_TRANSFORMATION(#14)
SHAPE_REPRESENTATION_RELATIONSHIP()
);
#20=(
REPRESENTATION_RELATIONSHIP($,$,#13412,#13407)
REPRESENTATION_RELATIONSHIP_WITH_TRANSFORMATION(#15)
SHAPE_REPRESENTATION_RELATIONSHIP()
);
#21=CONTEXT_DEPENDENT_SHAPE_REPRESENTATION(#16,#13402);
#22=CONTEXT_DEPENDENT_SHAPE_REPRESENTATION(#17,#13403);
#23=CONTEXT_DEPENDENT_SHAPE_REPRESENTATION(#18,#13404);
#24=CONTEXT_DEPENDENT_SHAPE_REPRESENTATION(#19,#13405);
#25=CONTEXT_DEPENDENT_SHAPE_REPRESENTATION(#20,#13406);
#26=NEXT_ASSEMBLY_USAGE_OCCURRENCE('Lock Core:1','Lock Core:1',
'Lock Core:1',#13414,#13415,'Lock Core:1');
#27=NEXT_ASSEMBLY_USAGE_OCCURRENCE('Sliding Lock:1','Sliding Lock:1',
'Sliding Lock:1',#13414,#13416,'Sliding Lock:1');
#28=NEXT_ASSEMBLY_USAGE_OCCURRENCE('Stem Clamp:1','Stem Clamp:1',
'Stem Clamp:1',#13414,#13417,'Stem Clamp:1');
#29=NEXT_ASSEMBLY_USAGE_OCCURRENCE('Spring:1','Spring:1','Spring:1',#13414,
#13418,'Spring:1');
#30=NEXT_ASSEMBLY_USAGE_OCCURRENCE(
'Broached Hexagon Socket Head Cap Screw ASME B18.3.1M - M4x0.7 x 20 St
eel Grade 2 Plain v1:1',
'Broached Hexagon Socket Head Cap Screw ASME B18.3.1M - M4x0.7 x 20 St
eel Grade 2 Plain v1:1',
'Broached Hexagon Socket Head Cap Screw ASME B18.3.1M - M4x0.7 x 20 St
eel Grade 2 Plain v1:1',#13414,#13419,
'Broached Hexagon Socket Head Cap Screw ASME B18.3.1M - M4x0.7 x 20 St
eel Grade 2 Plain v1:1');
#31=CONICAL_SURFACE('',#4531,1.80529250000017,0.829871117430994);
#32=(
BOUNDED_CURVE()
B_SPLINE_CURVE(5,(#10892,#10893,#10894,#10895,#10896,#10897,#10898,#10899,
#10900,#10901),.UNSPECIFIED.,.F.,.F.)
B_SPLINE_CURVE_WITH_KNOTS((6,1,1,1,1,6),(-1.,-0.8,-0.6,-0.4,-0.2,0.),
 .UNSPECIFIED.)
CURVE()
GEOMETRIC_REPRESENTATION_ITEM()
RATIONAL_B_SPLINE_CURVE((1.,1.,1.,1.,1.,1.,1.,1.,1.,1.))
REPRESENTATION_ITEM('')
);
#33=(
BOUNDED_CURVE()
B_SPLINE_CURVE(5,(#10924,#10925,#10926,#10927,#10928,#10929,#10930,#10931,
#10932,#10933),.UNSPECIFIED.,.F.,.F.)
B_SPLINE_CURVE_WITH_KNOTS((6,1,1,1,1,6),(0.,0.2,0.4,0.6,0.8,1.),
 .UNSPECIFIED.)
CURVE()
GEOMETRIC_REPRESENTATION_ITEM()
RATIONAL_B_SPLINE_CURVE((1.,1.,1.,1.,1.,1.,1.,1.,1.,1.))
REPRESENTATION_ITEM('')
);
#34=(
BOUNDED_CURVE()
B_SPLINE_CURVE(5,(#10968,#10969,#10970,#10971,#10972,#10973,#10974,#10975,
#10976,#10977),.UNSPECIFIED.,.F.,.F.)
B_SPLINE_CURVE_WITH_KNOTS((6,1,1,1,1,6),(-1.,-0.8,-0.6,-0.4,-0.2,0.),
 .UNSPECIFIED.)
CURVE()
GEOMETRIC_REPRESENTATION_ITEM()
RATIONAL_B_SPLINE_CURVE((1.,1.,1.,1.,1.,1.,1.,1.,1.,1.))
REPRESENTATION_ITEM('')
);
#35=(
BOUNDED_CURVE()
B_SPLINE_CURVE(5,(#11000,#11001,#11002,#11003,#11004,#11005,#11006,#11007,
#11008,#11009),.UNSPECIFIED.,.F.,.F.)
B_SPLINE_CURVE_WITH_KNOTS((6,1,1,1,1,6),(0.,0.2,0.4,0.6,0.8,1.),
 .UNSPECIFIED.)
CURVE()
GEOMETRIC_REPRESENTATION_ITEM()
RATIONAL_B_SPLINE_CURVE((1.,1.,1.,1.,1.,1.,1.,1.,1.,1.))
REPRESENTATION_ITEM('')
);
#36=(
BOUNDED_SURFACE()
B_SPLINE_SURFACE(2,2,((#10755,#10756,#10757),(#10758,#10759,#10760),(#10761,
#10762,#10763)),.UNSPECIFIED.,.F.,.F.,.F.)
B_SPLINE_SURFACE_WITH_KNOTS((3,3),(3,3),(-1.5707963267949,0.),(-1.5707963267949,
-1.44636773258494E-15),.UNSPECIFIED.)
GEOMETRIC_REPRESENTATION_ITEM()
RATIONAL_B_SPLINE_SURFACE(((1.,0.707106781186545,1.),(0.707106781186551,
0.500000000000001,0.707106781186551),(1.,0.707106781186545,1.)))
REPRESENTATION_ITEM('')
SURFACE()
);
#37=(
BOUNDED_SURFACE()
B_SPLINE_SURFACE(2,2,((#10822,#10823,#10824),(#10825,#10826,#10827),(#10828,
#10829,#10830)),.UNSPECIFIED.,.F.,.F.,.F.)
B_SPLINE_SURFACE_WITH_KNOTS((3,3),(3,3),(-1.5707963267949,0.),(-3.14159265358979,
-1.57079632679489),.UNSPECIFIED.)
GEOMETRIC_REPRESENTATION_ITEM()
RATIONAL_B_SPLINE_SURFACE(((1.,0.707106781186545,1.),(0.707106781186551,
0.500000000000001,0.707106781186551),(1.,0.707106781186545,1.)))
REPRESENTATION_ITEM('')
SURFACE()
);
#38=(
BOUNDED_SURFACE()
B_SPLINE_SURFACE(5,1,((#10871,#10872),(#10873,#10874),(#10875,#10876),(#10877,
#10878),(#10879,#10880),(#10881,#10882),(#10883,#10884),(#10885,#10886),
(#10887,#10888),(#10889,#10890)),.UNSPECIFIED.,.F.,.F.,.F.)
B_SPLINE_SURFACE_WITH_KNOTS((6,1,1,1,1,6),(2,2),(-1.,-0.8,-0.6,-0.4,-0.2,
0.),(0.,0.6),.UNSPECIFIED.)
GEOMETRIC_REPRESENTATION_ITEM()
RATIONAL_B_SPLINE_SURFACE(((1.,1.),(1.,1.),(1.,1.),(1.,1.),(1.,1.),(1.,
1.),(1.,1.),(1.,1.),(1.,1.),(1.,1.)))
REPRESENTATION_ITEM('')
SURFACE()
);
#39=(
BOUNDED_SURFACE()
B_SPLINE_SURFACE(5,1,((#10903,#10904),(#10905,#10906),(#10907,#10908),(#10909,
#10910),(#10911,#10912),(#10913,#10914),(#10915,#10916),(#10917,#10918),
(#10919,#10920),(#10921,#10922)),.UNSPECIFIED.,.F.,.F.,.F.)
B_SPLINE_SURFACE_WITH_KNOTS((6,1,1,1,1,6),(2,2),(0.,0.2,0.4,0.6,0.8,1.),
(0.,0.6),.UNSPECIFIED.)
GEOMETRIC_REPRESENTATION_ITEM()
RATIONAL_B_SPLINE_SURFACE(((1.,1.),(1.,1.),(1.,1.),(1.,1.),(1.,1.),(1.,
1.),(1.,1.),(1.,1.),(1.,1.),(1.,1.)))
REPRESENTATION_ITEM('')
SURFACE()
);
#40=(
BOUNDED_SURFACE()
B_SPLINE_SURFACE(5,1,((#10947,#10948),(#10949,#10950),(#10951,#10952),(#10953,
#10954),(#10955,#10956),(#10957,#10958),(#10959,#10960),(#10961,#10962),
(#10963,#10964),(#10965,#10966)),.UNSPECIFIED.,.F.,.F.,.F.)
B_SPLINE_SURFACE_WITH_KNOTS((6,1,1,1,1,6),(2,2),(-1.,-0.8,-0.6,-0.4,-0.2,
0.),(0.,0.6),.UNSPECIFIED.)
GEOMETRIC_REPRESENTATION_ITEM()
RATIONAL_B_SPLINE_SURFACE(((1.,1.),(1.,1.),(1.,1.),(1.,1.),(1.,1.),(1.,
1.),(1.,1.),(1.,1.),(1.,1.),(1.,1.)))
REPRESENTATION_ITEM('')
SURFACE()
);
#41=(
BOUNDED_SURFACE()
B_SPLINE_SURFACE(5,1,((#10979,#10980),(#10981,#10982),(#10983,#10984),(#10985,
#10986),(#10987,#10988),(#10989,#10990),(#10991,#10992),(#10993,#10994),
(#10995,#10996),(#10997,#10998)),.UNSPECIFIED.,.F.,.F.,.F.)
B_SPLINE_SURFACE_WITH_KNOTS((6,1,1,1,1,6),(2,2),(0.,0.2,0.4,0.6,0.8,1.),
(0.,0.6),.UNSPECIFIED.)
GEOMETRIC_REPRESENTATION_ITEM()
RATIONAL_B_SPLINE_SURFACE(((1.,1.),(1.,1.),(1.,1.),(1.,1.),(1.,1.),(1.,
1.),(1.,1.),(1.,1.),(1.,1.),(1.,1.)))
REPRESENTATION_ITEM('')
SURFACE()
);
#42=B_SPLINE_CURVE_WITH_KNOTS('',3,(#5835,#5836,#5837,#5838,#5839,#5840,
#5841),.UNSPECIFIED.,.F.,.F.,(4,1,1,1,4),(-3.14159265358979,-1.34639685153848,
0.448798950512828,2.24399475256414,3.14159265358979),.UNSPECIFIED.);
#43=B_SPLINE_CURVE_WITH_KNOTS('',3,(#5842,#5843,#5844,#5845,#5846,#5847,
#5848),.UNSPECIFIED.,.F.,.F.,(4,1,1,1,4),(-3.14159265358979,-2.24399475256414,
-0.448798950512828,1.34639685153848,3.14159265358979),.UNSPECIFIED.);
#44=B_SPLINE_CURVE_WITH_KNOTS('',3,(#5897,#5898,#5899,#5900,#5901,#5902,
#5903),.UNSPECIFIED.,.F.,.F.,(4,1,1,1,4),(-3.14159265358979,-2.24399475256414,
-0.448798950512829,1.34639685153848,3.14159265358979),.UNSPECIFIED.);
#45=B_SPLINE_CURVE_WITH_KNOTS('',3,(#5905,#5906,#5907,#5908,#5909),
 .UNSPECIFIED.,.F.,.F.,(4,1,4),(-3.14159265358979,-1.34639685153848,-0.000204699653598379),
 .UNSPECIFIED.);
#46=B_SPLINE_CURVE_WITH_KNOTS('',3,(#5910,#5911,#5912,#5913,#5914,#5915),
 .UNSPECIFIED.,.F.,.F.,(4,1,1,4),(-0.000204699653598375,0.448798950512829,
2.24399475256414,3.14159265358979),.UNSPECIFIED.);
#47=B_SPLINE_CURVE_WITH_KNOTS('',3,(#6062,#6063,#6064,#6065,#6066,#6067,
#6068,#6069,#6070),.UNSPECIFIED.,.F.,.F.,(4,1,1,1,1,1,4),(2.19625315701225,
2.24399475256414,2.46839422782055,2.69279370307697,2.91719317833338,3.02939291596159,
3.14159265358979),.UNSPECIFIED.);
#48=B_SPLINE_CURVE_WITH_KNOTS('',3,(#6073,#6074,#6075,#6076,#6077,#6078,
#6079,#6080,#6081,#6082,#6083,#6084,#6085,#6086,#6087,#6088,#6089,#6090,
#6091,#6092,#6093,#6094,#6095,#6096,#6097,#6098,#6099,#6100,#6101),
 .UNSPECIFIED.,.T.,.F.,(4,1,1,1,1,1,1,1,1,1,1,1,1,1,1,1,1,1,1,1,1,1,1,1,
1,1,4),(-3.14159265358979,-3.02939291596159,-2.91719317833338,-2.69279370307697,
-2.46839422782055,-2.24399475256414,-1.79519580205131,-1.34639685153848,
-1.0471975511966,-0.747998250854713,-0.448798950512828,-0.299199300341885,
-0.149599650170943,2.77555756156289E-17,0.149599650170943,0.299199300341885,
0.448798950512828,0.747998250854713,1.34639685153848,1.49599650170943,1.64559615188037,
2.24399475256414,2.46839422782055,2.69279370307697,2.91719317833338,3.02939291596159,
3.14159265358979),.UNSPECIFIED.);
#49=B_SPLINE_CURVE_WITH_KNOTS('',3,(#6102,#6103,#6104,#6105,#6106,#6107,
#6108,#6109,#6110),.UNSPECIFIED.,.F.,.F.,(4,1,1,1,1,1,4),(-3.14159265358979,
-3.02939291596159,-2.91719317833338,-2.69279370307697,-2.46839422782055,
-2.24399475256414,-2.19626563762166),.UNSPECIFIED.);
#50=B_SPLINE_CURVE_WITH_KNOTS('',3,(#6111,#6112,#6113,#6114,#6115,#6116,
#6117,#6118,#6119,#6120,#6121,#6122,#6123),.UNSPECIFIED.,.F.,.F.,(4,1,1,
1,1,1,1,1,1,1,4),(-0.945349975032267,-0.747998250854713,-0.448798950512828,
-0.299199300341885,-0.149599650170943,-2.77555756156289E-17,0.149599650170943,
0.299199300341885,0.448798950512828,0.747998250854713,0.945345714968712),
 .UNSPECIFIED.);
#51=B_SPLINE_CURVE_WITH_KNOTS('',3,(#6308,#6309,#6310,#6311,#6312,#6313,
#6314,#6315,#6316,#6317,#6318,#6319,#6320,#6321,#6322,#6323,#6324,#6325,
#6326,#6327,#6328,#6329,#6330,#6331,#6332,#6333,#6334,#6335,#6336),
 .UNSPECIFIED.,.T.,.F.,(4,1,1,1,1,1,1,1,1,1,1,1,1,1,1,1,1,1,1,1,1,1,1,1,
1,1,4),(-3.14159265358979,-3.02939291596159,-2.91719317833338,-2.69279370307697,
-2.46839422782055,-2.24399475256414,-1.64559615188037,-1.49599650170943,
-1.34639685153848,-0.747998250854713,-0.448798950512828,-0.299199300341885,
-0.149599650170943,-2.77555756156289E-17,0.149599650170943,0.299199300341885,
0.448798950512828,0.747998250854713,1.0471975511966,1.34639685153848,1.79519580205131,
2.24399475256414,2.46839422782055,2.69279370307697,2.91719317833338,3.02939291596159,
3.14159265358979),.UNSPECIFIED.);
#52=B_SPLINE_CURVE_WITH_KNOTS('',3,(#6693,#6694,#6695,#6696,#6697,#6698,
#6699,#6700,#6701,#6702,#6703,#6704,#6705,#6706,#6707),.UNSPECIFIED.,.F.,
 .F.,(4,1,1,1,1,1,1,1,1,1,1,1,4),(0.,0.0833333333333333,0.166666666666667,
0.25,0.333333333333333,0.416666666666667,0.5,0.583333333333333,0.666666666666667,
0.75,0.833333333333333,0.916666666666667,1.),.UNSPECIFIED.);
#53=B_SPLINE_CURVE_WITH_KNOTS('',3,(#6709,#6710,#6711,#6712,#6713,#6714,
#6715,#6716,#6717),.UNSPECIFIED.,.F.,.F.,(4,1,1,1,1,1,4),(0.,0.166666666666667,
0.333333333333333,0.5,0.666666666666667,0.833333333333333,1.),
 .UNSPECIFIED.);
#54=B_SPLINE_CURVE_WITH_KNOTS('',3,(#6719,#6720,#6721,#6722,#6723,#6724,
#6725,#6726,#6727,#6728,#6729,#6730,#6731,#6732,#6733,#6734,#6735,#6736,
#6737,#6738,#6739,#6740,#6741,#6742,#6743,#6744,#6745,#6746,#6747,#6748,
#6749,#6750,#6751,#6752,#6753,#6754,#6755,#6756,#6757,#6758,#6759,#6760,
#6761,#6762,#6763,#6764,#6765,#6766,#6767,#6768,#6769,#6770,#6771,#6772,
#6773,#6774,#6775,#6776,#6777,#6778,#6779,#6780,#6781,#6782,#6783,#6784,
#6785,#6786,#6787,#6788,#6789,#6790,#6791,#6792,#6793,#6794,#6795,#6796,
#6797,#6798,#6799,#6800,#6801,#6802,#6803,#6804,#6805,#6806,#6807,#6808,
#6809,#6810,#6811,#6812,#6813,#6814,#6815),.UNSPECIFIED.,.F.,.F.,(4,3,3,
3,3,3,3,3,3,3,3,3,3,3,3,3,3,3,3,3,3,3,3,3,3,3,3,3,3,3,3,3,4),(0.5,0.513540724761454,
0.527352435691214,0.542122672075864,0.55671647772932,0.571641231644908,
0.586914337775313,0.602555359832901,0.618587255000357,0.635036668154836,
0.651931864095455,0.669295605566462,0.687128464454412,0.705378302441039,
0.723975779822299,0.742483702108696,0.760686277519948,0.778458185884341,
0.795759534359392,0.812600174343829,0.829010020287475,0.845022741388413,
0.860668580243786,0.875971956461367,0.891475461903696,0.905989042696644,
0.920226133859837,0.93419458462843,0.947902654841358,0.961228914517543,
0.974353884728757,0.987176942364378,1.),.UNSPECIFIED.);
#55=B_SPLINE_CURVE_WITH_KNOTS('',3,(#6953,#6954,#6955,#6956,#6957,#6958,
#6959,#6960,#6961,#6962,#6963,#6964,#6965,#6966,#6967),.UNSPECIFIED.,.F.,
 .F.,(4,1,1,1,1,1,1,1,1,1,1,1,4),(0.,0.0833333333333333,0.166666666666667,
0.25,0.333333333333333,0.416666666666667,0.5,0.583333333333333,0.666666666666667,
0.75,0.833333333333333,0.916666666666667,1.),.UNSPECIFIED.);
#56=B_SPLINE_CURVE_WITH_KNOTS('',3,(#6970,#6971,#6972,#6973,#6974,#6975,
#6976,#6977,#6978,#6979,#6980,#6981,#6982,#6983,#6984,#6985,#6986,#6987,
#6988,#6989,#6990,#6991,#6992,#6993,#6994,#6995,#6996,#6997,#6998,#6999,
#7000,#7001,#7002,#7003,#7004,#7005,#7006,#7007,#7008,#7009,#7010,#7011,
#7012,#7013,#7014,#7015,#7016,#7017,#7018,#7019,#7020,#7021,#7022,#7023,
#7024,#7025,#7026,#7027,#7028,#7029,#7030,#7031,#7032,#7033,#7034,#7035,
#7036,#7037,#7038,#7039,#7040,#7041,#7042,#7043,#7044,#7045,#7046,#7047,
#7048,#7049,#7050,#7051,#7052,#7053,#7054,#7055,#7056,#7057,#7058,#7059,
#7060,#7061,#7062,#7063,#7064,#7065,#7066),.UNSPECIFIED.,.F.,.F.,(4,3,3,
3,3,3,3,3,3,3,3,3,3,3,3,3,3,3,3,3,3,3,3,3,3,3,3,3,3,3,3,3,4),(0.,0.0127257090813371,
0.0256811708695842,0.0388848731743811,0.052352633764216,0.0663416139590843,
0.0805286153777197,0.0950131286340928,0.109804523727364,0.124914354769193,
0.140358090534421,0.156156545169304,0.172336526297879,0.188929884885733,
0.205969344870315,0.224346260815921,0.242554480934889,0.261058348215535,
0.279648459555257,0.298080368549652,0.316162735913491,0.333797531402934,
0.350960049868545,0.367663621748131,0.384205669029615,0.399885800020281,
0.415221516165905,0.430230735714244,0.444929199063566,0.459179328472883,
0.473193324554928,0.486847753916003,0.5),.UNSPECIFIED.);
#57=B_SPLINE_CURVE_WITH_KNOTS('',3,(#7203,#7204,#7205,#7206,#7207,#7208,
#7209,#7210,#7211),.UNSPECIFIED.,.F.,.F.,(4,1,1,1,1,1,4),(0.,0.166666666666667,
0.333333333333333,0.5,0.666666666666667,0.833333333333333,1.),
 .UNSPECIFIED.);
#58=B_SPLINE_CURVE_WITH_KNOTS('',3,(#7213,#7214,#7215,#7216,#7217,#7218,
#7219,#7220,#7221,#7222,#7223,#7224,#7225,#7226,#7227,#7228,#7229,#7230,
#7231,#7232,#7233,#7234,#7235,#7236,#7237,#7238,#7239,#7240,#7241,#7242,
#7243,#7244,#7245,#7246,#7247,#7248,#7249,#7250,#7251,#7252,#7253,#7254,
#7255,#7256,#7257,#7258),.UNSPECIFIED.,.F.,.F.,(4,3,3,3,3,3,3,3,3,3,3,3,
3,3,3,4),(0.5,0.544565690508793,0.585717178204609,0.623347270264549,0.661166364897127,
0.699164896619719,0.737414184256626,0.773527737048319,0.803500660943779,
0.834595032050827,0.87594627403812,0.904457307981084,0.928742710909291,
0.96052089282428,0.981637840739843,1.),.UNSPECIFIED.);
#59=B_SPLINE_CURVE_WITH_KNOTS('',3,(#7342,#7343,#7344,#7345,#7346,#7347,
#7348,#7349,#7350),.UNSPECIFIED.,.F.,.F.,(4,1,1,1,1,1,4),(0.,0.166666666666667,
0.333333333333333,0.5,0.666666666666667,0.833333333333333,1.),
 .UNSPECIFIED.);
#60=B_SPLINE_CURVE_WITH_KNOTS('',3,(#7353,#7354,#7355,#7356,#7357,#7358,
#7359,#7360,#7361,#7362,#7363,#7364,#7365,#7366,#7367,#7368,#7369,#7370,
#7371,#7372,#7373,#7374,#7375,#7376,#7377,#7378,#7379,#7380,#7381,#7382,
#7383,#7384,#7385,#7386,#7387,#7388,#7389,#7390,#7391,#7392,#7393,#7394,
#7395,#7396,#7397,#7398,#7399,#7400,#7401),.UNSPECIFIED.,.F.,.F.,(4,3,3,
3,3,3,3,3,3,3,3,3,3,3,3,3,4),(0.,0.0214610667610931,0.0444412612937816,
0.0698022223781049,0.101162786572399,0.128100878160548,0.152315352383187,
0.177613098671072,0.207044258466931,0.239341153885871,0.274025255576214,
0.305445299635369,0.334945588892407,0.373623415537233,0.414162950155823,
0.457081475077912,0.5),.UNSPECIFIED.);
#61=B_SPLINE_CURVE_WITH_KNOTS('',3,(#7484,#7485,#7486,#7487,#7488,#7489,
#7490,#7491,#7492),.UNSPECIFIED.,.F.,.F.,(4,1,1,1,1,1,4),(0.,0.166666666666667,
0.333333333333333,0.5,0.666666666666667,0.833333333333333,1.),
 .UNSPECIFIED.);
#62=B_SPLINE_CURVE_WITH_KNOTS('',3,(#7494,#7495,#7496,#7497,#7498,#7499,
#7500,#7501,#7502,#7503,#7504,#7505,#7506,#7507,#7508,#7509,#7510,#7511,
#7512,#7513,#7514,#7515,#7516,#7517,#7518,#7519,#7520,#7521,#7522,#7523,
#7524,#7525,#7526,#7527,#7528,#7529,#7530,#7531,#7532,#7533,#7534,#7535,
#7536,#7537,#7538,#7539,#7540,#7541,#7542,#7543,#7544,#7545,#7546,#7547,
#7548,#7549,#7550,#7551,#7552,#7553,#7554,#7555,#7556,#7557,#7558,#7559,
#7560,#7561,#7562,#7563,#7564,#7565,#7566,#7567,#7568,#7569,#7570,#7571,
#7572,#7573,#7574,#7575,#7576,#7577,#7578,#7579,#7580,#7581,#7582,#7583,
#7584,#7585,#7586,#7587,#7588,#7589,#7590,#7591,#7592,#7593,#7594,#7595,
#7596,#7597,#7598,#7599,#7600,#7601,#7602,#7603,#7604,#7605,#7606,#7607,
#7608,#7609,#7610,#7611,#7612,#7613,#7614,#7615,#7616,#7617,#7618,#7619,
#7620,#7621,#7622,#7623,#7624,#7625,#7626,#7627,#7628,#7629,#7630,#7631,
#7632,#7633,#7634,#7635,#7636,#7637,#7638,#7639,#7640,#7641,#7642,#7643,
#7644,#7645,#7646,#7647,#7648,#7649,#7650,#7651,#7652,#7653,#7654,#7655,
#7656,#7657,#7658,#7659,#7660,#7661,#7662,#7663,#7664,#7665,#7666,#7667,
#7668,#7669,#7670,#7671,#7672,#7673,#7674,#7675,#7676,#7677,#7678,#7679,
#7680),.UNSPECIFIED.,.F.,.F.,(4,3,3,3,3,3,3,3,3,3,3,3,3,3,3,3,3,3,3,3,3,
3,3,3,3,3,3,3,3,3,3,3,3,3,3,3,3,3,3,3,3,3,3,3,3,3,3,3,3,3,3,3,3,3,3,3,3,
3,3,3,3,3,4),(0.,0.0126104267105981,0.0253697216352622,0.0382872703498988,
0.0513747057963874,0.0646462726325189,0.078119318803225,0.0925237044469246,
0.106703021564941,0.121102601340766,0.135846737411965,0.15099369851757,
0.166621316913733,0.182838154535074,0.199805050064005,0.217782268087109,
0.237254311532223,0.259519509146759,0.290475699049572,0.312648333454273,
0.332445118575114,0.350621217830306,0.367767717114256,0.38416987479211,
0.399994221579037,0.415349165612565,0.430310547858762,0.44493426490413,
0.459263212120369,0.473331416083628,0.487166648353257,0.501445213456976,
0.514890304935896,0.528573375186748,0.542520015031325,0.55692788380582,
0.571689044266895,0.586859717617987,0.602514805222244,0.618758353627923,
0.635743509480979,0.653715435088568,0.673121845292311,0.695339178886619,
0.729241655821163,0.750919101886614,0.770186848654986,0.788121616056234,
0.805148827988015,0.821494284337367,0.837296660037893,0.852649079571035,
0.867618028634631,0.882253184594574,0.896971536520252,0.910921048358094,
0.924657156224959,0.938196975788764,0.95155548114166,0.964663075038101,
0.977641604299689,0.990432595642768,1.),.UNSPECIFIED.);
#63=B_SPLINE_CURVE_WITH_KNOTS('',3,(#7764,#7765,#7766,#7767,#7768,#7769,
#7770,#7771,#7772),.UNSPECIFIED.,.F.,.F.,(4,1,1,1,1,1,4),(0.,0.166666666666667,
0.333333333333333,0.5,0.666666666666667,0.833333333333333,1.),
 .UNSPECIFIED.);
#64=B_SPLINE_CURVE_WITH_KNOTS('',3,(#7775,#7776,#7777,#7778,#7779,#7780,
#7781,#7782,#7783,#7784,#7785,#7786,#7787,#7788,#7789,#7790,#7791,#7792,
#7793,#7794,#7795,#7796,#7797,#7798,#7799,#7800,#7801,#7802,#7803,#7804,
#7805,#7806,#7807,#7808,#7809,#7810,#7811,#7812,#7813,#7814,#7815,#7816,
#7817,#7818,#7819,#7820,#7821,#7822,#7823,#7824,#7825,#7826,#7827,#7828,
#7829,#7830,#7831,#7832,#7833,#7834,#7835,#7836,#7837,#7838,#7839,#7840,
#7841,#7842,#7843,#7844,#7845,#7846,#7847,#7848,#7849,#7850,#7851,#7852,
#7853,#7854,#7855,#7856,#7857,#7858,#7859,#7860,#7861,#7862,#7863,#7864,
#7865,#7866,#7867,#7868,#7869,#7870,#7871,#7872,#7873,#7874,#7875,#7876,
#7877,#7878,#7879,#7880,#7881,#7882,#7883,#7884,#7885,#7886,#7887,#7888,
#7889,#7890,#7891,#7892,#7893,#7894,#7895,#7896,#7897,#7898,#7899,#7900,
#7901,#7902,#7903,#7904,#7905,#7906,#7907,#7908,#7909,#7910,#7911,#7912,
#7913,#7914,#7915,#7916,#7917,#7918,#7919,#7920,#7921,#7922,#7923,#7924,
#7925,#7926,#7927,#7928,#7929,#7930,#7931,#7932,#7933,#7934,#7935,#7936,
#7937,#7938,#7939,#7940,#7941,#7942,#7943,#7944,#7945,#7946,#7947,#7948,
#7949,#7950,#7951,#7952,#7953,#7954,#7955,#7956,#7957,#7958,#7959,#7960,
#7961),.UNSPECIFIED.,.F.,.F.,(4,3,3,3,3,3,3,3,3,3,3,3,3,3,3,3,3,3,3,3,3,
3,3,3,3,3,3,3,3,3,3,3,3,3,3,3,3,3,3,3,3,3,3,3,3,3,3,3,3,3,3,3,3,3,3,3,3,
3,3,3,3,3,4),(0.,0.012751843577369,0.0256544846429009,0.0387210470475771,
0.0519656432849992,0.0654037587637346,0.0790527486862388,0.0934425494880163,
0.107725621461829,0.122306017067549,0.137222064820743,0.152522964183939,
0.168274054981693,0.184565823985514,0.201530616060692,0.219377326673346,
0.23847616583327,0.25962868667516,0.287653151793181,0.310901168163424,0.332435506658317,
0.351166655136143,0.368599917652904,0.385135517974076,0.400991822424175,
0.416305717279134,0.43117065812647,0.445654229041538,0.459807338255373,
0.47366948147429,0.487271959870766,0.501378879382778,0.515069414622928,
0.528973190968629,0.54369277875086,0.558255998817773,0.573134588575629,
0.588376009254176,0.604042611432308,0.620219665899949,0.637030013134536,
0.65466372351041,0.673447844676414,0.694168157768712,0.720194444914288,
0.745825507729297,0.766253098070676,0.784740353151613,0.802049643761026,
0.818526127761871,0.834365907832827,0.849694970181247,0.864600803111934,
0.879147495689685,0.893383835227084,0.907222335070198,0.920846964045951,
0.934277468314082,0.947530308306639,0.960647731229979,0.973521016580047,
0.986760508290023,1.),.UNSPECIFIED.);
#65=B_SPLINE_CURVE_WITH_KNOTS('',3,(#8044,#8045,#8046,#8047,#8048,#8049,
#8050,#8051,#8052),.UNSPECIFIED.,.F.,.F.,(4,1,1,1,1,1,4),(0.,0.166666666666667,
0.333333333333333,0.5,0.666666666666667,0.833333333333333,1.),
 .UNSPECIFIED.);
#66=B_SPLINE_CURVE_WITH_KNOTS('',3,(#8054,#8055,#8056,#8057,#8058,#8059,
#8060,#8061,#8062,#8063,#8064,#8065,#8066,#8067,#8068,#8069,#8070,#8071,
#8072,#8073,#8074,#8075,#8076,#8077,#8078,#8079,#8080,#8081,#8082,#8083,
#8084,#8085,#8086,#8087,#8088,#8089,#8090,#8091,#8092,#8093,#8094,#8095,
#8096,#8097,#8098,#8099,#8100,#8101,#8102,#8103,#8104,#8105),
 .UNSPECIFIED.,.F.,.F.,(4,3,3,3,3,3,3,3,3,3,3,3,3,3,3,3,3,4),(0.500000000000003,
0.544323823511817,0.586935088775303,0.626319634867484,0.664797363913304,
0.702432159956886,0.739628139962275,0.77473567241835,0.804121965078629,
0.837245416121849,0.865145834136765,0.889962784138727,0.910081388993693,
0.93530174985036,0.958468526050624,0.977912222055807,0.995218434993024,
1.),.UNSPECIFIED.);
#67=B_SPLINE_CURVE_WITH_KNOTS('',3,(#8235,#8236,#8237,#8238,#8239,#8240,
#8241,#8242,#8243,#8244,#8245,#8246,#8247,#8248),.UNSPECIFIED.,.F.,.F.,
(4,1,1,1,1,1,1,1,1,1,1,4),(0.,0.0909090909090909,0.181818181818182,0.272727272727273,
0.363636363636364,0.454545454545455,0.545454545454545,0.636363636363636,
0.727272727272727,0.818181818181818,0.909090909090909,1.),.UNSPECIFIED.);
#68=B_SPLINE_CURVE_WITH_KNOTS('',3,(#8250,#8251,#8252,#8253,#8254,#8255,
#8256,#8257,#8258),.UNSPECIFIED.,.F.,.F.,(4,1,1,1,1,1,4),(0.,0.166666666666667,
0.333333333333333,0.5,0.666666666666667,0.833333333333333,1.),
 .UNSPECIFIED.);
#69=B_SPLINE_CURVE_WITH_KNOTS('',3,(#8260,#8261,#8262,#8263,#8264,#8265,
#8266,#8267,#8268,#8269,#8270,#8271,#8272,#8273,#8274,#8275,#8276,#8277,
#8278,#8279,#8280,#8281,#8282,#8283,#8284,#8285,#8286,#8287,#8288,#8289,
#8290,#8291,#8292,#8293,#8294,#8295,#8296,#8297,#8298,#8299,#8300,#8301,
#8302,#8303,#8304,#8305,#8306,#8307,#8308,#8309,#8310,#8311,#8312,#8313,
#8314,#8315,#8316,#8317,#8318,#8319,#8320,#8321,#8322,#8323,#8324,#8325,
#8326,#8327,#8328,#8329,#8330,#8331,#8332,#8333,#8334,#8335,#8336,#8337,
#8338,#8339,#8340,#8341,#8342,#8343,#8344,#8345,#8346,#8347,#8348,#8349,
#8350,#8351,#8352,#8353,#8354,#8355,#8356,#8357,#8358,#8359,#8360,#8361,
#8362,#8363,#8364,#8365,#8366,#8367,#8368,#8369,#8370,#8371,#8372,#8373,
#8374,#8375,#8376,#8377,#8378,#8379,#8380,#8381,#8382,#8383,#8384,#8385,
#8386,#8387,#8388,#8389,#8390,#8391,#8392,#8393,#8394,#8395,#8396,#8397,
#8398,#8399,#8400,#8401,#8402,#8403,#8404,#8405,#8406,#8407,#8408,#8409,
#8410,#8411,#8412,#8413,#8414,#8415,#8416,#8417,#8418,#8419,#8420,#8421,
#8422,#8423,#8424,#8425,#8426,#8427,#8428,#8429,#8430,#8431,#8432,#8433,
#8434,#8435,#8436,#8437,#8438,#8439,#8440,#8441,#8442,#8443),
 .UNSPECIFIED.,.F.,.F.,(4,3,3,3,3,3,3,3,3,3,3,3,3,3,3,3,3,3,3,3,3,3,3,3,
3,3,3,3,3,3,3,3,3,3,3,3,3,3,3,3,3,3,3,3,3,3,3,3,3,3,3,3,3,3,3,3,3,3,3,3,
3,4),(0.,0.0131264399870346,0.0264114795100781,0.0398747301906707,0.0535347807395628,
0.0674096294904215,0.0819813540296337,0.0964824201466428,0.111263634828652,
0.126349089338901,0.141768385425765,0.157559885931735,0.173775837390471,
0.190490896915016,0.207817482419317,0.225936628311179,0.245170717780096,
0.26620406071395,0.292550461245338,0.317533053513699,0.338860145591396,
0.357840039069721,0.375335226343378,0.391835376385263,0.407597317560209,
0.422778723843207,0.437485698890511,0.451793981259295,0.465759813709147,
0.479426081220291,0.492825273696724,0.508674483893701,0.522789818525151,
0.537702636696241,0.552370404288586,0.567304233488303,0.582543890626571,
0.598140506786961,0.614162479911471,0.630705562703006,0.647911781521253,
0.666009607915808,0.685416276896117,0.707436159523603,0.744006639583152,
0.765440928576924,0.78440896434459,0.802023251986285,0.818721097698958,
0.834736049383797,0.850212759292484,0.865249171986085,0.8799156674519,0.894926209020413,
0.908863257038335,0.922585287079408,0.936112583061514,0.949461831138491,
0.96256184276883,0.975534661108584,0.988312008110399,1.),.UNSPECIFIED.);
#70=B_SPLINE_CURVE_WITH_KNOTS('',3,(#8572,#8573,#8574,#8575,#8576,#8577,
#8578,#8579,#8580,#8581,#8582,#8583,#8584,#8585),.UNSPECIFIED.,.F.,.F.,
(4,1,1,1,1,1,1,1,1,1,1,4),(0.,0.0909090909090909,0.181818181818182,0.272727272727273,
0.363636363636364,0.454545454545455,0.545454545454545,0.636363636363636,
0.727272727272727,0.818181818181818,0.909090909090909,1.),.UNSPECIFIED.);
#71=B_SPLINE_CURVE_WITH_KNOTS('',3,(#8588,#8589,#8590,#8591,#8592,#8593,
#8594,#8595,#8596,#8597,#8598,#8599,#8600,#8601,#8602,#8603,#8604,#8605,
#8606,#8607,#8608,#8609,#8610,#8611,#8612,#8613,#8614,#8615,#8616,#8617,
#8618,#8619,#8620,#8621,#8622,#8623,#8624,#8625,#8626,#8627,#8628,#8629,
#8630,#8631,#8632,#8633,#8634,#8635,#8636,#8637,#8638,#8639,#8640,#8641,
#8642,#8643,#8644,#8645,#8646,#8647,#8648,#8649,#8650,#8651,#8652,#8653,
#8654,#8655,#8656,#8657,#8658,#8659,#8660,#8661,#8662,#8663,#8664,#8665,
#8666,#8667,#8668,#8669,#8670,#8671,#8672,#8673,#8674,#8675,#8676,#8677,
#8678,#8679,#8680,#8681,#8682,#8683,#8684,#8685,#8686,#8687,#8688,#8689,
#8690,#8691,#8692,#8693,#8694,#8695,#8696,#8697,#8698,#8699,#8700,#8701,
#8702,#8703,#8704,#8705,#8706,#8707,#8708,#8709,#8710,#8711,#8712,#8713,
#8714,#8715,#8716,#8717,#8718,#8719,#8720,#8721,#8722,#8723,#8724,#8725,
#8726,#8727,#8728,#8729,#8730,#8731,#8732,#8733,#8734,#8735,#8736,#8737,
#8738,#8739,#8740,#8741,#8742,#8743,#8744,#8745,#8746,#8747,#8748,#8749,
#8750,#8751,#8752,#8753,#8754,#8755,#8756,#8757,#8758,#8759,#8760,#8761,
#8762,#8763,#8764,#8765,#8766,#8767,#8768,#8769,#8770,#8771),
 .UNSPECIFIED.,.F.,.F.,(4,3,3,3,3,3,3,3,3,3,3,3,3,3,3,3,3,3,3,3,3,3,3,3,
3,3,3,3,3,3,3,3,3,3,3,3,3,3,3,3,3,3,3,3,3,3,3,3,3,3,3,3,3,3,3,3,3,3,3,3,
3,4),(0.,0.012724773043387,0.0256021194985515,0.0386407991701244,0.0518521887616258,
0.0652506717726224,0.0788541692874622,0.0932470728923456,0.107486953621195,
0.122036302502114,0.13694471994479,0.152277495470104,0.168123665828517,
0.184610732094841,0.201934478223104,0.220429264203928,0.240779575359083,
0.266207478431999,0.291703328415022,0.313837599402053,0.33315430333077,
0.351101710335032,0.368149982481422,0.384540195715331,0.400417441060221,
0.415877770664398,0.430989077373558,0.445801851618592,0.460355339596859,
0.474681371671248,0.488806913953838,0.50478169789278,0.518183169066718,
0.531845701552177,0.546475523378671,0.560967778536341,0.575871707195121,
0.591264612236007,0.607253582550205,0.623995161093084,0.641737249707688,
0.660925870474568,0.682824838794614,0.720317197955317,0.742061217141637,
0.761591959381171,0.77989209883562,0.79735356683054,0.814181961975357,0.830500549287075,
0.846389501682733,0.861904113925511,0.877084470698419,0.892448911861117,
0.906908043912543,0.921134712181975,0.935144253904599,0.948951285513059,
0.962475844689575,0.975857684414563,0.989034424828488,1.),.UNSPECIFIED.);
#72=B_SPLINE_CURVE_WITH_KNOTS('',3,(#8899,#8900,#8901,#8902,#8903,#8904,
#8905,#8906,#8907),.UNSPECIFIED.,.F.,.F.,(4,1,1,1,1,1,4),(0.,0.166666666666667,
0.333333333333333,0.5,0.666666666666667,0.833333333333333,1.),
 .UNSPECIFIED.);
#73=B_SPLINE_CURVE_WITH_KNOTS('',3,(#8909,#8910,#8911,#8912,#8913,#8914,
#8915,#8916,#8917,#8918,#8919,#8920,#8921,#8922,#8923,#8924,#8925,#8926,
#8927,#8928,#8929,#8930,#8931,#8932,#8933,#8934,#8935,#8936,#8937,#8938,
#8939,#8940,#8941,#8942,#8943,#8944,#8945,#8946,#8947,#8948,#8949,#8950,
#8951,#8952,#8953,#8954,#8955,#8956,#8957),.UNSPECIFIED.,.F.,.F.,(4,3,3,
3,3,3,3,3,3,3,3,3,3,3,3,3,4),(0.500000000000001,0.541973985804925,0.581107282239279,
0.62057219327401,0.659812026208206,0.698347263532749,0.736053855591155,
0.765039788946901,0.799077939038671,0.830905191152278,0.86016467542687,
0.884429023158361,0.910372504207783,0.9409250151348,0.965964108280028,0.987626163882551,
1.),.UNSPECIFIED.);
#74=B_SPLINE_CURVE_WITH_KNOTS('',3,(#9086,#9087,#9088,#9089,#9090,#9091,
#9092,#9093,#9094,#9095,#9096,#9097,#9098,#9099),.UNSPECIFIED.,.F.,.F.,
(4,1,1,1,1,1,1,1,1,1,1,4),(0.,0.0909090909090909,0.181818181818182,0.272727272727273,
0.363636363636364,0.454545454545455,0.545454545454545,0.636363636363636,
0.727272727272727,0.818181818181818,0.909090909090909,1.),.UNSPECIFIED.);
#75=B_SPLINE_CURVE_WITH_KNOTS('',3,(#9102,#9103,#9104,#9105,#9106,#9107,
#9108,#9109,#9110,#9111,#9112,#9113,#9114,#9115,#9116,#9117,#9118,#9119,
#9120,#9121,#9122,#9123,#9124,#9125,#9126,#9127,#9128,#9129,#9130,#9131,
#9132,#9133,#9134,#9135,#9136,#9137,#9138,#9139,#9140,#9141,#9142,#9143,
#9144,#9145,#9146,#9147),.UNSPECIFIED.,.F.,.F.,(4,3,3,3,3,3,3,3,3,3,3,3,
3,3,3,4),(0.,0.0258943122186632,0.0547597786851707,0.091622323026434,0.121877199998679,
0.148347251013877,0.17521143592775,0.216236369841911,0.253646907306861,
0.288663890704225,0.322072443472589,0.362254358722223,0.406541610157686,
0.44972050836006,0.491520653803106,0.500000000000001),.UNSPECIFIED.);
#76=B_SPLINE_CURVE_WITH_KNOTS('',3,(#9275,#9276,#9277,#9278,#9279,#9280,
#9281,#9282,#9283),.UNSPECIFIED.,.F.,.F.,(4,1,1,1,1,1,4),(0.,0.166666666666667,
0.333333333333333,0.5,0.666666666666667,0.833333333333333,1.),
 .UNSPECIFIED.);
#77=B_SPLINE_CURVE_WITH_KNOTS('',3,(#9285,#9286,#9287,#9288,#9289,#9290,
#9291,#9292,#9293,#9294,#9295,#9296,#9297,#9298,#9299,#9300,#9301,#9302,
#9303,#9304,#9305,#9306,#9307,#9308,#9309,#9310,#9311,#9312,#9313,#9314,
#9315,#9316,#9317,#9318,#9319,#9320,#9321,#9322,#9323,#9324,#9325,#9326,
#9327,#9328,#9329,#9330,#9331,#9332,#9333,#9334,#9335,#9336,#9337,#9338,
#9339,#9340,#9341,#9342,#9343,#9344,#9345,#9346,#9347,#9348,#9349,#9350,
#9351,#9352,#9353,#9354,#9355,#9356,#9357,#9358,#9359,#9360,#9361,#9362,
#9363,#9364,#9365,#9366,#9367,#9368,#9369,#9370,#9371,#9372,#9373,#9374,
#9375,#9376,#9377,#9378),.UNSPECIFIED.,.F.,.F.,(4,3,3,3,3,3,3,3,3,3,3,3,
3,3,3,3,3,3,3,3,3,3,3,3,3,3,3,3,3,3,3,4),(0.5,0.514270806984418,0.529449844266155,
0.544515720457307,0.559926028547599,0.57570216813727,0.591867568921845,
0.608449386541885,0.625479893271721,0.642996504285108,0.661038162250851,
0.679633317639619,0.699656235287143,0.719405831666164,0.739188977531286,
0.758700695708788,0.777738461883477,0.796227479432211,0.814172646054135,
0.831610998371266,0.848585937275667,0.865136692509303,0.88199460594564,
0.897599625905358,0.912886289070124,0.9278674385636,0.94255500026952,0.95691625020214,
0.970944805944927,0.985472402972464,0.999010844478182,1.),.UNSPECIFIED.);
#78=B_SPLINE_CURVE_WITH_KNOTS('',3,(#9507,#9508,#9509,#9510,#9511,#9512,
#9513,#9514,#9515,#9516,#9517,#9518,#9519,#9520),.UNSPECIFIED.,.F.,.F.,
(4,1,1,1,1,1,1,1,1,1,1,4),(0.,0.0909090909090909,0.181818181818182,0.272727272727273,
0.363636363636364,0.454545454545455,0.545454545454545,0.636363636363636,
0.727272727272727,0.818181818181818,0.909090909090909,1.),.UNSPECIFIED.);
#79=B_SPLINE_CURVE_WITH_KNOTS('',3,(#9523,#9524,#9525,#9526,#9527,#9528,
#9529,#9530,#9531,#9532,#9533,#9534,#9535,#9536,#9537,#9538,#9539,#9540,
#9541,#9542,#9543,#9544,#9545,#9546,#9547,#9548,#9549,#9550,#9551,#9552,
#9553,#9554,#9555,#9556,#9557,#9558,#9559,#9560,#9561,#9562,#9563,#9564,
#9565,#9566,#9567,#9568,#9569,#9570,#9571,#9572,#9573,#9574,#9575,#9576,
#9577,#9578,#9579,#9580,#9581,#9582,#9583,#9584,#9585,#9586,#9587,#9588,
#9589,#9590,#9591,#9592,#9593,#9594,#9595,#9596,#9597,#9598,#9599,#9600,
#9601,#9602,#9603,#9604,#9605,#9606,#9607,#9608,#9609,#9610,#9611,#9612,
#9613,#9614,#9615,#9616),.UNSPECIFIED.,.F.,.F.,(4,3,3,3,3,3,3,3,3,3,3,3,
3,3,3,3,3,3,3,3,3,3,3,3,3,3,3,3,3,3,3,4),(0.,0.0135486714580923,0.0273515267897374,
0.0421217915775581,0.0566645448962669,0.0715188646466781,0.086698345543248,
0.102216988323247,0.118090942318282,0.134340477266452,0.150991846214126,
0.168078480500346,0.185640459639591,0.203719976835619,0.222646336974189,
0.242057860280628,0.261794130214705,0.281575019371863,0.301094580381844,
0.320145112854507,0.338645656776936,0.356595646918369,0.374521191053573,
0.391247317542218,0.407575561120076,0.423531932455451,0.439138579145432,
0.454353934359074,0.469192071416456,0.483783579044993,0.498060455751617,
0.5),.UNSPECIFIED.);
#80=B_SPLINE_CURVE_WITH_KNOTS('',3,(#9744,#9745,#9746,#9747,#9748,#9749,
#9750,#9751,#9752),.UNSPECIFIED.,.F.,.F.,(4,1,1,1,1,1,4),(0.,0.166666666666667,
0.333333333333333,0.5,0.666666666666667,0.833333333333333,1.),
 .UNSPECIFIED.);
#81=B_SPLINE_CURVE_WITH_KNOTS('',3,(#9754,#9755,#9756,#9757,#9758,#9759,
#9760,#9761,#9762,#9763,#9764,#9765,#9766,#9767,#9768,#9769,#9770,#9771,
#9772,#9773,#9774,#9775,#9776,#9777,#9778,#9779,#9780,#9781,#9782,#9783,
#9784,#9785,#9786,#9787,#9788,#9789,#9790,#9791,#9792,#9793,#9794,#9795,
#9796,#9797,#9798,#9799),.UNSPECIFIED.,.F.,.F.,(4,3,3,3,3,3,3,3,3,3,3,3,
3,3,3,4),(0.5,0.53998127851693,0.576597180042317,0.614744029128067,0.654651541972931,
0.697820099226314,0.735592586823025,0.766258005350445,0.802034072480453,
0.846566295449029,0.873975907702557,0.899365667117733,0.932423383565321,
0.960757352101381,0.983963329469413,1.),.UNSPECIFIED.);
#82=B_SPLINE_CURVE_WITH_KNOTS('',3,(#9894,#9895,#9896,#9897,#9898,#9899,
#9900,#9901),.UNSPECIFIED.,.F.,.F.,(4,1,1,2,4),(0.,0.156491146759359,0.312982293518718,
0.782455733796794,0.783857800372954),.UNSPECIFIED.);
#83=B_SPLINE_CURVE_WITH_KNOTS('',3,(#9902,#9903,#9904,#9905,#9906,#9907,
#9908,#9909),.UNSPECIFIED.,.F.,.F.,(4,2,1,1,4),(-0.783857800372954,-0.782455733796794,
-0.312982293518718,-0.156491146759359,0.),.UNSPECIFIED.);
#84=B_SPLINE_CURVE_WITH_KNOTS('',3,(#9977,#9978,#9979,#9980,#9981,#9982,
#9983,#9984,#9985,#9986,#9987,#9988),.UNSPECIFIED.,.F.,.F.,(4,1,1,1,1,1,
1,2,4),(7.52717942958694E-16,0.153566686684339,0.230350030026508,0.307133373368678,
0.383916716710847,0.460700060053016,0.614266746737354,0.767833433421693,
0.769147847371972),.UNSPECIFIED.);
#85=B_SPLINE_CURVE_WITH_KNOTS('',3,(#9989,#9990,#9991,#9992,#9993,#9994,
#9995,#9996,#9997,#9998,#9999,#10000),.UNSPECIFIED.,.F.,.F.,(4,2,1,1,1,
1,1,1,4),(-0.769147847371972,-0.767833433421693,-0.614266746737354,-0.460700060053016,
-0.383916716710847,-0.307133373368678,-0.230350030026508,-0.153566686684339,
-7.52717942958694E-16),.UNSPECIFIED.);
#86=B_SPLINE_CURVE_WITH_KNOTS('',3,(#10042,#10043,#10044,#10045,#10046,
#10047,#10048),.UNSPECIFIED.,.F.,.F.,(4,1,1,1,4),(0.536818334459942,0.609939461504195,
1.21987892300839,2.43975784601678,4.26957623052937),.UNSPECIFIED.);
#87=B_SPLINE_CURVE_WITH_KNOTS('',3,(#10050,#10051,#10052,#10053,#10054,
#10055,#10056,#10057),.UNSPECIFIED.,.F.,.F.,(4,1,1,1,1,4),(-4.26957623052937,
-2.43975784601678,-1.21987892300839,-0.609939461504195,-0.304969730752097,
0.),.UNSPECIFIED.);
#88=B_SPLINE_CURVE_WITH_KNOTS('',3,(#10102,#10103,#10104,#10105,#10106,
#10107,#10108,#10109,#10110,#10111),.UNSPECIFIED.,.F.,.F.,(4,1,1,1,1,2,
4),(-0.76783343341959,-0.614266746735672,-0.460700060051754,-0.307133373367836,
-0.153566686683918,0.,0.00131441395034295),.UNSPECIFIED.);
#89=B_SPLINE_CURVE_WITH_KNOTS('',3,(#10112,#10113,#10114,#10115,#10116,
#10117,#10118,#10119,#10120,#10121),.UNSPECIFIED.,.F.,.F.,(4,2,1,1,1,1,
4),(-0.00131441395034295,0.,0.153566686683918,0.307133373367836,0.460700060051754,
0.614266746735672,0.76783343341959),.UNSPECIFIED.);
#90=B_SPLINE_CURVE_WITH_KNOTS('',3,(#10189,#10190,#10191,#10192,#10193,
#10194,#10195,#10196,#10197,#10198,#10199,#10200),.UNSPECIFIED.,.F.,.F.,
(4,1,1,1,1,1,1,2,4),(-0.782455733796659,-0.625964587037327,-0.547719013657662,
-0.469473440277996,-0.39122786689833,-0.312982293518664,-0.156491146759332,
0.,0.00140206657630646),.UNSPECIFIED.);
#91=B_SPLINE_CURVE_WITH_KNOTS('',3,(#10201,#10202,#10203,#10204,#10205,
#10206,#10207,#10208,#10209,#10210,#10211,#10212),.UNSPECIFIED.,.F.,.F.,
(4,2,1,1,1,1,1,1,4),(-0.00140206657630646,0.,0.156491146759332,0.312982293518664,
0.39122786689833,0.469473440277996,0.547719013657662,0.625964587037327,
0.782455733796659),.UNSPECIFIED.);
#92=B_SPLINE_CURVE_WITH_KNOTS('',3,(#10345,#10346,#10347,#10348,#10349,
#10350,#10351,#10352,#10353,#10354,#10355,#10356,#10357,#10358,#10359,#10360,
#10361,#10362,#10363,#10364,#10365,#10366,#10367,#10368,#10369,#10370,#10371,
#10372,#10373,#10374,#10375,#10376,#10377,#10378,#10379,#10380,#10381,#10382,
#10383,#10384,#10385,#10386,#10387,#10388,#10389,#10390,#10391,#10392,#10393),
 .UNSPECIFIED.,.F.,.F.,(4,3,3,3,3,3,3,3,3,3,3,3,3,3,3,3,4),(0.,0.023912240509228,
0.049768464619523,0.0788646190541274,0.109857014600456,0.136871905950676,
0.162207713084318,0.193889787282613,0.226579724344988,0.261697875508143,
0.29408386100398,0.324580273301362,0.365915609292522,0.40566768852673,0.447069192379727,
0.487780885886259,0.5),.UNSPECIFIED.);
#93=B_SPLINE_CURVE_WITH_KNOTS('',3,(#10429,#10430,#10431,#10432,#10433,
#10434,#10435),.UNSPECIFIED.,.F.,.F.,(4,1,1,1,4),(2.22044604925031E-16,
0.304969730752098,0.609939461504195,1.82981838451258,4.26957623052936),
 .UNSPECIFIED.);
#94=B_SPLINE_CURVE_WITH_KNOTS('',3,(#10436,#10437,#10438,#10439,#10440,
#10441),.UNSPECIFIED.,.F.,.F.,(4,1,1,4),(-4.26957623052936,-1.82981838451258,
-0.609939461504195,-0.536801191573522),.UNSPECIFIED.);
#95=B_SPLINE_CURVE_WITH_KNOTS('',3,(#10445,#10446,#10447,#10448,#10449,
#10450,#10451,#10452),.UNSPECIFIED.,.F.,.F.,(4,1,1,1,1,4),(0.,0.606937431634008,
1.21387486326802,1.82081229490202,3.03468715817004,4.24856202143805),
 .UNSPECIFIED.);
#96=B_SPLINE_CURVE_WITH_KNOTS('',3,(#10457,#10458,#10459,#10460,#10461,
#10462,#10463,#10464),.UNSPECIFIED.,.F.,.F.,(4,2,2,4),(0.944889602316955,
1.0502781163668,1.16637711318969,1.2492538317414),.UNSPECIFIED.);
#97=B_SPLINE_CURVE_WITH_KNOTS('',3,(#10472,#10473,#10474,#10475,#10476,
#10477,#10478,#10479),.UNSPECIFIED.,.F.,.F.,(4,2,2,4),(0.640515039825002,
0.723387611269811,0.839485221010819,0.944875129509024),.UNSPECIFIED.);
#98=B_SPLINE_CURVE_WITH_KNOTS('',3,(#10627,#10628,#10629,#10630,#10631,
#10632,#10633,#10634,#10635,#10636,#10637,#10638,#10639,#10640,#10641,#10642,
#10643,#10644,#10645,#10646,#10647,#10648,#10649,#10650,#10651,#10652,#10653,
#10654,#10655,#10656,#10657,#10658,#10659,#10660,#10661,#10662,#10663,#10664,
#10665,#10666,#10667,#10668,#10669),.UNSPECIFIED.,.F.,.F.,(4,3,3,3,3,3,
3,3,3,3,3,3,3,3,4),(0.,0.0271053088708868,0.0591869809142343,0.0995590971115038,
0.12799243089879,0.153968850597114,0.185276674201786,0.225886064110695,
0.262656534430584,0.296863671577542,0.330363429945497,0.373640537175806,
0.417225529415888,0.461118135654332,0.500000000000003),.UNSPECIFIED.);
#99=B_SPLINE_CURVE_WITH_KNOTS('',3,(#10675,#10676,#10677,#10678,#10679,
#10680),.UNSPECIFIED.,.F.,.F.,(4,2,4),(0.837912553307744,0.839490880324316,
0.94488029146672),.UNSPECIFIED.);
#100=B_SPLINE_CURVE_WITH_KNOTS('',3,(#10682,#10683,#10684,#10685,#10686,
#10687),.UNSPECIFIED.,.F.,.F.,(4,2,4),(0.640530093122607,0.723402091444219,
0.837921578731969),.UNSPECIFIED.);
#101=B_SPLINE_CURVE_WITH_KNOTS('',3,(#10688,#10689,#10690,#10691,#10692,
#10693,#10694,#10695),.UNSPECIFIED.,.F.,.F.,(4,2,2,4),(0.94488029146672,
1.05026970260912,1.16636780706851,1.24923713749122),.UNSPECIFIED.);
#102=B_SPLINE_CURVE_WITH_KNOTS('',3,(#10737,#10738,#10739,#10740,#10741,
#10742,#10743,#10744),.UNSPECIFIED.,.F.,.F.,(4,1,1,1,1,4),(-4.24856202143805,
-3.03468715817004,-1.82081229490202,-1.21387486326802,-0.606937431634008,
0.),.UNSPECIFIED.);
#103=B_SPLINE_CURVE_WITH_KNOTS('',3,(#10747,#10748,#10749,#10750,#10751,
#10752,#10753,#10754),.UNSPECIFIED.,.F.,.F.,(4,1,1,1,1,4),(0.,0.606937431634008,
1.21387486326802,1.82081229490202,3.03468715817004,4.24856202143805),
 .UNSPECIFIED.);
#104=B_SPLINE_CURVE_WITH_KNOTS('',3,(#10813,#10814,#10815,#10816,#10817,
#10818,#10819,#10820),.UNSPECIFIED.,.F.,.F.,(4,1,1,1,1,4),(-4.24856202143805,
-3.03468715817004,-1.82081229490202,-1.21387486326802,-0.606937431634008,
0.),.UNSPECIFIED.);
#105=B_SPLINE_CURVE_WITH_KNOTS('',3,(#11037,#11038,#11039,#11040),
 .UNSPECIFIED.,.F.,.F.,(4,4),(1.99224593243271,2.29234994584494),
 .UNSPECIFIED.);
#106=B_SPLINE_CURVE_WITH_KNOTS('',3,(#11044,#11045,#11046,#11047),
 .UNSPECIFIED.,.F.,.F.,(4,4),(-2.08844114577111,-1.69497811796239),
 .UNSPECIFIED.);
#107=B_SPLINE_CURVE_WITH_KNOTS('',3,(#11051,#11052,#11053,#11054,#11055,
#11056,#11057),.UNSPECIFIED.,.F.,.F.,(4,1,1,1,4),(-0.00756662975300548,
0.320992881046701,0.978111902646115,1.63523092424553,2.29234994584494),
 .UNSPECIFIED.);
#108=B_SPLINE_CURVE_WITH_KNOTS('',3,(#11063,#11064,#11065,#11066,#11067,
#11068,#11069),.UNSPECIFIED.,.F.,.F.,(4,1,1,1,4),(-1.69497811796239,-1.43132212417153,
-1.10276261337174,-0.445643591772162,0.211475429827419),.UNSPECIFIED.);
#109=B_SPLINE_CURVE_WITH_KNOTS('',3,(#11071,#11072,#11073,#11074,#11075,
#11076,#11077),.UNSPECIFIED.,.F.,.F.,(4,1,1,1,4),(-0.00756662975300552,
0.649552391846408,0.978111902646115,1.63523092424553,1.99224593243271),
 .UNSPECIFIED.);
#110=B_SPLINE_CURVE_WITH_KNOTS('',3,(#11081,#11082,#11083,#11084,#11085,
#11086,#11087),.UNSPECIFIED.,.F.,.F.,(4,1,1,1,4),(-2.08844114577112,-1.43132212417153,
-0.774203102571954,-0.117084080972373,0.211475429827417),.UNSPECIFIED.);
#111=B_SPLINE_CURVE_WITH_KNOTS('',3,(#11094,#11095,#11096,#11097,#11098,
#11099,#11100),.UNSPECIFIED.,.F.,.F.,(4,1,1,1,4),(-2.08844114577112,-1.43132212417153,
-1.10276261337174,-0.445643591772163,0.211475429827418),.UNSPECIFIED.);
#112=B_SPLINE_CURVE_WITH_KNOTS('',3,(#11103,#11104,#11105,#11106,#11107,
#11108,#11109),.UNSPECIFIED.,.F.,.F.,(4,1,1,1,4),(-0.0075666297530056,0.649552391846408,
1.30667141344582,1.96379043504524,2.29234994584494),.UNSPECIFIED.);
#113=B_SPLINE_CURVE_WITH_KNOTS('',3,(#11114,#11115,#11116,#11117,#11118,
#11119,#11120),.UNSPECIFIED.,.F.,.F.,(4,1,1,1,4),(-2.08844114577111,-1.75988163497132,
-1.10276261337174,-0.445643591772162,0.211475429827419),.UNSPECIFIED.);
#114=B_SPLINE_CURVE_WITH_KNOTS('',3,(#11123,#11124,#11125,#11126,#11127,
#11128,#11129),.UNSPECIFIED.,.F.,.F.,(4,1,1,1,4),(-0.00756662975300558,
0.649552391846408,1.30667141344582,1.96379043504524,2.29234994584494),
 .UNSPECIFIED.);
#115=B_SPLINE_CURVE_WITH_KNOTS('',3,(#11137,#11138,#11139,#11140,#11141,
#11142,#11143,#11144,#11145,#11146,#11147,#11148,#11149,#11150,#11151,#11152),
 .UNSPECIFIED.,.F.,.F.,(4,2,2,2,2,2,2,4),(0.,0.00299633431167947,0.00687668408764462,
0.0140026235383557,0.0334874965521876,0.0954093905138897,0.174527133946862,
0.175419558801289),.UNSPECIFIED.);
#116=B_SPLINE_CURVE_WITH_KNOTS('',3,(#11153,#11154,#11155,#11156,#11157,
#11158,#11159,#11160,#11161,#11162,#11163,#11164,#11165,#11166,#11167,#11168,
#11169,#11170,#11171,#11172,#11173,#11174,#11175,#11176,#11177,#11178,#11179,
#11180,#11181,#11182,#11183,#11184,#11185,#11186,#11187,#11188,#11189,#11190,
#11191,#11192,#11193,#11194,#11195,#11196,#11197,#11198),.UNSPECIFIED.,
 .F.,.F.,(4,3,3,3,3,3,3,3,3,3,3,3,3,3,3,4),(-0.000288097520622912,0.,0.00677713500921866,
0.00834175926866768,0.015168246177519,0.0166732082434534,0.0234839954986452,
0.0301020566618432,0.0316809402450327,0.032482542573268,0.0391631867714736,
0.0459147769397181,0.0480128378485898,0.0547751400626293,0.0613695806013196,
0.0632998585909743),.UNSPECIFIED.);
#117=B_SPLINE_CURVE_WITH_KNOTS('',3,(#11235,#11236,#11237,#11238,#11239,
#11240,#11241,#11242,#11243,#11244,#11245,#11246,#11247,#11248,#11249,#11250),
 .UNSPECIFIED.,.F.,.F.,(4,2,2,2,2,2,2,4),(-0.181299819463017,-0.180380193574975,
-0.0957903803721817,-0.0329515407424099,-0.013783762418013,-0.00682125673345136,
-0.00299134098237246,-8.97711335109431E-5),.UNSPECIFIED.);
#118=B_SPLINE_CURVE_WITH_KNOTS('',3,(#11252,#11253,#11254,#11255),
 .UNSPECIFIED.,.F.,.F.,(4,4),(-0.319999999999968,-0.319910316396777),
 .UNSPECIFIED.);
#119=B_SPLINE_CURVE_WITH_KNOTS('',3,(#11257,#11258,#11259,#11260,#11261,
#11262,#11263),.UNSPECIFIED.,.F.,.F.,(4,1,1,1,4),(-2.08088731109938,-1.63523092424553,
-0.978111902646115,-0.320992881046701,7.65046416572813E-8),
 .UNSPECIFIED.);
#120=B_SPLINE_CURVE_WITH_KNOTS('',3,(#11302,#11303,#11304,#11305,#11306,
#11307,#11308),.UNSPECIFIED.,.F.,.F.,(4,1,1,1,4),(-3.89042430041852E-5,
0.445643591772162,1.10276261337174,1.43132212417153,2.08087440081342),
 .UNSPECIFIED.);
#121=B_SPLINE_CURVE_WITH_KNOTS('',3,(#11311,#11312,#11313,#11314,#11315,
#11316,#11317,#11318,#11319,#11320,#11321,#11322,#11323,#11324,#11325,#11326,
#11327,#11328,#11329,#11330,#11331,#11332,#11333,#11334,#11335,#11336,#11337,
#11338,#11339,#11340,#11341,#11342,#11343,#11344,#11345,#11346,#11347,#11348,
#11349,#11350,#11351,#11352,#11353,#11354,#11355,#11356),.UNSPECIFIED.,
 .F.,.F.,(4,3,3,3,3,3,3,3,3,3,3,3,3,3,3,4),(-0.0632996414235439,-0.056727057158733,
-0.0499660316532668,-0.0479225543851853,-0.0411799064787824,-0.0344839009909663,
-0.0323908505486798,-0.0316808039890661,-0.0250796286030473,-0.0182711441496314,
-0.0165797906856625,-0.00975320053181166,-0.00829496913679717,-0.00151806015133838,
0.,0.000288085116720264),.UNSPECIFIED.);
#122=B_SPLINE_CURVE_WITH_KNOTS('',3,(#11357,#11358,#11359,#11360),
 .UNSPECIFIED.,.F.,.F.,(4,4),(0.079910316396777,0.0800000000000007),
 .UNSPECIFIED.);
#123=B_SPLINE_CURVE_WITH_KNOTS('',3,(#11368,#11369,#11370,#11371,#11372,
#11373),.UNSPECIFIED.,.F.,.F.,(4,2,4),(-0.319910316396777,-0.18,-0.0400000000000001),
 .UNSPECIFIED.);
#124=B_SPLINE_CURVE_WITH_KNOTS('',3,(#11403,#11404,#11405,#11406,#11407,
#11408,#11409,#11410,#11411),.UNSPECIFIED.,.F.,.F.,(4,3,2,4),(-0.2,0.,0.06,
0.079910316396777),.UNSPECIFIED.);
#125=B_SPLINE_CURVE_WITH_KNOTS('',3,(#11413,#11414,#11415,#11416),
 .UNSPECIFIED.,.F.,.F.,(4,4),(-0.200183248384814,-0.2),.UNSPECIFIED.);
#126=B_SPLINE_CURVE_WITH_KNOTS('',3,(#11418,#11419,#11420,#11421,#11422,
#11423),.UNSPECIFIED.,.F.,.F.,(4,1,1,4),(-1.6649133098748,-0.885934826024373,
-0.360172061401606,-3.93400845341222E-5),.UNSPECIFIED.);
#127=B_SPLINE_CURVE_WITH_KNOTS('',3,(#11429,#11430,#11431,#11432,#11433,
#11434,#11435,#11436,#11437,#11438,#11439,#11440,#11441,#11442,#11443,#11444),
 .UNSPECIFIED.,.F.,.F.,(4,2,2,2,2,2,2,4),(0.,0.0029963343116837,0.00687668408766714,
0.0140026235384029,0.0334874965522376,0.0954093905134204,0.174527133953542,
0.175419558808266),.UNSPECIFIED.);
#128=B_SPLINE_CURVE_WITH_KNOTS('',3,(#11445,#11446,#11447,#11448,#11449,
#11450,#11451,#11452,#11453,#11454,#11455,#11456,#11457,#11458,#11459,#11460,
#11461,#11462,#11463,#11464,#11465,#11466,#11467,#11468,#11469,#11470,#11471,
#11472,#11473,#11474,#11475,#11476,#11477,#11478,#11479,#11480,#11481,#11482,
#11483,#11484,#11485,#11486,#11487,#11488,#11489,#11490),.UNSPECIFIED.,
 .F.,.F.,(4,3,3,3,3,3,3,3,3,3,3,3,3,3,3,4),(-0.0002880975206144,0.,0.00677727393681409,
0.00834175926867257,0.0151683582722302,0.0166732082434452,0.0234840621949401,
0.0301021404479294,0.0316809402449866,0.0324825425732237,0.0391631649012902,
0.0459147460406302,0.0480128378485115,0.0547751035910616,0.0613695638263965,
0.0632998585908673),.UNSPECIFIED.);
#129=B_SPLINE_CURVE_WITH_KNOTS('',3,(#11527,#11528,#11529,#11530,#11531,
#11532,#11533,#11534,#11535,#11536,#11537,#11538,#11539,#11540,#11541,#11542),
 .UNSPECIFIED.,.F.,.F.,(4,2,2,2,2,2,2,4),(-0.181299819464995,-0.180380193577028,
-0.0957903803738359,-0.0329515407424807,-0.0137837624179699,-0.00682125673343429,
-0.00299134098236925,-8.97711335109708E-5),.UNSPECIFIED.);
#130=B_SPLINE_CURVE_WITH_KNOTS('',3,(#11544,#11545,#11546,#11547),
 .UNSPECIFIED.,.F.,.F.,(4,4),(-0.319999999999969,-0.319910316396777),
 .UNSPECIFIED.);
#131=B_SPLINE_CURVE_WITH_KNOTS('',3,(#11549,#11550,#11551,#11552,#11553,
#11554,#11555),.UNSPECIFIED.,.F.,.F.,(4,1,1,1,4),(-2.08091339269177,-1.63523092424553,
-0.978111902646115,-0.649552391846408,-1.1508603451192E-7),
 .UNSPECIFIED.);
#132=B_SPLINE_CURVE_WITH_KNOTS('',3,(#11594,#11595,#11596,#11597,#11598,
#11599,#11600),.UNSPECIFIED.,.F.,.F.,(4,1,1,1,4),(-1.81102454069327E-5,
0.117084080972373,0.774203102571954,1.43132212417153,2.08087447883025),
 .UNSPECIFIED.);
#133=B_SPLINE_CURVE_WITH_KNOTS('',3,(#11603,#11604,#11605,#11606,#11607,
#11608,#11609,#11610,#11611,#11612,#11613,#11614,#11615,#11616,#11617,#11618,
#11619,#11620,#11621,#11622,#11623,#11624,#11625,#11626,#11627,#11628,#11629,
#11630,#11631,#11632,#11633,#11634,#11635,#11636,#11637,#11638,#11639,#11640,
#11641,#11642,#11643,#11644,#11645,#11646,#11647,#11648),.UNSPECIFIED.,
 .F.,.F.,(4,3,3,3,3,3,3,3,3,3,3,3,3,3,3,4),(-0.0632996414226848,-0.0567270662715553,
-0.0499660397947933,-0.0479225543845379,-0.0411799062041404,-0.0344838993926498,
-0.0323908505482503,-0.0316808039886464,-0.0250796340981793,-0.0182711588562211,
-0.0165797906854559,-0.0097532130283416,-0.00829496913670819,-0.00151807600708328,
0.,0.000288085116633089),.UNSPECIFIED.);
#134=B_SPLINE_CURVE_WITH_KNOTS('',3,(#11649,#11650,#11651,#11652),
 .UNSPECIFIED.,.F.,.F.,(4,4),(0.0799103163967772,0.0800000000000004),
 .UNSPECIFIED.);
#135=B_SPLINE_CURVE_WITH_KNOTS('',3,(#11660,#11661,#11662,#11663,#11664,
#11665),.UNSPECIFIED.,.F.,.F.,(4,2,4),(-0.319910316396777,-0.18,-0.04),
 .UNSPECIFIED.);
#136=B_SPLINE_CURVE_WITH_KNOTS('',3,(#11695,#11696,#11697,#11698,#11699,
#11700,#11701,#11702,#11703),.UNSPECIFIED.,.F.,.F.,(4,3,2,4),(-0.199999999999999,
0.,0.06,0.0799103163967772),.UNSPECIFIED.);
#137=B_SPLINE_CURVE_WITH_KNOTS('',3,(#11705,#11706,#11707,#11708),
 .UNSPECIFIED.,.F.,.F.,(4,4),(-0.200183248384814,-0.199999999999999),
 .UNSPECIFIED.);
#138=B_SPLINE_CURVE_WITH_KNOTS('',3,(#11710,#11711,#11712,#11713,#11714,
#11715),.UNSPECIFIED.,.F.,.F.,(4,1,1,4),(-1.66491350402377,-1.14881620833576,
-0.62305344371299,-4.45257868473018E-5),.UNSPECIFIED.);
#139=B_SPLINE_CURVE_WITH_KNOTS('',3,(#11721,#11722,#11723,#11724,#11725,
#11726,#11727,#11728,#11729,#11730,#11731,#11732,#11733,#11734,#11735,#11736),
 .UNSPECIFIED.,.F.,.F.,(4,2,2,2,2,2,2,4),(0.,0.00299633430855108,0.00687668405725122,
0.0140026233376327,0.033487494641724,0.0954093723843198,0.174527128155597,
0.175419552419076),.UNSPECIFIED.);
#140=B_SPLINE_CURVE_WITH_KNOTS('',3,(#11737,#11738,#11739,#11740,#11741,
#11742,#11743,#11744,#11745,#11746,#11747,#11748,#11749,#11750,#11751,#11752,
#11753,#11754,#11755,#11756,#11757,#11758,#11759,#11760,#11761,#11762,#11763,
#11764,#11765,#11766,#11767,#11768,#11769,#11770,#11771,#11772,#11773,#11774,
#11775,#11776,#11777,#11778,#11779,#11780,#11781,#11782),.UNSPECIFIED.,
 .F.,.F.,(4,3,3,3,3,3,3,3,3,3,3,3,3,3,3,4),(-0.000288097520536432,0.,0.00677725799516612,
0.00834175926874645,0.0151683458047326,0.0166732082435837,0.0234840527872239,
0.0301021256371882,0.0316809402452631,0.0324825425735071,0.0391631661185506,
0.0459147478005516,0.0480128378489381,0.0547751053364304,0.0613695569657118,
0.0632998585914334),.UNSPECIFIED.);
#141=B_SPLINE_CURVE_WITH_KNOTS('',3,(#11819,#11820,#11821,#11822,#11823,
#11824,#11825,#11826,#11827,#11828,#11829,#11830,#11831,#11832,#11833,#11834),
 .UNSPECIFIED.,.F.,.F.,(4,2,2,2,2,2,2,4),(-0.181299819461855,-0.18038019357389,
-0.0957903803720593,-0.0329515407423437,-0.013783762417991,-0.00682125673343719,
-0.00299134098236922,-8.97711335107268E-5),.UNSPECIFIED.);
#142=B_SPLINE_CURVE_WITH_KNOTS('',3,(#11836,#11837,#11838,#11839),
 .UNSPECIFIED.,.F.,.F.,(4,4),(-0.319999999999969,-0.319910316396777),
 .UNSPECIFIED.);
#143=B_SPLINE_CURVE_WITH_KNOTS('',3,(#11841,#11842,#11843,#11844,#11845,
#11846,#11847),.UNSPECIFIED.,.F.,.F.,(4,1,1,1,4),(-2.08089265465273,-1.96379043504524,
-1.30667141344582,-0.649552391846408,-3.7179577161197E-8),.UNSPECIFIED.);
#144=B_SPLINE_CURVE_WITH_KNOTS('',3,(#11886,#11887,#11888,#11889,#11890,
#11891,#11892),.UNSPECIFIED.,.F.,.F.,(4,1,1,1,4),(-3.89042430039035E-5,
0.445643591772163,1.10276261337174,1.43132212417153,2.08087440081342),
 .UNSPECIFIED.);
#145=B_SPLINE_CURVE_WITH_KNOTS('',3,(#11895,#11896,#11897,#11898,#11899,
#11900,#11901,#11902,#11903,#11904,#11905,#11906,#11907,#11908,#11909,#11910,
#11911,#11912,#11913,#11914,#11915,#11916,#11917,#11918,#11919,#11920,#11921,
#11922,#11923,#11924,#11925,#11926,#11927,#11928,#11929,#11930,#11931,#11932,
#11933,#11934,#11935,#11936,#11937,#11938,#11939,#11940),.UNSPECIFIED.,
 .F.,.F.,(4,3,3,3,3,3,3,3,3,3,3,3,3,3,3,4),(-0.0632996413703018,-0.0567270571054912,
-0.0499660316000301,-0.0479225543326356,-0.0411799064262548,-0.034483900938444,
-0.032390850498466,-0.0316808039358431,-0.0250796285496862,-0.0182711440961853,
-0.0165797906381261,-0.00975320048453116,-0.00829496911270235,-0.00151806019964973,
0.,0.000288085169803177),.UNSPECIFIED.);
#146=B_SPLINE_CURVE_WITH_KNOTS('',3,(#11941,#11942,#11943,#11944),
 .UNSPECIFIED.,.F.,.F.,(4,4),(0.079910316396777,0.0800000000000003),
 .UNSPECIFIED.);
#147=B_SPLINE_CURVE_WITH_KNOTS('',3,(#11952,#11953,#11954,#11955,#11956,
#11957),.UNSPECIFIED.,.F.,.F.,(4,2,4),(-0.319910316396777,-0.18,-0.04),
 .UNSPECIFIED.);
#148=B_SPLINE_CURVE_WITH_KNOTS('',3,(#11987,#11988,#11989,#11990,#11991,
#11992,#11993,#11994,#11995),.UNSPECIFIED.,.F.,.F.,(4,3,2,4),(-0.199999999999999,
0.,0.06,0.079910316396777),.UNSPECIFIED.);
#149=B_SPLINE_CURVE_WITH_KNOTS('',3,(#11997,#11998,#11999,#12000),
 .UNSPECIFIED.,.F.,.F.,(4,4),(-0.200183248385182,-0.199999999999999),
 .UNSPECIFIED.);
#150=B_SPLINE_CURVE_WITH_KNOTS('',3,(#12002,#12003,#12004,#12005,#12006,
#12007),.UNSPECIFIED.,.F.,.F.,(4,1,1,4),(-1.66491350402377,-1.14881620833592,
-0.623053443713309,-4.45257868471298E-5),.UNSPECIFIED.);
#151=B_SPLINE_CURVE_WITH_KNOTS('',3,(#12011,#12012,#12013,#12014,#12015,
#12016,#12017,#12018,#12019,#12020,#12021,#12022,#12023,#12024,#12025,#12026,
#12027,#12028,#12029,#12030,#12031,#12032,#12033,#12034,#12035,#12036,#12037,
#12038,#12039,#12040,#12041,#12042,#12043,#12044,#12045,#12046,#12047,#12048,
#12049,#12050,#12051,#12052,#12053,#12054,#12055,#12056),.UNSPECIFIED.,
 .F.,.F.,(4,3,3,3,3,3,3,3,3,3,3,3,3,3,3,4),(-0.000288097528405457,0.,0.00677725794007309,
0.00834175926522578,0.015168345800657,0.0166732082366802,0.0234840527802771,
0.0301021256302154,0.0316809402376514,0.0324825425663438,0.0391631661114604,
0.0459147477935278,0.0480128378415646,0.0547751053291406,0.0613695569585025,
0.0632998585840899),.UNSPECIFIED.);
#152=B_SPLINE_CURVE_WITH_KNOTS('',3,(#12059,#12060,#12061,#12062,#12063,
#12064,#12065,#12066,#12067,#12068,#12069,#12070,#12071,#12072,#12073,#12074),
 .UNSPECIFIED.,.F.,.F.,(4,2,2,2,2,2,2,4),(0.,0.00299633430329229,0.00687668400618533,
0.0140026230005093,0.0334874914335948,0.0954093419413988,0.174527118489285,
0.175419541761293),.UNSPECIFIED.);
#153=B_SPLINE_CURVE_WITH_KNOTS('',3,(#12112,#12113,#12114,#12115,#12116,
#12117,#12118),.UNSPECIFIED.,.F.,.F.,(4,1,1,1,4),(-2.08089265465273,-1.96379043504524,
-1.30667141344582,-0.649552391846408,-3.71795773415732E-8),
 .UNSPECIFIED.);
#154=B_SPLINE_CURVE_WITH_KNOTS('',3,(#12121,#12122,#12123,#12124,#12125,
#12126,#12127,#12128,#12129,#12130,#12131,#12132,#12133,#12134,#12135,#12136),
 .UNSPECIFIED.,.F.,.F.,(4,2,2,2,2,2,2,4),(-0.181299818209655,-0.180380192413465,
-0.0957903776577717,-0.0329515404690267,-0.0137837623901126,-0.00682125672922571,
-0.00299134098196938,-8.9771133511138E-5),.UNSPECIFIED.);
#155=B_SPLINE_CURVE_WITH_KNOTS('',3,(#12137,#12138,#12139,#12140),
 .UNSPECIFIED.,.F.,.F.,(4,4),(-0.319999999999969,-0.319910316396777),
 .UNSPECIFIED.);
#156=B_SPLINE_CURVE_WITH_KNOTS('',3,(#12144,#12145,#12146,#12147,#12148,
#12149,#12150,#12151,#12152,#12153,#12154,#12155,#12156,#12157,#12158,#12159,
#12160,#12161,#12162,#12163,#12164,#12165,#12166,#12167,#12168,#12169,#12170,
#12171,#12172,#12173,#12174,#12175,#12176,#12177,#12178,#12179,#12180,#12181,
#12182,#12183,#12184,#12185,#12186,#12187,#12188,#12189),.UNSPECIFIED.,
 .F.,.F.,(4,3,3,3,3,3,3,3,3,3,3,3,3,3,3,4),(-0.0632996412806677,-0.0567270787827537,
-0.0499660211955325,-0.0479225542442247,-0.0411798994144098,-0.0344838720447034,
-0.0323908504140324,-0.0316808038463614,-0.025079645379993,-0.018271224759725,
-0.0165797905582472,-0.00975331293703558,-0.00829496907225392,-0.00151819914919128,
0.,0.000288085258947235),.UNSPECIFIED.);
#157=B_SPLINE_CURVE_WITH_KNOTS('',3,(#12226,#12227,#12228,#12229),
 .UNSPECIFIED.,.F.,.F.,(4,4),(0.0799103163967774,0.0800000000000005),
 .UNSPECIFIED.);
#158=B_SPLINE_CURVE_WITH_KNOTS('',3,(#12231,#12232,#12233,#12234,#12235,
#12236,#12237),.UNSPECIFIED.,.F.,.F.,(4,1,1,1,4),(-1.28267199901205E-5,
0.445643591772162,1.10276261337174,1.75988163497132,2.08087459248047),
 .UNSPECIFIED.);
#159=B_SPLINE_CURVE_WITH_KNOTS('',3,(#12244,#12245,#12246,#12247,#12248,
#12249,#12250,#12251,#12252),.UNSPECIFIED.,.F.,.F.,(4,3,2,4),(-0.200000000000001,
0.,0.0599999999999998,0.0799103163967774),.UNSPECIFIED.);
#160=B_SPLINE_CURVE_WITH_KNOTS('',3,(#12282,#12283,#12284,#12285,#12286,
#12287),.UNSPECIFIED.,.F.,.F.,(4,2,4),(-0.319910316396777,-0.18,-0.0400000000000005),
 .UNSPECIFIED.);
#161=B_SPLINE_CURVE_WITH_KNOTS('',3,(#12289,#12290,#12291,#12292),
 .UNSPECIFIED.,.F.,.F.,(4,4),(-0.0400000000000005,-0.039816751614818),
 .UNSPECIFIED.);
#162=B_SPLINE_CURVE_WITH_KNOTS('',3,(#12294,#12295,#12296,#12297,#12298,
#12299),.UNSPECIFIED.,.F.,.F.,(4,1,1,4),(5.01502138135389E-7,0.778978985327082,
1.3047417499492,1.66487446988148),.UNSPECIFIED.);
#163=B_SPLINE_CURVE_WITH_KNOTS('',3,(#12324,#12325,#12326,#12327,#12328,
#12329),.UNSPECIFIED.,.F.,.F.,(4,1,1,4),(-0.165590703221161,0.360172061401606,
0.885934826024373,1.67457897295852),.UNSPECIFIED.);
#164=B_SPLINE_CURVE_WITH_KNOTS('',3,(#12333,#12334,#12335,#12336,#12337,
#12338),.UNSPECIFIED.,.F.,.F.,(4,1,1,4),(-1.58590665536702,-1.30474174994882,
-0.778978985326332,0.00966516160740716),.UNSPECIFIED.);
#165=B_SPLINE_CURVE_WITH_KNOTS('',3,(#12342,#12343,#12344,#12345,#12346,
#12347),.UNSPECIFIED.,.F.,.F.,(4,1,1,4),(-0.165590703221162,0.360172061401606,
0.885934826024373,1.36412091725878),.UNSPECIFIED.);
#166=B_SPLINE_CURVE_WITH_KNOTS('',3,(#12354,#12355,#12356,#12357,#12358,
#12359),.UNSPECIFIED.,.F.,.F.,(4,1,1,4),(-1.83050451457132,-1.3047417499492,
-0.778978985327082,0.009665161606096),.UNSPECIFIED.);
#167=B_SPLINE_CURVE_WITH_KNOTS('',3,(#12362,#12363,#12364,#12365),
 .UNSPECIFIED.,.F.,.F.,(4,4),(1.36412091725878,1.67457897295852),
 .UNSPECIFIED.);
#168=B_SPLINE_CURVE_WITH_KNOTS('',3,(#12367,#12368,#12369,#12370),
 .UNSPECIFIED.,.F.,.F.,(4,4),(-1.83050451457132,-1.58590665536702),
 .UNSPECIFIED.);
#169=B_SPLINE_CURVE_WITH_KNOTS('',3,(#12374,#12375,#12376,#12377,#12378,
#12379),.UNSPECIFIED.,.F.,.F.,(4,1,1,4),(-0.165590703221161,0.62305344371299,
1.14881620833576,1.67457897295852),.UNSPECIFIED.);
#170=B_SPLINE_CURVE_WITH_KNOTS('',3,(#12383,#12384,#12385,#12386,#12387,
#12388),.UNSPECIFIED.,.F.,.F.,(4,1,1,4),(-1.83050451457132,-1.30474174994884,
-0.778978985326365,0.00966516160734957),.UNSPECIFIED.);
#171=B_SPLINE_CURVE_WITH_KNOTS('',3,(#12392,#12393,#12394,#12395,#12396,
#12397),.UNSPECIFIED.,.F.,.F.,(4,1,1,4),(-1.83050451457132,-1.04186036763814,
-0.516097603016022,0.0096651616060961),.UNSPECIFIED.);
#172=B_SPLINE_CURVE_WITH_KNOTS('',3,(#12401,#12402,#12403,#12404,#12405,
#12406),.UNSPECIFIED.,.F.,.F.,(4,1,1,4),(-0.165590703220603,0.623053443713309,
1.14881620833592,1.67457897295852),.UNSPECIFIED.);
#173=B_SPLINE_CURVE_WITH_KNOTS('',3,(#12439,#12440,#12441,#12442,#12443,
#12444,#12445,#12446,#12447,#12448,#12449,#12450,#12451,#12452,#12453,#12454,
#12455,#12456,#12457,#12458,#12459,#12460,#12461,#12462,#12463,#12464,#12465,
#12466,#12467,#12468,#12469,#12470,#12471,#12472,#12473,#12474,#12475,#12476,
#12477,#12478,#12479,#12480,#12481),.UNSPECIFIED.,.F.,.F.,(4,3,3,3,3,3,
3,3,3,3,3,3,3,3,4),(-0.0636597128610739,-0.0633689349928582,-0.05654334058206,
-0.0496025420008253,-0.0484904376983749,-0.0416111447316192,-0.0349604101928487,
-0.0337154437058152,-0.0315266129764751,-0.0247211779407979,-0.0182162417964815,
-0.0114504397489511,-0.00485218262569439,-0.00297987753195572,0.),
 .UNSPECIFIED.);
#174=B_SPLINE_CURVE_WITH_KNOTS('',3,(#12483,#12484,#12485,#12486,#12487,
#12488),.UNSPECIFIED.,.F.,.F.,(4,1,1,4),(-1.6649133098748,-0.885934826024373,
-0.360172061401606,-3.93400845339382E-5),.UNSPECIFIED.);
#175=B_SPLINE_CURVE_WITH_KNOTS('',3,(#12489,#12490,#12491,#12492,#12493,
#12494,#12495,#12496,#12497,#12498,#12499,#12500,#12501,#12502),
 .UNSPECIFIED.,.F.,.F.,(4,2,2,2,2,2,4),(-0.720148801141053,-0.678319235410898,
-0.623437864502477,-0.521328707754442,-0.263891765468025,0.,0.00115515646307399),
 .UNSPECIFIED.);
#176=B_SPLINE_CURVE_WITH_KNOTS('',3,(#12504,#12505,#12506,#12507,#12508,
#12509,#12510,#12511,#12512,#12513,#12514,#12515,#12516,#12517),
 .UNSPECIFIED.,.F.,.F.,(4,2,2,2,2,2,4),(-0.00115500475246153,0.,0.263894954216023,
0.521326497353109,0.623435482401233,0.678317093359296,0.720146930704555),
 .UNSPECIFIED.);
#177=B_SPLINE_CURVE_WITH_KNOTS('',3,(#12551,#12552,#12553,#12554,#12555,
#12556,#12557,#12558,#12559,#12560,#12561,#12562,#12563,#12564,#12565,#12566,
#12567,#12568,#12569,#12570,#12571,#12572,#12573,#12574,#12575,#12576,#12577,
#12578,#12579,#12580,#12581,#12582,#12583,#12584,#12585,#12586,#12587,#12588,
#12589,#12590,#12591,#12592,#12593),.UNSPECIFIED.,.F.,.F.,(4,3,3,3,3,3,
3,3,3,3,3,3,3,3,4),(-0.0636590200938832,-0.0633682306713397,-0.0565426280363104,
-0.049601698506867,-0.0485421287771559,-0.0416622651193254,-0.0350095679948824,
-0.0338186025121909,-0.0315263730314291,-0.0247205982621768,-0.0183166901950161,
-0.0115507491207344,-0.00495126698025425,-0.00307968962533693,0.),
 .UNSPECIFIED.);
#178=B_SPLINE_CURVE_WITH_KNOTS('',3,(#12595,#12596,#12597,#12598),
 .UNSPECIFIED.,.F.,.F.,(4,4),(-0.200183248384815,-0.200000000000001),
 .UNSPECIFIED.);
#179=B_SPLINE_CURVE_WITH_KNOTS('',3,(#12630,#12631,#12632,#12633,#12634,
#12635,#12636,#12637,#12638,#12639,#12640,#12641,#12642,#12643,#12644,#12645,
#12646,#12647,#12648,#12649,#12650,#12651,#12652,#12653,#12654,#12655,#12656,
#12657,#12658,#12659,#12660,#12661,#12662,#12663,#12664,#12665,#12666,#12667,
#12668,#12669,#12670,#12671,#12672),.UNSPECIFIED.,.F.,.F.,(4,3,3,3,3,3,
3,3,3,3,3,3,3,3,4),(-0.0636590200944268,-0.0633682306712705,-0.0565426280307127,
-0.0496016984960751,-0.0485421287771053,-0.0416622651193304,-0.0350095679949331,
-0.0338186025121575,-0.0315263730313975,-0.0247205982621522,-0.0183166901949986,
-0.0115507491207089,-0.00495126698022462,-0.00307968962533607,0.),
 .UNSPECIFIED.);
#180=B_SPLINE_CURVE_WITH_KNOTS('',3,(#12674,#12675,#12676,#12677,#12678,
#12679),.UNSPECIFIED.,.F.,.F.,(4,1,1,4),(5.01502138336444E-7,0.778978985326332,
1.30474174994882,1.66487446988148),.UNSPECIFIED.);
#181=B_SPLINE_CURVE_WITH_KNOTS('',3,(#12680,#12681,#12682,#12683,#12684,
#12685,#12686,#12687,#12688,#12689,#12690,#12691,#12692,#12693),
 .UNSPECIFIED.,.F.,.F.,(4,2,2,2,2,2,4),(-0.00115500475229146,0.,0.263894954247694,
0.52132649778488,0.623435482991772,0.678317094035138,0.720146931445502),
 .UNSPECIFIED.);
#182=B_SPLINE_CURVE_WITH_KNOTS('',3,(#12724,#12725,#12726,#12727,#12728,
#12729,#12730,#12731,#12732,#12733,#12734,#12735,#12736,#12737),
 .UNSPECIFIED.,.F.,.F.,(4,2,2,2,2,2,4),(-0.72014880156333,-0.678319235796005,
-0.623437864838836,-0.521328708000174,-0.263891765485905,0.,0.00115515646351635),
 .UNSPECIFIED.);
#183=B_SPLINE_CURVE_WITH_KNOTS('',3,(#12738,#12739,#12740,#12741,#12742,
#12743,#12744,#12745,#12746,#12747,#12748,#12749,#12750,#12751,#12752,#12753,
#12754,#12755,#12756,#12757,#12758,#12759,#12760,#12761,#12762,#12763,#12764,
#12765,#12766,#12767,#12768,#12769,#12770,#12771,#12772,#12773,#12774,#12775,
#12776,#12777,#12778,#12779,#12780),.UNSPECIFIED.,.F.,.F.,(4,3,3,3,3,3,
3,3,3,3,3,3,3,3,4),(-0.0636597128609094,-0.0633689349926826,-0.0565433405879223,
-0.0496025420123528,-0.0484904376988028,-0.041611144732078,-0.0349604101933269,
-0.0337154437068149,-0.0315266129764047,-0.0247211779407582,-0.0182162417974884,
-0.0114504397499951,-0.00485218262676078,-0.00297987753299053,0.),
 .UNSPECIFIED.);
#184=B_SPLINE_CURVE_WITH_KNOTS('',3,(#12786,#12787,#12788,#12789),
 .UNSPECIFIED.,.F.,.F.,(4,4),(-0.0400000000000001,-0.0398167516151855),
 .UNSPECIFIED.);
#185=B_SPLINE_CURVE_WITH_KNOTS('',3,(#12820,#12821,#12822,#12823,#12824,
#12825,#12826,#12827,#12828,#12829,#12830,#12831,#12832,#12833),
 .UNSPECIFIED.,.F.,.F.,(4,2,2,2,2,2,4),(-0.720148807405832,-0.678319241121154,
-0.623437869486411,-0.521328711393871,-0.263891765771933,0.,0.0011551564620194),
 .UNSPECIFIED.);
#186=B_SPLINE_CURVE_WITH_KNOTS('',3,(#12834,#12835,#12836,#12837,#12838,
#12839,#12840,#12841,#12842,#12843,#12844,#12845,#12846,#12847,#12848,#12849,
#12850,#12851,#12852,#12853,#12854,#12855,#12856,#12857,#12858,#12859,#12860,
#12861,#12862,#12863,#12864,#12865,#12866,#12867,#12868,#12869,#12870,#12871,
#12872,#12873,#12874,#12875,#12876),.UNSPECIFIED.,.F.,.F.,(4,3,3,3,3,3,
3,3,3,3,3,3,3,3,4),(-0.0636597128537937,-0.0633689349854761,-0.0565430669312764,
-0.0496019934462289,-0.0484904382727253,-0.0416109665359339,-0.0349601617677781,
-0.0337154448515823,-0.031526612974065,-0.0247212249326357,-0.0182162429120884,
-0.0114505552432523,-0.00485230860272408,-0.0029798786404704,0.),
 .UNSPECIFIED.);
#187=B_SPLINE_CURVE_WITH_KNOTS('',3,(#12882,#12883,#12884,#12885,#12886,
#12887,#12888,#12889,#12890,#12891,#12892,#12893,#12894,#12895,#12896,#12897,
#12898,#12899,#12900,#12901,#12902,#12903,#12904,#12905,#12906,#12907,#12908,
#12909,#12910,#12911,#12912,#12913,#12914,#12915,#12916,#12917,#12918,#12919,
#12920,#12921,#12922,#12923,#12924),.UNSPECIFIED.,.F.,.F.,(4,3,3,3,3,3,
3,3,3,3,3,3,3,3,4),(0.,0.00654257634897428,0.0132995216673038,0.0152246786019878,
0.0219619270012224,0.028719528834335,0.030648064086091,0.031530519010408,
0.0381234838862064,0.044976480897929,0.0465328797324971,0.0534554241239298,
0.0603080089646676,0.0633932271608024,0.0636839871587121),.UNSPECIFIED.);
#188=B_SPLINE_CURVE_WITH_KNOTS('',3,(#12927,#12928,#12929,#12930,#12931,
#12932,#12933,#12934,#12935,#12936,#12937,#12938,#12939,#12940),
 .UNSPECIFIED.,.F.,.F.,(4,2,2,2,2,2,4),(-0.00115500475298876,0.,0.263894954529811,
0.521326501620475,0.623435488236721,0.678317100037732,0.720146938025443),
 .UNSPECIFIED.);
#189=B_SPLINE_CURVE_WITH_KNOTS('',3,(#12941,#12942,#12943,#12944),
 .UNSPECIFIED.,.F.,.F.,(4,4),(-0.04,-0.0398167516148172),.UNSPECIFIED.);
#190=B_SPLINE_CURVE_WITH_KNOTS('',3,(#12975,#12976,#12977,#12978,#12979,
#12980),.UNSPECIFIED.,.F.,.F.,(4,1,1,4),(5.01502138102639E-7,0.778978985326365,
1.30474174994884,1.66487446988148),.UNSPECIFIED.);
#191=B_SPLINE_CURVE_WITH_KNOTS('',3,(#13014,#13015,#13016,#13017,#13018,
#13019,#13020,#13021,#13022,#13023,#13024,#13025,#13026,#13027,#13028,#13029,
#13030,#13031,#13032,#13033,#13034,#13035,#13036,#13037,#13038,#13039,#13040,
#13041,#13042,#13043,#13044,#13045,#13046,#13047,#13048,#13049,#13050,#13051,
#13052,#13053,#13054,#13055,#13056),.UNSPECIFIED.,.F.,.F.,(4,3,3,3,3,3,
3,3,3,3,3,3,3,3,4),(-0.0636591733209772,-0.0633683864948419,-0.0565425130186323,
-0.049601337063076,-0.0485306428555914,-0.041650725860518,-0.0349983919198141,
-0.0337956806272136,-0.0315264268793643,-0.0247207739130337,-0.0182943714059109,
-0.0115285752869854,-0.00492937730463387,-0.00305751357334958,0.),
 .UNSPECIFIED.);
#192=B_SPLINE_CURVE_WITH_KNOTS('',3,(#13058,#13059,#13060,#13061,#13062,
#13063),.UNSPECIFIED.,.F.,.F.,(4,1,1,4),(3.07335047801186E-7,0.516097603016022,
1.04186036763814,1.66486928250035),.UNSPECIFIED.);
#193=B_SPLINE_CURVE_WITH_KNOTS('',3,(#13064,#13065,#13066,#13067,#13068,
#13069,#13070,#13071,#13072,#13073,#13074,#13075,#13076,#13077),
 .UNSPECIFIED.,.F.,.F.,(4,2,2,2,2,2,4),(-0.00115503888319282,0.,0.263894236800083,
0.521326995591124,0.623436019607263,0.678317576730268,0.720147353094728),
 .UNSPECIFIED.);
#194=B_SPLINE_CURVE_WITH_KNOTS('',3,(#13079,#13080,#13081,#13082,#13083,
#13084,#13085,#13086,#13087,#13088,#13089,#13090,#13091,#13092),
 .UNSPECIFIED.,.F.,.F.,(4,2,2,2,2,2,4),(-0.00115518576882318,0.,0.26389114949762,
0.521329133897376,0.623438323504629,0.678319647887307,0.720149161034498),
 .UNSPECIFIED.);
#195=B_SPLINE_CURVE_WITH_KNOTS('',3,(#13126,#13127,#13128,#13129,#13130,
#13131,#13132,#13133,#13134,#13135,#13136,#13137,#13138,#13139,#13140,#13141,
#13142,#13143,#13144,#13145,#13146,#13147,#13148,#13149,#13150,#13151,#13152,
#13153,#13154,#13155,#13156,#13157,#13158,#13159,#13160,#13161,#13162,#13163,
#13164,#13165,#13166,#13167,#13168),.UNSPECIFIED.,.F.,.F.,(4,3,3,3,3,3,
3,3,3,3,3,3,3,3,4),(-0.0636598502817452,-0.0633690746501997,-0.056543209201202,
-0.0496021614793624,-0.0484802558738613,-0.0416008967605396,-0.0349504771844117,
-0.0336951236042903,-0.0315266595036045,-0.024721338723012,-0.0181964544345716,
-0.0114307945270883,-0.00483278999101496,-0.0029602136658257,0.),
 .UNSPECIFIED.);
#196=B_SPLINE_CURVE_WITH_KNOTS('',3,(#13170,#13171,#13172,#13173),
 .UNSPECIFIED.,.F.,.F.,(4,4),(-0.04,-0.0398167516151856),.UNSPECIFIED.);
#197=B_SPLINE_SURFACE_WITH_KNOTS('',3,3,((#5790,#5791,#5792,#5793,#5794,
#5795,#5796),(#5797,#5798,#5799,#5800,#5801,#5802,#5803),(#5804,#5805,#5806,
#5807,#5808,#5809,#5810),(#5811,#5812,#5813,#5814,#5815,#5816,#5817),(#5818,
#5819,#5820,#5821,#5822,#5823,#5824),(#5825,#5826,#5827,#5828,#5829,#5830,
#5831)),.UNSPECIFIED.,.F.,.F.,.F.,(4,1,1,4),(4,1,1,1,4),(0.,0.285714285714286,
0.571428571428571,1.),(-3.14159265358979,-2.24399475256414,-0.448798950512828,
1.34639685153848,3.14159265358979),.UNSPECIFIED.);
#198=B_SPLINE_SURFACE_WITH_KNOTS('',3,3,((#5855,#5856,#5857,#5858,#5859,
#5860,#5861),(#5862,#5863,#5864,#5865,#5866,#5867,#5868),(#5869,#5870,#5871,
#5872,#5873,#5874,#5875),(#5876,#5877,#5878,#5879,#5880,#5881,#5882),(#5883,
#5884,#5885,#5886,#5887,#5888,#5889),(#5890,#5891,#5892,#5893,#5894,#5895,
#5896)),.UNSPECIFIED.,.F.,.F.,.F.,(4,1,1,4),(4,1,1,1,4),(0.,0.285714285714286,
0.571428571428571,1.),(-3.14159265358979,-1.34639685153848,0.448798950512829,
2.24399475256414,3.14159265358979),.UNSPECIFIED.);
#199=B_SPLINE_SURFACE_WITH_KNOTS('',3,3,((#5916,#5917,#5918,#5919,#5920,
#5921,#5922,#5923,#5924,#5925,#5926,#5927,#5928,#5929,#5930,#5931,#5932,
#5933,#5934,#5935,#5936,#5937,#5938,#5939,#5940,#5941,#5942,#5943,#5944),
(#5945,#5946,#5947,#5948,#5949,#5950,#5951,#5952,#5953,#5954,#5955,#5956,
#5957,#5958,#5959,#5960,#5961,#5962,#5963,#5964,#5965,#5966,#5967,#5968,
#5969,#5970,#5971,#5972,#5973),(#5974,#5975,#5976,#5977,#5978,#5979,#5980,
#5981,#5982,#5983,#5984,#5985,#5986,#5987,#5988,#5989,#5990,#5991,#5992,
#5993,#5994,#5995,#5996,#5997,#5998,#5999,#6000,#6001,#6002),(#6003,#6004,
#6005,#6006,#6007,#6008,#6009,#6010,#6011,#6012,#6013,#6014,#6015,#6016,
#6017,#6018,#6019,#6020,#6021,#6022,#6023,#6024,#6025,#6026,#6027,#6028,
#6029,#6030,#6031),(#6032,#6033,#6034,#6035,#6036,#6037,#6038,#6039,#6040,
#6041,#6042,#6043,#6044,#6045,#6046,#6047,#6048,#6049,#6050,#6051,#6052,
#6053,#6054,#6055,#6056,#6057,#6058,#6059,#6060)),.UNSPECIFIED.,.F.,.T.,
 .F.,(4,1,4),(4,1,1,1,1,1,1,1,1,1,1,1,1,1,1,1,1,1,1,1,1,1,1,1,1,1,4),(0.,
0.571428571428571,1.),(-3.14159265358979,-3.02939291596159,-2.91719317833338,
-2.69279370307697,-2.46839422782055,-2.24399475256414,-1.79519580205131,
-1.34639685153848,-1.0471975511966,-0.747998250854713,-0.448798950512828,
-0.299199300341885,-0.149599650170943,2.77555756156289E-17,0.149599650170943,
0.299199300341885,0.448798950512828,0.747998250854713,1.34639685153848,
1.49599650170943,1.64559615188037,2.24399475256414,2.46839422782055,2.69279370307697,
2.91719317833338,3.02939291596159,3.14159265358979),.UNSPECIFIED.);
#200=B_SPLINE_SURFACE_WITH_KNOTS('',3,3,((#6161,#6162,#6163,#6164,#6165,
#6166,#6167,#6168,#6169,#6170,#6171,#6172,#6173,#6174,#6175,#6176,#6177,
#6178,#6179,#6180,#6181,#6182,#6183,#6184,#6185,#6186,#6187,#6188,#6189),
(#6190,#6191,#6192,#6193,#6194,#6195,#6196,#6197,#6198,#6199,#6200,#6201,
#6202,#6203,#6204,#6205,#6206,#6207,#6208,#6209,#6210,#6211,#6212,#6213,
#6214,#6215,#6216,#6217,#6218),(#6219,#6220,#6221,#6222,#6223,#6224,#6225,
#6226,#6227,#6228,#6229,#6230,#6231,#6232,#6233,#6234,#6235,#6236,#6237,
#6238,#6239,#6240,#6241,#6242,#6243,#6244,#6245,#6246,#6247),(#6248,#6249,
#6250,#6251,#6252,#6253,#6254,#6255,#6256,#6257,#6258,#6259,#6260,#6261,
#6262,#6263,#6264,#6265,#6266,#6267,#6268,#6269,#6270,#6271,#6272,#6273,
#6274,#6275,#6276),(#6277,#6278,#6279,#6280,#6281,#6282,#6283,#6284,#6285,
#6286,#6287,#6288,#6289,#6290,#6291,#6292,#6293,#6294,#6295,#6296,#6297,
#6298,#6299,#6300,#6301,#6302,#6303,#6304,#6305)),.UNSPECIFIED.,.F.,.T.,
 .F.,(4,1,4),(4,1,1,1,1,1,1,1,1,1,1,1,1,1,1,1,1,1,1,1,1,1,1,1,1,1,4),(0.,
0.571428571428571,1.),(-3.14159265358979,-3.02939291596159,-2.91719317833338,
-2.69279370307697,-2.46839422782055,-2.24399475256414,-1.79519580205131,
-1.34639685153848,-1.0471975511966,-0.747998250854713,-0.448798950512828,
-0.299199300341885,-0.149599650170943,2.77555756156289E-17,0.149599650170943,
0.299199300341885,0.448798950512828,0.747998250854713,1.34639685153848,
1.49599650170943,1.64559615188037,2.24399475256414,2.46839422782055,2.69279370307697,
2.91719317833338,3.02939291596159,3.14159265358979),.UNSPECIFIED.);
#201=B_SPLINE_SURFACE_WITH_KNOTS('',3,3,((#6556,#6557,#6558,#6559,#6560,
#6561,#6562,#6563,#6564,#6565,#6566,#6567,#6568,#6569,#6570),(#6571,#6572,
#6573,#6574,#6575,#6576,#6577,#6578,#6579,#6580,#6581,#6582,#6583,#6584,
#6585),(#6586,#6587,#6588,#6589,#6590,#6591,#6592,#6593,#6594,#6595,#6596,
#6597,#6598,#6599,#6600),(#6601,#6602,#6603,#6604,#6605,#6606,#6607,#6608,
#6609,#6610,#6611,#6612,#6613,#6614,#6615),(#6616,#6617,#6618,#6619,#6620,
#6621,#6622,#6623,#6624,#6625,#6626,#6627,#6628,#6629,#6630),(#6631,#6632,
#6633,#6634,#6635,#6636,#6637,#6638,#6639,#6640,#6641,#6642,#6643,#6644,
#6645),(#6646,#6647,#6648,#6649,#6650,#6651,#6652,#6653,#6654,#6655,#6656,
#6657,#6658,#6659,#6660),(#6661,#6662,#6663,#6664,#6665,#6666,#6667,#6668,
#6669,#6670,#6671,#6672,#6673,#6674,#6675),(#6676,#6677,#6678,#6679,#6680,
#6681,#6682,#6683,#6684,#6685,#6686,#6687,#6688,#6689,#6690)),
 .UNSPECIFIED.,.F.,.F.,.F.,(4,1,1,1,1,1,4),(4,1,1,1,1,1,1,1,1,1,1,1,4),
(0.,0.166666666666667,0.333333333333333,0.5,0.666666666666667,0.833333333333333,
1.),(0.,0.0833333333333333,0.166666666666667,0.25,0.333333333333333,0.416666666666667,
0.5,0.583333333333333,0.666666666666667,0.75,0.833333333333333,0.916666666666667,
1.),.UNSPECIFIED.);
#202=B_SPLINE_SURFACE_WITH_KNOTS('',3,3,((#6817,#6818,#6819,#6820,#6821,
#6822,#6823,#6824,#6825),(#6826,#6827,#6828,#6829,#6830,#6831,#6832,#6833,
#6834),(#6835,#6836,#6837,#6838,#6839,#6840,#6841,#6842,#6843),(#6844,#6845,
#6846,#6847,#6848,#6849,#6850,#6851,#6852),(#6853,#6854,#6855,#6856,#6857,
#6858,#6859,#6860,#6861),(#6862,#6863,#6864,#6865,#6866,#6867,#6868,#6869,
#6870),(#6871,#6872,#6873,#6874,#6875,#6876,#6877,#6878,#6879),(#6880,#6881,
#6882,#6883,#6884,#6885,#6886,#6887,#6888),(#6889,#6890,#6891,#6892,#6893,
#6894,#6895,#6896,#6897),(#6898,#6899,#6900,#6901,#6902,#6903,#6904,#6905,
#6906),(#6907,#6908,#6909,#6910,#6911,#6912,#6913,#6914,#6915),(#6916,#6917,
#6918,#6919,#6920,#6921,#6922,#6923,#6924),(#6925,#6926,#6927,#6928,#6929,
#6930,#6931,#6932,#6933),(#6934,#6935,#6936,#6937,#6938,#6939,#6940,#6941,
#6942),(#6943,#6944,#6945,#6946,#6947,#6948,#6949,#6950,#6951)),
 .UNSPECIFIED.,.F.,.F.,.F.,(4,1,1,1,1,1,1,1,1,1,1,1,4),(4,1,1,1,1,1,4),
(0.,0.0833333333333333,0.166666666666667,0.25,0.333333333333333,0.416666666666667,
0.5,0.583333333333333,0.666666666666667,0.75,0.833333333333333,0.916666666666667,
1.),(0.,0.166666666666667,0.333333333333333,0.5,0.666666666666667,0.833333333333333,
1.),.UNSPECIFIED.);
#203=B_SPLINE_SURFACE_WITH_KNOTS('',3,3,((#7067,#7068,#7069,#7070,#7071,
#7072,#7073,#7074,#7075,#7076,#7077,#7078,#7079,#7080,#7081),(#7082,#7083,
#7084,#7085,#7086,#7087,#7088,#7089,#7090,#7091,#7092,#7093,#7094,#7095,
#7096),(#7097,#7098,#7099,#7100,#7101,#7102,#7103,#7104,#7105,#7106,#7107,
#7108,#7109,#7110,#7111),(#7112,#7113,#7114,#7115,#7116,#7117,#7118,#7119,
#7120,#7121,#7122,#7123,#7124,#7125,#7126),(#7127,#7128,#7129,#7130,#7131,
#7132,#7133,#7134,#7135,#7136,#7137,#7138,#7139,#7140,#7141),(#7142,#7143,
#7144,#7145,#7146,#7147,#7148,#7149,#7150,#7151,#7152,#7153,#7154,#7155,
#7156),(#7157,#7158,#7159,#7160,#7161,#7162,#7163,#7164,#7165,#7166,#7167,
#7168,#7169,#7170,#7171),(#7172,#7173,#7174,#7175,#7176,#7177,#7178,#7179,
#7180,#7181,#7182,#7183,#7184,#7185,#7186),(#7187,#7188,#7189,#7190,#7191,
#7192,#7193,#7194,#7195,#7196,#7197,#7198,#7199,#7200,#7201)),
 .UNSPECIFIED.,.F.,.F.,.F.,(4,1,1,1,1,1,4),(4,1,1,1,1,1,1,1,1,1,1,1,4),
(0.,0.166666666666667,0.333333333333333,0.5,0.666666666666667,0.833333333333333,
1.),(0.,0.0833333333333333,0.166666666666667,0.25,0.333333333333333,0.416666666666667,
0.5,0.583333333333333,0.666666666666667,0.75,0.833333333333333,0.916666666666667,
1.),.UNSPECIFIED.);
#204=B_SPLINE_SURFACE_WITH_KNOTS('',3,3,((#7260,#7261,#7262,#7263,#7264,
#7265,#7266,#7267,#7268),(#7269,#7270,#7271,#7272,#7273,#7274,#7275,#7276,
#7277),(#7278,#7279,#7280,#7281,#7282,#7283,#7284,#7285,#7286),(#7287,#7288,
#7289,#7290,#7291,#7292,#7293,#7294,#7295),(#7296,#7297,#7298,#7299,#7300,
#7301,#7302,#7303,#7304),(#7305,#7306,#7307,#7308,#7309,#7310,#7311,#7312,
#7313),(#7314,#7315,#7316,#7317,#7318,#7319,#7320,#7321,#7322),(#7323,#7324,
#7325,#7326,#7327,#7328,#7329,#7330,#7331),(#7332,#7333,#7334,#7335,#7336,
#7337,#7338,#7339,#7340)),.UNSPECIFIED.,.F.,.F.,.F.,(4,1,1,1,1,1,4),(4,
1,1,1,1,1,4),(0.,0.166666666666667,0.333333333333333,0.5,0.666666666666667,
0.833333333333333,1.),(0.,0.166666666666667,0.333333333333333,0.5,0.666666666666667,
0.833333333333333,1.),.UNSPECIFIED.);
#205=B_SPLINE_SURFACE_WITH_KNOTS('',3,3,((#7402,#7403,#7404,#7405,#7406,
#7407,#7408,#7409,#7410),(#7411,#7412,#7413,#7414,#7415,#7416,#7417,#7418,
#7419),(#7420,#7421,#7422,#7423,#7424,#7425,#7426,#7427,#7428),(#7429,#7430,
#7431,#7432,#7433,#7434,#7435,#7436,#7437),(#7438,#7439,#7440,#7441,#7442,
#7443,#7444,#7445,#7446),(#7447,#7448,#7449,#7450,#7451,#7452,#7453,#7454,
#7455),(#7456,#7457,#7458,#7459,#7460,#7461,#7462,#7463,#7464),(#7465,#7466,
#7467,#7468,#7469,#7470,#7471,#7472,#7473),(#7474,#7475,#7476,#7477,#7478,
#7479,#7480,#7481,#7482)),.UNSPECIFIED.,.F.,.F.,.F.,(4,1,1,1,1,1,4),(4,
1,1,1,1,1,4),(0.,0.166666666666667,0.333333333333333,0.5,0.666666666666667,
0.833333333333333,1.),(0.,0.166666666666667,0.333333333333333,0.5,0.666666666666667,
0.833333333333333,1.),.UNSPECIFIED.);
#206=B_SPLINE_SURFACE_WITH_KNOTS('',3,3,((#7682,#7683,#7684,#7685,#7686,
#7687,#7688,#7689,#7690),(#7691,#7692,#7693,#7694,#7695,#7696,#7697,#7698,
#7699),(#7700,#7701,#7702,#7703,#7704,#7705,#7706,#7707,#7708),(#7709,#7710,
#7711,#7712,#7713,#7714,#7715,#7716,#7717),(#7718,#7719,#7720,#7721,#7722,
#7723,#7724,#7725,#7726),(#7727,#7728,#7729,#7730,#7731,#7732,#7733,#7734,
#7735),(#7736,#7737,#7738,#7739,#7740,#7741,#7742,#7743,#7744),(#7745,#7746,
#7747,#7748,#7749,#7750,#7751,#7752,#7753),(#7754,#7755,#7756,#7757,#7758,
#7759,#7760,#7761,#7762)),.UNSPECIFIED.,.F.,.F.,.F.,(4,1,1,1,1,1,4),(4,
1,1,1,1,1,4),(0.,0.166666666666667,0.333333333333333,0.5,0.666666666666667,
0.833333333333333,1.),(0.,0.166666666666667,0.333333333333333,0.5,0.666666666666667,
0.833333333333333,1.),.UNSPECIFIED.);
#207=B_SPLINE_SURFACE_WITH_KNOTS('',3,3,((#7962,#7963,#7964,#7965,#7966,
#7967,#7968,#7969,#7970),(#7971,#7972,#7973,#7974,#7975,#7976,#7977,#7978,
#7979),(#7980,#7981,#7982,#7983,#7984,#7985,#7986,#7987,#7988),(#7989,#7990,
#7991,#7992,#7993,#7994,#7995,#7996,#7997),(#7998,#7999,#8000,#8001,#8002,
#8003,#8004,#8005,#8006),(#8007,#8008,#8009,#8010,#8011,#8012,#8013,#8014,
#8015),(#8016,#8017,#8018,#8019,#8020,#8021,#8022,#8023,#8024),(#8025,#8026,
#8027,#8028,#8029,#8030,#8031,#8032,#8033),(#8034,#8035,#8036,#8037,#8038,
#8039,#8040,#8041,#8042)),.UNSPECIFIED.,.F.,.F.,.F.,(4,1,1,1,1,1,4),(4,
1,1,1,1,1,4),(0.,0.166666666666667,0.333333333333333,0.5,0.666666666666667,
0.833333333333333,1.),(0.,0.166666666666667,0.333333333333333,0.5,0.666666666666667,
0.833333333333333,1.),.UNSPECIFIED.);
#208=B_SPLINE_SURFACE_WITH_KNOTS('',3,3,((#8107,#8108,#8109,#8110,#8111,
#8112,#8113,#8114,#8115,#8116,#8117,#8118,#8119,#8120),(#8121,#8122,#8123,
#8124,#8125,#8126,#8127,#8128,#8129,#8130,#8131,#8132,#8133,#8134),(#8135,
#8136,#8137,#8138,#8139,#8140,#8141,#8142,#8143,#8144,#8145,#8146,#8147,
#8148),(#8149,#8150,#8151,#8152,#8153,#8154,#8155,#8156,#8157,#8158,#8159,
#8160,#8161,#8162),(#8163,#8164,#8165,#8166,#8167,#8168,#8169,#8170,#8171,
#8172,#8173,#8174,#8175,#8176),(#8177,#8178,#8179,#8180,#8181,#8182,#8183,
#8184,#8185,#8186,#8187,#8188,#8189,#8190),(#8191,#8192,#8193,#8194,#8195,
#8196,#8197,#8198,#8199,#8200,#8201,#8202,#8203,#8204),(#8205,#8206,#8207,
#8208,#8209,#8210,#8211,#8212,#8213,#8214,#8215,#8216,#8217,#8218),(#8219,
#8220,#8221,#8222,#8223,#8224,#8225,#8226,#8227,#8228,#8229,#8230,#8231,
#8232)),.UNSPECIFIED.,.F.,.F.,.F.,(4,1,1,1,1,1,4),(4,1,1,1,1,1,1,1,1,1,
1,4),(0.,0.166666666666667,0.333333333333333,0.5,0.666666666666667,0.833333333333333,
1.),(0.,0.0909090909090909,0.181818181818182,0.272727272727273,0.363636363636364,
0.454545454545455,0.545454545454545,0.636363636363636,0.727272727272727,
0.818181818181818,0.909090909090909,1.),.UNSPECIFIED.);
#209=B_SPLINE_SURFACE_WITH_KNOTS('',3,3,((#8445,#8446,#8447,#8448,#8449,
#8450,#8451,#8452,#8453),(#8454,#8455,#8456,#8457,#8458,#8459,#8460,#8461,
#8462),(#8463,#8464,#8465,#8466,#8467,#8468,#8469,#8470,#8471),(#8472,#8473,
#8474,#8475,#8476,#8477,#8478,#8479,#8480),(#8481,#8482,#8483,#8484,#8485,
#8486,#8487,#8488,#8489),(#8490,#8491,#8492,#8493,#8494,#8495,#8496,#8497,
#8498),(#8499,#8500,#8501,#8502,#8503,#8504,#8505,#8506,#8507),(#8508,#8509,
#8510,#8511,#8512,#8513,#8514,#8515,#8516),(#8517,#8518,#8519,#8520,#8521,
#8522,#8523,#8524,#8525),(#8526,#8527,#8528,#8529,#8530,#8531,#8532,#8533,
#8534),(#8535,#8536,#8537,#8538,#8539,#8540,#8541,#8542,#8543),(#8544,#8545,
#8546,#8547,#8548,#8549,#8550,#8551,#8552),(#8553,#8554,#8555,#8556,#8557,
#8558,#8559,#8560,#8561),(#8562,#8563,#8564,#8565,#8566,#8567,#8568,#8569,
#8570)),.UNSPECIFIED.,.F.,.F.,.F.,(4,1,1,1,1,1,1,1,1,1,1,4),(4,1,1,1,1,
1,4),(0.,0.0909090909090909,0.181818181818182,0.272727272727273,0.363636363636364,
0.454545454545455,0.545454545454545,0.636363636363636,0.727272727272727,
0.818181818181818,0.909090909090909,1.),(0.,0.166666666666667,0.333333333333333,
0.5,0.666666666666667,0.833333333333333,1.),.UNSPECIFIED.);
#210=B_SPLINE_SURFACE_WITH_KNOTS('',3,3,((#8772,#8773,#8774,#8775,#8776,
#8777,#8778,#8779,#8780,#8781,#8782,#8783,#8784,#8785),(#8786,#8787,#8788,
#8789,#8790,#8791,#8792,#8793,#8794,#8795,#8796,#8797,#8798,#8799),(#8800,
#8801,#8802,#8803,#8804,#8805,#8806,#8807,#8808,#8809,#8810,#8811,#8812,
#8813),(#8814,#8815,#8816,#8817,#8818,#8819,#8820,#8821,#8822,#8823,#8824,
#8825,#8826,#8827),(#8828,#8829,#8830,#8831,#8832,#8833,#8834,#8835,#8836,
#8837,#8838,#8839,#8840,#8841),(#8842,#8843,#8844,#8845,#8846,#8847,#8848,
#8849,#8850,#8851,#8852,#8853,#8854,#8855),(#8856,#8857,#8858,#8859,#8860,
#8861,#8862,#8863,#8864,#8865,#8866,#8867,#8868,#8869),(#8870,#8871,#8872,
#8873,#8874,#8875,#8876,#8877,#8878,#8879,#8880,#8881,#8882,#8883),(#8884,
#8885,#8886,#8887,#8888,#8889,#8890,#8891,#8892,#8893,#8894,#8895,#8896,
#8897)),.UNSPECIFIED.,.F.,.F.,.F.,(4,1,1,1,1,1,4),(4,1,1,1,1,1,1,1,1,1,
1,4),(0.,0.166666666666667,0.333333333333333,0.5,0.666666666666667,0.833333333333333,
1.),(0.,0.0909090909090909,0.181818181818182,0.272727272727273,0.363636363636364,
0.454545454545455,0.545454545454545,0.636363636363636,0.727272727272727,
0.818181818181818,0.909090909090909,1.),.UNSPECIFIED.);
#211=B_SPLINE_SURFACE_WITH_KNOTS('',3,3,((#8959,#8960,#8961,#8962,#8963,
#8964,#8965,#8966,#8967),(#8968,#8969,#8970,#8971,#8972,#8973,#8974,#8975,
#8976),(#8977,#8978,#8979,#8980,#8981,#8982,#8983,#8984,#8985),(#8986,#8987,
#8988,#8989,#8990,#8991,#8992,#8993,#8994),(#8995,#8996,#8997,#8998,#8999,
#9000,#9001,#9002,#9003),(#9004,#9005,#9006,#9007,#9008,#9009,#9010,#9011,
#9012),(#9013,#9014,#9015,#9016,#9017,#9018,#9019,#9020,#9021),(#9022,#9023,
#9024,#9025,#9026,#9027,#9028,#9029,#9030),(#9031,#9032,#9033,#9034,#9035,
#9036,#9037,#9038,#9039),(#9040,#9041,#9042,#9043,#9044,#9045,#9046,#9047,
#9048),(#9049,#9050,#9051,#9052,#9053,#9054,#9055,#9056,#9057),(#9058,#9059,
#9060,#9061,#9062,#9063,#9064,#9065,#9066),(#9067,#9068,#9069,#9070,#9071,
#9072,#9073,#9074,#9075),(#9076,#9077,#9078,#9079,#9080,#9081,#9082,#9083,
#9084)),.UNSPECIFIED.,.F.,.F.,.F.,(4,1,1,1,1,1,1,1,1,1,1,4),(4,1,1,1,1,
1,4),(0.,0.0909090909090909,0.181818181818182,0.272727272727273,0.363636363636364,
0.454545454545455,0.545454545454545,0.636363636363636,0.727272727272727,
0.818181818181818,0.909090909090909,1.),(0.,0.166666666666667,0.333333333333333,
0.5,0.666666666666667,0.833333333333333,1.),.UNSPECIFIED.);
#212=B_SPLINE_SURFACE_WITH_KNOTS('',3,3,((#9148,#9149,#9150,#9151,#9152,
#9153,#9154,#9155,#9156,#9157,#9158,#9159,#9160,#9161),(#9162,#9163,#9164,
#9165,#9166,#9167,#9168,#9169,#9170,#9171,#9172,#9173,#9174,#9175),(#9176,
#9177,#9178,#9179,#9180,#9181,#9182,#9183,#9184,#9185,#9186,#9187,#9188,
#9189),(#9190,#9191,#9192,#9193,#9194,#9195,#9196,#9197,#9198,#9199,#9200,
#9201,#9202,#9203),(#9204,#9205,#9206,#9207,#9208,#9209,#9210,#9211,#9212,
#9213,#9214,#9215,#9216,#9217),(#9218,#9219,#9220,#9221,#9222,#9223,#9224,
#9225,#9226,#9227,#9228,#9229,#9230,#9231),(#9232,#9233,#9234,#9235,#9236,
#9237,#9238,#9239,#9240,#9241,#9242,#9243,#9244,#9245),(#9246,#9247,#9248,
#9249,#9250,#9251,#9252,#9253,#9254,#9255,#9256,#9257,#9258,#9259),(#9260,
#9261,#9262,#9263,#9264,#9265,#9266,#9267,#9268,#9269,#9270,#9271,#9272,
#9273)),.UNSPECIFIED.,.F.,.F.,.F.,(4,1,1,1,1,1,4),(4,1,1,1,1,1,1,1,1,1,
1,4),(0.,0.166666666666667,0.333333333333333,0.5,0.666666666666667,0.833333333333333,
1.),(0.,0.0909090909090909,0.181818181818182,0.272727272727273,0.363636363636364,
0.454545454545455,0.545454545454545,0.636363636363636,0.727272727272727,
0.818181818181818,0.909090909090909,1.),.UNSPECIFIED.);
#213=B_SPLINE_SURFACE_WITH_KNOTS('',3,3,((#9380,#9381,#9382,#9383,#9384,
#9385,#9386,#9387,#9388),(#9389,#9390,#9391,#9392,#9393,#9394,#9395,#9396,
#9397),(#9398,#9399,#9400,#9401,#9402,#9403,#9404,#9405,#9406),(#9407,#9408,
#9409,#9410,#9411,#9412,#9413,#9414,#9415),(#9416,#9417,#9418,#9419,#9420,
#9421,#9422,#9423,#9424),(#9425,#9426,#9427,#9428,#9429,#9430,#9431,#9432,
#9433),(#9434,#9435,#9436,#9437,#9438,#9439,#9440,#9441,#9442),(#9443,#9444,
#9445,#9446,#9447,#9448,#9449,#9450,#9451),(#9452,#9453,#9454,#9455,#9456,
#9457,#9458,#9459,#9460),(#9461,#9462,#9463,#9464,#9465,#9466,#9467,#9468,
#9469),(#9470,#9471,#9472,#9473,#9474,#9475,#9476,#9477,#9478),(#9479,#9480,
#9481,#9482,#9483,#9484,#9485,#9486,#9487),(#9488,#9489,#9490,#9491,#9492,
#9493,#9494,#9495,#9496),(#9497,#9498,#9499,#9500,#9501,#9502,#9503,#9504,
#9505)),.UNSPECIFIED.,.F.,.F.,.F.,(4,1,1,1,1,1,1,1,1,1,1,4),(4,1,1,1,1,
1,4),(0.,0.0909090909090909,0.181818181818182,0.272727272727273,0.363636363636364,
0.454545454545455,0.545454545454545,0.636363636363636,0.727272727272727,
0.818181818181818,0.909090909090909,1.),(0.,0.166666666666667,0.333333333333333,
0.5,0.666666666666667,0.833333333333333,1.),.UNSPECIFIED.);
#214=B_SPLINE_SURFACE_WITH_KNOTS('',3,3,((#9617,#9618,#9619,#9620,#9621,
#9622,#9623,#9624,#9625,#9626,#9627,#9628,#9629,#9630),(#9631,#9632,#9633,
#9634,#9635,#9636,#9637,#9638,#9639,#9640,#9641,#9642,#9643,#9644),(#9645,
#9646,#9647,#9648,#9649,#9650,#9651,#9652,#9653,#9654,#9655,#9656,#9657,
#9658),(#9659,#9660,#9661,#9662,#9663,#9664,#9665,#9666,#9667,#9668,#9669,
#9670,#9671,#9672),(#9673,#9674,#9675,#9676,#9677,#9678,#9679,#9680,#9681,
#9682,#9683,#9684,#9685,#9686),(#9687,#9688,#9689,#9690,#9691,#9692,#9693,
#9694,#9695,#9696,#9697,#9698,#9699,#9700),(#9701,#9702,#9703,#9704,#9705,
#9706,#9707,#9708,#9709,#9710,#9711,#9712,#9713,#9714),(#9715,#9716,#9717,
#9718,#9719,#9720,#9721,#9722,#9723,#9724,#9725,#9726,#9727,#9728),(#9729,
#9730,#9731,#9732,#9733,#9734,#9735,#9736,#9737,#9738,#9739,#9740,#9741,
#9742)),.UNSPECIFIED.,.F.,.F.,.F.,(4,1,1,1,1,1,4),(4,1,1,1,1,1,1,1,1,1,
1,4),(0.,0.166666666666667,0.333333333333333,0.5,0.666666666666667,0.833333333333333,
1.),(0.,0.0909090909090909,0.181818181818182,0.272727272727273,0.363636363636364,
0.454545454545455,0.545454545454545,0.636363636363636,0.727272727272727,
0.818181818181818,0.909090909090909,1.),.UNSPECIFIED.);
#215=B_SPLINE_SURFACE_WITH_KNOTS('',3,3,((#9858,#9859,#9860,#9861,#9862,
#9863,#9864,#9865),(#9866,#9867,#9868,#9869,#9870,#9871,#9872,#9873),(#9874,
#9875,#9876,#9877,#9878,#9879,#9880,#9881),(#9882,#9883,#9884,#9885,#9886,
#9887,#9888,#9889)),.UNSPECIFIED.,.F.,.F.,.F.,(4,4),(4,2,1,1,4),(0.,1.),
(-0.783857800372954,-0.782455733796794,-0.312982293518718,-0.156491146759359,
0.),.UNSPECIFIED.);
#216=B_SPLINE_SURFACE_WITH_KNOTS('',3,3,((#9916,#9917,#9918,#9919,#9920,
#9921,#9922,#9923,#9924,#9925,#9926,#9927),(#9928,#9929,#9930,#9931,#9932,
#9933,#9934,#9935,#9936,#9937,#9938,#9939),(#9940,#9941,#9942,#9943,#9944,
#9945,#9946,#9947,#9948,#9949,#9950,#9951),(#9952,#9953,#9954,#9955,#9956,
#9957,#9958,#9959,#9960,#9961,#9962,#9963),(#9964,#9965,#9966,#9967,#9968,
#9969,#9970,#9971,#9972,#9973,#9974,#9975)),.UNSPECIFIED.,.F.,.F.,.F.,(4,
1,4),(4,1,1,1,1,1,1,2,4),(0.,0.5,1.),(7.52717942958694E-16,0.153566686684339,
0.230350030026508,0.307133373368678,0.383916716710847,0.460700060053016,
0.614266746737354,0.767833433421693,0.769147847371972),.UNSPECIFIED.);
#217=B_SPLINE_SURFACE_WITH_KNOTS('',3,3,((#10001,#10002,#10003,#10004,#10005,
#10006,#10007,#10008),(#10009,#10010,#10011,#10012,#10013,#10014,#10015,
#10016),(#10017,#10018,#10019,#10020,#10021,#10022,#10023,#10024),(#10025,
#10026,#10027,#10028,#10029,#10030,#10031,#10032),(#10033,#10034,#10035,
#10036,#10037,#10038,#10039,#10040)),.UNSPECIFIED.,.F.,.F.,.F.,(4,1,4),
(4,1,1,1,1,4),(0.,0.571428571428571,1.),(0.,0.304969730752097,0.609939461504195,
1.21987892300839,2.43975784601678,4.26957623052937),.UNSPECIFIED.);
#218=B_SPLINE_SURFACE_WITH_KNOTS('',3,3,((#10058,#10059,#10060,#10061,#10062,
#10063,#10064,#10065,#10066,#10067),(#10068,#10069,#10070,#10071,#10072,
#10073,#10074,#10075,#10076,#10077),(#10078,#10079,#10080,#10081,#10082,
#10083,#10084,#10085,#10086,#10087),(#10088,#10089,#10090,#10091,#10092,
#10093,#10094,#10095,#10096,#10097)),.UNSPECIFIED.,.F.,.F.,.F.,(4,4),(4,
2,1,1,1,1,4),(0.,1.),(-0.00131441395034295,0.,0.153566686683918,0.307133373367836,
0.460700060051754,0.614266746735672,0.76783343341959),.UNSPECIFIED.);
#219=B_SPLINE_SURFACE_WITH_KNOTS('',3,3,((#10128,#10129,#10130,#10131,#10132,
#10133,#10134,#10135,#10136,#10137,#10138,#10139),(#10140,#10141,#10142,
#10143,#10144,#10145,#10146,#10147,#10148,#10149,#10150,#10151),(#10152,
#10153,#10154,#10155,#10156,#10157,#10158,#10159,#10160,#10161,#10162,#10163),
(#10164,#10165,#10166,#10167,#10168,#10169,#10170,#10171,#10172,#10173,
#10174,#10175),(#10176,#10177,#10178,#10179,#10180,#10181,#10182,#10183,
#10184,#10185,#10186,#10187)),.UNSPECIFIED.,.F.,.F.,.F.,(4,1,4),(4,1,1,
1,1,1,1,2,4),(0.,0.5,1.),(-0.782455733796659,-0.625964587037327,-0.547719013657662,
-0.469473440277996,-0.39122786689833,-0.312982293518664,-0.156491146759332,
0.,0.00140206657630646),.UNSPECIFIED.);
#220=B_SPLINE_SURFACE_WITH_KNOTS('',3,3,((#10219,#10220,#10221,#10222,#10223,
#10224,#10225,#10226,#10227),(#10228,#10229,#10230,#10231,#10232,#10233,
#10234,#10235,#10236),(#10237,#10238,#10239,#10240,#10241,#10242,#10243,
#10244,#10245),(#10246,#10247,#10248,#10249,#10250,#10251,#10252,#10253,
#10254),(#10255,#10256,#10257,#10258,#10259,#10260,#10261,#10262,#10263),
(#10264,#10265,#10266,#10267,#10268,#10269,#10270,#10271,#10272),(#10273,
#10274,#10275,#10276,#10277,#10278,#10279,#10280,#10281),(#10282,#10283,
#10284,#10285,#10286,#10287,#10288,#10289,#10290),(#10291,#10292,#10293,
#10294,#10295,#10296,#10297,#10298,#10299),(#10300,#10301,#10302,#10303,
#10304,#10305,#10306,#10307,#10308),(#10309,#10310,#10311,#10312,#10313,
#10314,#10315,#10316,#10317),(#10318,#10319,#10320,#10321,#10322,#10323,
#10324,#10325,#10326),(#10327,#10328,#10329,#10330,#10331,#10332,#10333,
#10334,#10335),(#10336,#10337,#10338,#10339,#10340,#10341,#10342,#10343,
#10344)),.UNSPECIFIED.,.F.,.F.,.F.,(4,1,1,1,1,1,1,1,1,1,1,4),(4,1,1,1,1,
1,4),(0.,0.0909090909090909,0.181818181818182,0.272727272727273,0.363636363636364,
0.454545454545455,0.545454545454545,0.636363636363636,0.727272727272727,
0.818181818181818,0.909090909090909,1.),(0.,0.166666666666667,0.333333333333333,
0.5,0.666666666666667,0.833333333333333,1.),.UNSPECIFIED.);
#221=B_SPLINE_SURFACE_WITH_KNOTS('',3,3,((#10394,#10395,#10396,#10397,#10398,
#10399,#10400),(#10401,#10402,#10403,#10404,#10405,#10406,#10407),(#10408,
#10409,#10410,#10411,#10412,#10413,#10414),(#10415,#10416,#10417,#10418,
#10419,#10420,#10421),(#10422,#10423,#10424,#10425,#10426,#10427,#10428)),
 .UNSPECIFIED.,.F.,.F.,.F.,(4,1,4),(4,1,1,1,4),(0.,0.571428571428571,1.),
(2.22044604925031E-16,0.304969730752098,0.609939461504195,1.82981838451258,
4.26957623052936),.UNSPECIFIED.);
#222=B_SPLINE_SURFACE_WITH_KNOTS('',3,3,((#10490,#10491,#10492,#10493,#10494,
#10495,#10496,#10497,#10498),(#10499,#10500,#10501,#10502,#10503,#10504,
#10505,#10506,#10507),(#10508,#10509,#10510,#10511,#10512,#10513,#10514,
#10515,#10516),(#10517,#10518,#10519,#10520,#10521,#10522,#10523,#10524,
#10525),(#10526,#10527,#10528,#10529,#10530,#10531,#10532,#10533,#10534),
(#10535,#10536,#10537,#10538,#10539,#10540,#10541,#10542,#10543),(#10544,
#10545,#10546,#10547,#10548,#10549,#10550,#10551,#10552),(#10553,#10554,
#10555,#10556,#10557,#10558,#10559,#10560,#10561),(#10562,#10563,#10564,
#10565,#10566,#10567,#10568,#10569,#10570),(#10571,#10572,#10573,#10574,
#10575,#10576,#10577,#10578,#10579),(#10580,#10581,#10582,#10583,#10584,
#10585,#10586,#10587,#10588),(#10589,#10590,#10591,#10592,#10593,#10594,
#10595,#10596,#10597),(#10598,#10599,#10600,#10601,#10602,#10603,#10604,
#10605,#10606),(#10607,#10608,#10609,#10610,#10611,#10612,#10613,#10614,
#10615),(#10616,#10617,#10618,#10619,#10620,#10621,#10622,#10623,#10624)),
 .UNSPECIFIED.,.F.,.F.,.F.,(4,1,1,1,1,1,1,1,1,1,1,1,4),(4,1,1,1,1,1,4),
(0.,0.0833333333333333,0.166666666666667,0.25,0.333333333333333,0.416666666666667,
0.5,0.583333333333333,0.666666666666667,0.75,0.833333333333333,0.916666666666667,
1.),(0.,0.166666666666667,0.333333333333333,0.5,0.666666666666667,0.833333333333333,
1.),.UNSPECIFIED.);
#223=B_SPLINE_SURFACE_WITH_KNOTS('',3,3,((#10696,#10697,#10698,#10699,#10700,
#10701,#10702,#10703),(#10704,#10705,#10706,#10707,#10708,#10709,#10710,
#10711),(#10712,#10713,#10714,#10715,#10716,#10717,#10718,#10719),(#10720,
#10721,#10722,#10723,#10724,#10725,#10726,#10727),(#10728,#10729,#10730,
#10731,#10732,#10733,#10734,#10735)),.UNSPECIFIED.,.F.,.F.,.F.,(4,1,4),
(4,1,1,1,1,4),(0.,0.571428571428571,1.),(0.,0.606937431634008,1.21387486326802,
1.82081229490202,3.03468715817004,4.24856202143805),.UNSPECIFIED.);
#224=B_SPLINE_SURFACE_WITH_KNOTS('',3,3,((#10772,#10773,#10774,#10775,#10776,
#10777,#10778,#10779),(#10780,#10781,#10782,#10783,#10784,#10785,#10786,
#10787),(#10788,#10789,#10790,#10791,#10792,#10793,#10794,#10795),(#10796,
#10797,#10798,#10799,#10800,#10801,#10802,#10803),(#10804,#10805,#10806,
#10807,#10808,#10809,#10810,#10811)),.UNSPECIFIED.,.F.,.F.,.F.,(4,1,4),
(4,1,1,1,1,4),(0.,0.571428571428571,1.),(0.,0.606937431634008,1.21387486326802,
1.82081229490202,3.03468715817004,4.24856202143805),.UNSPECIFIED.);
#225=B_SPLINE_SURFACE_WITH_KNOTS('',3,3,((#11199,#11200,#11201,#11202,#11203,
#11204,#11205),(#11206,#11207,#11208,#11209,#11210,#11211,#11212),(#11213,
#11214,#11215,#11216,#11217,#11218,#11219),(#11220,#11221,#11222,#11223,
#11224,#11225,#11226),(#11227,#11228,#11229,#11230,#11231,#11232,#11233)),
 .UNSPECIFIED.,.F.,.F.,.F.,(4,1,4),(4,1,1,1,4),(0.,0.5,1.),(-0.00756662975300548,
0.320992881046701,0.978111902646115,1.63523092424553,2.29234994584494),
 .UNSPECIFIED.);
#226=B_SPLINE_SURFACE_WITH_KNOTS('',3,3,((#11265,#11266,#11267,#11268,#11269,
#11270,#11271),(#11272,#11273,#11274,#11275,#11276,#11277,#11278),(#11279,
#11280,#11281,#11282,#11283,#11284,#11285),(#11286,#11287,#11288,#11289,
#11290,#11291,#11292),(#11293,#11294,#11295,#11296,#11297,#11298,#11299)),
 .UNSPECIFIED.,.F.,.F.,.F.,(4,1,4),(4,1,1,1,4),(0.,0.5,1.),(-0.211475429827419,
0.445643591772162,1.10276261337174,1.43132212417153,2.08844114577111),
 .UNSPECIFIED.);
#227=B_SPLINE_SURFACE_WITH_KNOTS('',3,3,((#11374,#11375,#11376,#11377,#11378,
#11379,#11380),(#11381,#11382,#11383,#11384,#11385,#11386,#11387),(#11388,
#11389,#11390,#11391,#11392,#11393,#11394),(#11395,#11396,#11397,#11398,
#11399,#11400,#11401)),.UNSPECIFIED.,.F.,.F.,.F.,(4,4),(4,1,1,1,4),(0.0400896836032225,
0.320183248384822),(0.257039398930074,0.664018447236024,1.07099749554197,
1.47797654384793,1.88495559215388),.UNSPECIFIED.);
#228=B_SPLINE_SURFACE_WITH_KNOTS('',3,3,((#11491,#11492,#11493,#11494,#11495,
#11496,#11497),(#11498,#11499,#11500,#11501,#11502,#11503,#11504),(#11505,
#11506,#11507,#11508,#11509,#11510,#11511),(#11512,#11513,#11514,#11515,
#11516,#11517,#11518),(#11519,#11520,#11521,#11522,#11523,#11524,#11525)),
 .UNSPECIFIED.,.F.,.F.,.F.,(4,1,4),(4,1,1,1,4),(0.,0.5,1.),(-0.00756662975300552,
0.649552391846408,0.978111902646115,1.63523092424553,2.29234994584494),
 .UNSPECIFIED.);
#229=B_SPLINE_SURFACE_WITH_KNOTS('',3,3,((#11557,#11558,#11559,#11560,#11561,
#11562,#11563),(#11564,#11565,#11566,#11567,#11568,#11569,#11570),(#11571,
#11572,#11573,#11574,#11575,#11576,#11577),(#11578,#11579,#11580,#11581,
#11582,#11583,#11584),(#11585,#11586,#11587,#11588,#11589,#11590,#11591)),
 .UNSPECIFIED.,.F.,.F.,.F.,(4,1,4),(4,1,1,1,4),(0.,0.5,1.),(-0.211475429827417,
0.117084080972373,0.774203102571954,1.43132212417153,2.08844114577112),
 .UNSPECIFIED.);
#230=B_SPLINE_SURFACE_WITH_KNOTS('',3,3,((#11666,#11667,#11668,#11669,#11670,
#11671,#11672),(#11673,#11674,#11675,#11676,#11677,#11678,#11679),(#11680,
#11681,#11682,#11683,#11684,#11685,#11686),(#11687,#11688,#11689,#11690,
#11691,#11692,#11693)),.UNSPECIFIED.,.F.,.F.,.F.,(4,4),(4,1,1,1,4),(0.0400896836032222,
0.320183248384822),(0.257039398930074,0.664018447236024,1.07099749554197,
1.47797654384793,1.88495559215388),.UNSPECIFIED.);
#231=B_SPLINE_SURFACE_WITH_KNOTS('',3,3,((#11783,#11784,#11785,#11786,#11787,
#11788,#11789),(#11790,#11791,#11792,#11793,#11794,#11795,#11796),(#11797,
#11798,#11799,#11800,#11801,#11802,#11803),(#11804,#11805,#11806,#11807,
#11808,#11809,#11810),(#11811,#11812,#11813,#11814,#11815,#11816,#11817)),
 .UNSPECIFIED.,.F.,.F.,.F.,(4,1,4),(4,1,1,1,4),(0.,0.5,1.),(-0.0075666297530056,
0.649552391846408,1.30667141344582,1.96379043504524,2.29234994584494),
 .UNSPECIFIED.);
#232=B_SPLINE_SURFACE_WITH_KNOTS('',3,3,((#11849,#11850,#11851,#11852,#11853,
#11854,#11855),(#11856,#11857,#11858,#11859,#11860,#11861,#11862),(#11863,
#11864,#11865,#11866,#11867,#11868,#11869),(#11870,#11871,#11872,#11873,
#11874,#11875,#11876),(#11877,#11878,#11879,#11880,#11881,#11882,#11883)),
 .UNSPECIFIED.,.F.,.F.,.F.,(4,1,4),(4,1,1,1,4),(0.,0.5,1.),(-0.211475429827418,
0.445643591772163,1.10276261337174,1.43132212417153,2.08844114577112),
 .UNSPECIFIED.);
#233=B_SPLINE_SURFACE_WITH_KNOTS('',3,3,((#11958,#11959,#11960,#11961,#11962,
#11963,#11964),(#11965,#11966,#11967,#11968,#11969,#11970,#11971),(#11972,
#11973,#11974,#11975,#11976,#11977,#11978),(#11979,#11980,#11981,#11982,
#11983,#11984,#11985)),.UNSPECIFIED.,.F.,.F.,.F.,(4,4),(4,1,1,1,4),(0.0400896836032225,
0.320183248385182),(0.257039398930074,0.664018447236024,1.07099749554197,
1.47797654384793,1.88495559215388),.UNSPECIFIED.);
#234=B_SPLINE_SURFACE_WITH_KNOTS('',3,3,((#12075,#12076,#12077,#12078,#12079,
#12080,#12081),(#12082,#12083,#12084,#12085,#12086,#12087,#12088),(#12089,
#12090,#12091,#12092,#12093,#12094,#12095),(#12096,#12097,#12098,#12099,
#12100,#12101,#12102),(#12103,#12104,#12105,#12106,#12107,#12108,#12109)),
 .UNSPECIFIED.,.F.,.F.,.F.,(4,1,4),(4,1,1,1,4),(0.,0.5,1.),(-0.00756662975300558,
0.649552391846408,1.30667141344582,1.96379043504524,2.29234994584494),
 .UNSPECIFIED.);
#235=B_SPLINE_SURFACE_WITH_KNOTS('',3,3,((#12190,#12191,#12192,#12193,#12194,
#12195,#12196),(#12197,#12198,#12199,#12200,#12201,#12202,#12203),(#12204,
#12205,#12206,#12207,#12208,#12209,#12210),(#12211,#12212,#12213,#12214,
#12215,#12216,#12217),(#12218,#12219,#12220,#12221,#12222,#12223,#12224)),
 .UNSPECIFIED.,.F.,.F.,.F.,(4,1,4),(4,1,1,1,4),(0.,0.5,1.),(-0.211475429827419,
0.445643591772162,1.10276261337174,1.75988163497132,2.08844114577111),
 .UNSPECIFIED.);
#236=B_SPLINE_SURFACE_WITH_KNOTS('',3,3,((#12253,#12254,#12255,#12256,#12257,
#12258,#12259),(#12260,#12261,#12262,#12263,#12264,#12265,#12266),(#12267,
#12268,#12269,#12270,#12271,#12272,#12273),(#12274,#12275,#12276,#12277,
#12278,#12279,#12280)),.UNSPECIFIED.,.F.,.F.,.F.,(4,4),(4,1,1,1,4),(-0.200183248385182,
0.0799103163967777),(0.,0.40697904830595,0.813958096611901,1.22093714491785,
1.6279161932238),.UNSPECIFIED.);
#237=B_SPLINE_SURFACE_WITH_KNOTS('',3,3,((#12408,#12409,#12410,#12411,#12412,
#12413),(#12414,#12415,#12416,#12417,#12418,#12419),(#12420,#12421,#12422,
#12423,#12424,#12425),(#12426,#12427,#12428,#12429,#12430,#12431),(#12432,
#12433,#12434,#12435,#12436,#12437)),.UNSPECIFIED.,.F.,.F.,.F.,(4,1,4),
(4,1,1,4),(0.,0.5,1.),(-0.165590703221162,0.360172061401606,0.885934826024373,
1.67457897295852),.UNSPECIFIED.);
#238=B_SPLINE_SURFACE_WITH_KNOTS('',3,3,((#12521,#12522,#12523,#12524,#12525,
#12526),(#12527,#12528,#12529,#12530,#12531,#12532),(#12533,#12534,#12535,
#12536,#12537,#12538),(#12539,#12540,#12541,#12542,#12543,#12544),(#12545,
#12546,#12547,#12548,#12549,#12550)),.UNSPECIFIED.,.F.,.F.,.F.,(4,1,4),
(4,1,1,4),(0.,0.5,1.),(-0.009665161606096,0.778978985327082,1.3047417499492,
1.83050451457132),.UNSPECIFIED.);
#239=B_SPLINE_SURFACE_WITH_KNOTS('',3,3,((#12599,#12600,#12601,#12602,#12603,
#12604),(#12605,#12606,#12607,#12608,#12609,#12610),(#12611,#12612,#12613,
#12614,#12615,#12616),(#12617,#12618,#12619,#12620,#12621,#12622),(#12623,
#12624,#12625,#12626,#12627,#12628)),.UNSPECIFIED.,.F.,.F.,.F.,(4,1,4),
(4,1,1,4),(0.,0.5,1.),(-0.00966516160740716,0.778978985326332,1.30474174994882,
1.83050451457132),.UNSPECIFIED.);
#240=B_SPLINE_SURFACE_WITH_KNOTS('',3,3,((#12694,#12695,#12696,#12697,#12698,
#12699),(#12700,#12701,#12702,#12703,#12704,#12705),(#12706,#12707,#12708,
#12709,#12710,#12711),(#12712,#12713,#12714,#12715,#12716,#12717),(#12718,
#12719,#12720,#12721,#12722,#12723)),.UNSPECIFIED.,.F.,.F.,.F.,(4,1,4),
(4,1,1,4),(0.,0.5,1.),(-0.165590703221161,0.360172061401606,0.885934826024373,
1.67457897295852),.UNSPECIFIED.);
#241=B_SPLINE_SURFACE_WITH_KNOTS('',3,3,((#12790,#12791,#12792,#12793,#12794,
#12795),(#12796,#12797,#12798,#12799,#12800,#12801),(#12802,#12803,#12804,
#12805,#12806,#12807),(#12808,#12809,#12810,#12811,#12812,#12813),(#12814,
#12815,#12816,#12817,#12818,#12819)),.UNSPECIFIED.,.F.,.F.,.F.,(4,1,4),
(4,1,1,4),(0.,0.5,1.),(-0.165590703221161,0.62305344371299,1.14881620833576,
1.67457897295852),.UNSPECIFIED.);
#242=B_SPLINE_SURFACE_WITH_KNOTS('',3,3,((#12945,#12946,#12947,#12948,#12949,
#12950),(#12951,#12952,#12953,#12954,#12955,#12956),(#12957,#12958,#12959,
#12960,#12961,#12962),(#12963,#12964,#12965,#12966,#12967,#12968),(#12969,
#12970,#12971,#12972,#12973,#12974)),.UNSPECIFIED.,.F.,.F.,.F.,(4,1,4),
(4,1,1,4),(0.,0.5,1.),(-0.00966516160734957,0.778978985326365,1.30474174994884,
1.83050451457132),.UNSPECIFIED.);
#243=B_SPLINE_SURFACE_WITH_KNOTS('',3,3,((#12983,#12984,#12985,#12986,#12987,
#12988),(#12989,#12990,#12991,#12992,#12993,#12994),(#12995,#12996,#12997,
#12998,#12999,#13000),(#13001,#13002,#13003,#13004,#13005,#13006),(#13007,
#13008,#13009,#13010,#13011,#13012)),.UNSPECIFIED.,.F.,.F.,.F.,(4,1,4),
(4,1,1,4),(0.,0.5,1.),(-0.0096651616060961,0.516097603016022,1.04186036763814,
1.83050451457132),.UNSPECIFIED.);
#244=B_SPLINE_SURFACE_WITH_KNOTS('',3,3,((#13096,#13097,#13098,#13099,#13100,
#13101),(#13102,#13103,#13104,#13105,#13106,#13107),(#13108,#13109,#13110,
#13111,#13112,#13113),(#13114,#13115,#13116,#13117,#13118,#13119),(#13120,
#13121,#13122,#13123,#13124,#13125)),.UNSPECIFIED.,.F.,.F.,.F.,(4,1,4),
(4,1,1,4),(0.,0.5,1.),(-0.165590703220603,0.623053443713309,1.14881620833592,
1.67457897295852),.UNSPECIFIED.);
#245=B_SPLINE_SURFACE_WITH_KNOTS('',3,3,((#13180,#13181,#13182,#13183,#13184,
#13185,#13186),(#13187,#13188,#13189,#13190,#13191,#13192,#13193),(#13194,
#13195,#13196,#13197,#13198,#13199,#13200),(#13201,#13202,#13203,#13204,
#13205,#13206,#13207)),.UNSPECIFIED.,.F.,.F.,.F.,(4,4),(4,1,1,1,4),(-0.200183248384821,
0.0799103163967776),(0.,0.40697904830595,0.813958096611901,1.22093714491785,
1.6279161932238),.UNSPECIFIED.);
#246=B_SPLINE_SURFACE_WITH_KNOTS('',3,3,((#13209,#13210,#13211,#13212,#13213,
#13214,#13215),(#13216,#13217,#13218,#13219,#13220,#13221,#13222),(#13223,
#13224,#13225,#13226,#13227,#13228,#13229),(#13230,#13231,#13232,#13233,
#13234,#13235,#13236)),.UNSPECIFIED.,.F.,.F.,.F.,(4,4),(4,1,1,1,4),(-0.200183248385183,
0.0799103163967775),(0.,0.40697904830595,0.813958096611901,1.22093714491785,
1.6279161932238),.UNSPECIFIED.);
#247=B_SPLINE_SURFACE_WITH_KNOTS('',3,3,((#13237,#13238,#13239,#13240,#13241,
#13242,#13243),(#13244,#13245,#13246,#13247,#13248,#13249,#13250),(#13251,
#13252,#13253,#13254,#13255,#13256,#13257),(#13258,#13259,#13260,#13261,
#13262,#13263,#13264)),.UNSPECIFIED.,.F.,.F.,.F.,(4,4),(4,1,1,1,4),(0.0400896836032223,
0.320183248384822),(0.257039398930074,0.664018447236024,1.07099749554197,
1.47797654384793,1.88495559215388),.UNSPECIFIED.);
#248=B_SPLINE_SURFACE_WITH_KNOTS('',3,3,((#13265,#13266,#13267,#13268,#13269,
#13270,#13271),(#13272,#13273,#13274,#13275,#13276,#13277,#13278),(#13279,
#13280,#13281,#13282,#13283,#13284,#13285),(#13286,#13287,#13288,#13289,
#13290,#13291,#13292)),.UNSPECIFIED.,.F.,.F.,.F.,(4,4),(4,1,1,1,4),(-0.200183248384822,
0.0799103163967773),(0.,0.40697904830595,0.813958096611901,1.22093714491785,
1.6279161932238),.UNSPECIFIED.);
#249=TOROIDAL_SURFACE('',#4247,20.,5.);
#250=TOROIDAL_SURFACE('',#4253,20.,5.);
#251=TOROIDAL_SURFACE('',#4383,5.75,0.5);
#252=TOROIDAL_SURFACE('',#4389,5.75,0.5);
#253=TOROIDAL_SURFACE('',#4405,15.25,3.);
#254=TOROIDAL_SURFACE('',#4415,15.25,3.);
#255=TOROIDAL_SURFACE('',#4446,11.9,0.4);
#256=TOROIDAL_SURFACE('',#4466,11.9,0.4);
#257=TOROIDAL_SURFACE('',#4468,11.9,0.4);
#258=TOROIDAL_SURFACE('',#4472,11.9,0.4);
#259=TOROIDAL_SURFACE('',#4474,11.9,0.4);
#260=TOROIDAL_SURFACE('',#4478,11.9,0.4);
#261=TOROIDAL_SURFACE('',#4480,11.9,0.4);
#262=TOROIDAL_SURFACE('',#4484,11.9,0.4);
#263=TOROIDAL_SURFACE('',#4486,11.9,0.4);
#264=TOROIDAL_SURFACE('',#4490,11.9,0.4);
#265=TOROIDAL_SURFACE('',#4495,9.1,0.4);
#266=TOROIDAL_SURFACE('',#4512,9.1,0.4);
#267=TOROIDAL_SURFACE('',#4514,9.1,0.4);
#268=TOROIDAL_SURFACE('',#4515,9.1,0.4);
#269=TOROIDAL_SURFACE('',#4517,9.1,0.4);
#270=TOROIDAL_SURFACE('',#4518,9.1,0.4);
#271=TOROIDAL_SURFACE('',#4520,9.1,0.4);
#272=TOROIDAL_SURFACE('',#4521,9.1,0.4);
#273=TOROIDAL_SURFACE('',#4523,9.1,0.4);
#274=TOROIDAL_SURFACE('',#4525,9.1,0.4);
#275=TOROIDAL_SURFACE('',#4534,3.1,0.4);
#276=SHAPE_REPRESENTATION_RELATIONSHIP('SRR','None',#13408,#281);
#277=SHAPE_REPRESENTATION_RELATIONSHIP('SRR','None',#13409,#282);
#278=SHAPE_REPRESENTATION_RELATIONSHIP('SRR','None',#13410,#283);
#279=SHAPE_REPRESENTATION_RELATIONSHIP('SRR','None',#13411,#284);
#280=SHAPE_REPRESENTATION_RELATIONSHIP('SRR','None',#13412,#285);
#281=ADVANCED_BREP_SHAPE_REPRESENTATION('',(#291),#13380);
#282=ADVANCED_BREP_SHAPE_REPRESENTATION('',(#292),#13381);
#283=ADVANCED_BREP_SHAPE_REPRESENTATION('',(#293),#13382);
#284=ADVANCED_BREP_SHAPE_REPRESENTATION('',(#294),#13383);
#285=ADVANCED_BREP_SHAPE_REPRESENTATION('',(#295),#13384);
#286=STYLED_ITEM('',(#13442),#291);
#287=STYLED_ITEM('',(#13442),#292);
#288=STYLED_ITEM('',(#13442),#293);
#289=STYLED_ITEM('',(#13442),#294);
#290=STYLED_ITEM('',(#13441),#295);
#291=MANIFOLD_SOLID_BREP('Body1',#4109);
#292=MANIFOLD_SOLID_BREP('Body1',#4110);
#293=MANIFOLD_SOLID_BREP('Body6',#4111);
#294=MANIFOLD_SOLID_BREP('Body1',#4112);
#295=MANIFOLD_SOLID_BREP('Body1',#4113);
#296=FACE_BOUND('',#668,.T.);
#297=FACE_BOUND('',#679,.T.);
#298=FACE_BOUND('',#698,.T.);
#299=FACE_BOUND('',#699,.T.);
#300=FACE_BOUND('',#700,.T.);
#301=FACE_BOUND('',#701,.T.);
#302=FACE_BOUND('',#702,.T.);
#303=FACE_BOUND('',#704,.T.);
#304=FACE_BOUND('',#714,.T.);
#305=FACE_BOUND('',#758,.T.);
#306=FACE_BOUND('',#760,.T.);
#307=FACE_BOUND('',#782,.T.);
#308=FACE_BOUND('',#785,.T.);
#309=FACE_BOUND('',#788,.T.);
#310=FACE_BOUND('',#816,.T.);
#311=FACE_BOUND('',#818,.T.);
#312=FACE_BOUND('',#833,.T.);
#313=FACE_BOUND('',#834,.T.);
#314=FACE_BOUND('',#835,.T.);
#315=FACE_BOUND('',#838,.T.);
#316=FACE_BOUND('',#841,.T.);
#317=FACE_BOUND('',#842,.T.);
#318=FACE_BOUND('',#844,.T.);
#319=FACE_BOUND('',#871,.T.);
#320=FACE_BOUND('',#874,.T.);
#321=FACE_BOUND('',#875,.T.);
#322=FACE_BOUND('',#904,.T.);
#323=FACE_BOUND('',#921,.T.);
#324=PLANE('',#4175);
#325=PLANE('',#4179);
#326=PLANE('',#4183);
#327=PLANE('',#4187);
#328=PLANE('',#4188);
#329=PLANE('',#4193);
#330=PLANE('',#4197);
#331=PLANE('',#4201);
#332=PLANE('',#4205);
#333=PLANE('',#4209);
#334=PLANE('',#4215);
#335=PLANE('',#4219);
#336=PLANE('',#4223);
#337=PLANE('',#4227);
#338=PLANE('',#4231);
#339=PLANE('',#4235);
#340=PLANE('',#4239);
#341=PLANE('',#4243);
#342=PLANE('',#4244);
#343=PLANE('',#4245);
#344=PLANE('',#4258);
#345=PLANE('',#4270);
#346=PLANE('',#4279);
#347=PLANE('',#4280);
#348=PLANE('',#4283);
#349=PLANE('',#4286);
#350=PLANE('',#4287);
#351=PLANE('',#4289);
#352=PLANE('',#4293);
#353=PLANE('',#4296);
#354=PLANE('',#4297);
#355=PLANE('',#4301);
#356=PLANE('',#4302);
#357=PLANE('',#4304);
#358=PLANE('',#4305);
#359=PLANE('',#4307);
#360=PLANE('',#4309);
#361=PLANE('',#4311);
#362=PLANE('',#4313);
#363=PLANE('',#4318);
#364=PLANE('',#4322);
#365=PLANE('',#4326);
#366=PLANE('',#4330);
#367=PLANE('',#4333);
#368=PLANE('',#4334);
#369=PLANE('',#4337);
#370=PLANE('',#4338);
#371=PLANE('',#4341);
#372=PLANE('',#4342);
#373=PLANE('',#4345);
#374=PLANE('',#4346);
#375=PLANE('',#4347);
#376=PLANE('',#4348);
#377=PLANE('',#4364);
#378=PLANE('',#4365);
#379=PLANE('',#4366);
#380=PLANE('',#4367);
#381=PLANE('',#4368);
#382=PLANE('',#4369);
#383=PLANE('',#4370);
#384=PLANE('',#4375);
#385=PLANE('',#4380);
#386=PLANE('',#4395);
#387=PLANE('',#4398);
#388=PLANE('',#4399);
#389=PLANE('',#4417);
#390=PLANE('',#4418);
#391=PLANE('',#4419);
#392=PLANE('',#4422);
#393=PLANE('',#4425);
#394=PLANE('',#4428);
#395=PLANE('',#4431);
#396=PLANE('',#4436);
#397=PLANE('',#4441);
#398=PLANE('',#4444);
#399=PLANE('',#4464);
#400=PLANE('',#4470);
#401=PLANE('',#4476);
#402=PLANE('',#4482);
#403=PLANE('',#4488);
#404=PLANE('',#4493);
#405=PLANE('',#4526);
#406=PLANE('',#4527);
#407=PLANE('',#4528);
#408=PLANE('',#4529);
#409=PLANE('',#4538);
#410=PLANE('',#4541);
#411=PLANE('',#4542);
#412=PLANE('',#4543);
#413=PLANE('',#4544);
#414=PLANE('',#4545);
#415=PLANE('',#4546);
#416=PLANE('',#4547);
#417=PLANE('',#4548);
#418=PLANE('',#4549);
#419=PLANE('',#4550);
#420=PLANE('',#4551);
#421=PLANE('',#4552);
#422=PLANE('',#4555);
#423=PLANE('',#4556);
#424=FACE_OUTER_BOUND('',#659,.T.);
#425=FACE_OUTER_BOUND('',#660,.T.);
#426=FACE_OUTER_BOUND('',#661,.T.);
#427=FACE_OUTER_BOUND('',#662,.T.);
#428=FACE_OUTER_BOUND('',#663,.T.);
#429=FACE_OUTER_BOUND('',#664,.T.);
#430=FACE_OUTER_BOUND('',#665,.T.);
#431=FACE_OUTER_BOUND('',#666,.T.);
#432=FACE_OUTER_BOUND('',#667,.T.);
#433=FACE_OUTER_BOUND('',#669,.T.);
#434=FACE_OUTER_BOUND('',#670,.T.);
#435=FACE_OUTER_BOUND('',#671,.T.);
#436=FACE_OUTER_BOUND('',#672,.T.);
#437=FACE_OUTER_BOUND('',#673,.T.);
#438=FACE_OUTER_BOUND('',#674,.T.);
#439=FACE_OUTER_BOUND('',#675,.T.);
#440=FACE_OUTER_BOUND('',#676,.T.);
#441=FACE_OUTER_BOUND('',#677,.T.);
#442=FACE_OUTER_BOUND('',#678,.T.);
#443=FACE_OUTER_BOUND('',#680,.T.);
#444=FACE_OUTER_BOUND('',#681,.T.);
#445=FACE_OUTER_BOUND('',#682,.T.);
#446=FACE_OUTER_BOUND('',#683,.T.);
#447=FACE_OUTER_BOUND('',#684,.T.);
#448=FACE_OUTER_BOUND('',#685,.T.);
#449=FACE_OUTER_BOUND('',#686,.T.);
#450=FACE_OUTER_BOUND('',#687,.T.);
#451=FACE_OUTER_BOUND('',#688,.T.);
#452=FACE_OUTER_BOUND('',#689,.T.);
#453=FACE_OUTER_BOUND('',#690,.T.);
#454=FACE_OUTER_BOUND('',#691,.T.);
#455=FACE_OUTER_BOUND('',#692,.T.);
#456=FACE_OUTER_BOUND('',#693,.T.);
#457=FACE_OUTER_BOUND('',#694,.T.);
#458=FACE_OUTER_BOUND('',#695,.T.);
#459=FACE_OUTER_BOUND('',#696,.T.);
#460=FACE_OUTER_BOUND('',#697,.T.);
#461=FACE_OUTER_BOUND('',#703,.T.);
#462=FACE_OUTER_BOUND('',#705,.T.);
#463=FACE_OUTER_BOUND('',#706,.T.);
#464=FACE_OUTER_BOUND('',#707,.T.);
#465=FACE_OUTER_BOUND('',#708,.T.);
#466=FACE_OUTER_BOUND('',#709,.T.);
#467=FACE_OUTER_BOUND('',#710,.T.);
#468=FACE_OUTER_BOUND('',#711,.T.);
#469=FACE_OUTER_BOUND('',#712,.T.);
#470=FACE_OUTER_BOUND('',#713,.T.);
#471=FACE_OUTER_BOUND('',#715,.T.);
#472=FACE_OUTER_BOUND('',#716,.T.);
#473=FACE_OUTER_BOUND('',#717,.T.);
#474=FACE_OUTER_BOUND('',#718,.T.);
#475=FACE_OUTER_BOUND('',#719,.T.);
#476=FACE_OUTER_BOUND('',#720,.T.);
#477=FACE_OUTER_BOUND('',#721,.T.);
#478=FACE_OUTER_BOUND('',#722,.T.);
#479=FACE_OUTER_BOUND('',#723,.T.);
#480=FACE_OUTER_BOUND('',#724,.T.);
#481=FACE_OUTER_BOUND('',#725,.T.);
#482=FACE_OUTER_BOUND('',#726,.T.);
#483=FACE_OUTER_BOUND('',#727,.T.);
#484=FACE_OUTER_BOUND('',#728,.T.);
#485=FACE_OUTER_BOUND('',#729,.T.);
#486=FACE_OUTER_BOUND('',#730,.T.);
#487=FACE_OUTER_BOUND('',#731,.T.);
#488=FACE_OUTER_BOUND('',#732,.T.);
#489=FACE_OUTER_BOUND('',#733,.T.);
#490=FACE_OUTER_BOUND('',#734,.T.);
#491=FACE_OUTER_BOUND('',#735,.T.);
#492=FACE_OUTER_BOUND('',#736,.T.);
#493=FACE_OUTER_BOUND('',#737,.T.);
#494=FACE_OUTER_BOUND('',#738,.T.);
#495=FACE_OUTER_BOUND('',#739,.T.);
#496=FACE_OUTER_BOUND('',#740,.T.);
#497=FACE_OUTER_BOUND('',#741,.T.);
#498=FACE_OUTER_BOUND('',#742,.T.);
#499=FACE_OUTER_BOUND('',#743,.T.);
#500=FACE_OUTER_BOUND('',#744,.T.);
#501=FACE_OUTER_BOUND('',#745,.T.);
#502=FACE_OUTER_BOUND('',#746,.T.);
#503=FACE_OUTER_BOUND('',#747,.T.);
#504=FACE_OUTER_BOUND('',#748,.T.);
#505=FACE_OUTER_BOUND('',#749,.T.);
#506=FACE_OUTER_BOUND('',#750,.T.);
#507=FACE_OUTER_BOUND('',#751,.T.);
#508=FACE_OUTER_BOUND('',#752,.T.);
#509=FACE_OUTER_BOUND('',#753,.T.);
#510=FACE_OUTER_BOUND('',#754,.T.);
#511=FACE_OUTER_BOUND('',#755,.T.);
#512=FACE_OUTER_BOUND('',#756,.T.);
#513=FACE_OUTER_BOUND('',#757,.T.);
#514=FACE_OUTER_BOUND('',#759,.T.);
#515=FACE_OUTER_BOUND('',#761,.T.);
#516=FACE_OUTER_BOUND('',#762,.T.);
#517=FACE_OUTER_BOUND('',#763,.T.);
#518=FACE_OUTER_BOUND('',#764,.T.);
#519=FACE_OUTER_BOUND('',#765,.T.);
#520=FACE_OUTER_BOUND('',#766,.T.);
#521=FACE_OUTER_BOUND('',#767,.T.);
#522=FACE_OUTER_BOUND('',#768,.T.);
#523=FACE_OUTER_BOUND('',#769,.T.);
#524=FACE_OUTER_BOUND('',#770,.T.);
#525=FACE_OUTER_BOUND('',#771,.T.);
#526=FACE_OUTER_BOUND('',#772,.T.);
#527=FACE_OUTER_BOUND('',#773,.T.);
#528=FACE_OUTER_BOUND('',#774,.T.);
#529=FACE_OUTER_BOUND('',#775,.T.);
#530=FACE_OUTER_BOUND('',#776,.T.);
#531=FACE_OUTER_BOUND('',#777,.T.);
#532=FACE_OUTER_BOUND('',#778,.T.);
#533=FACE_OUTER_BOUND('',#779,.T.);
#534=FACE_OUTER_BOUND('',#780,.T.);
#535=FACE_OUTER_BOUND('',#781,.T.);
#536=FACE_OUTER_BOUND('',#783,.T.);
#537=FACE_OUTER_BOUND('',#784,.T.);
#538=FACE_OUTER_BOUND('',#786,.T.);
#539=FACE_OUTER_BOUND('',#787,.T.);
#540=FACE_OUTER_BOUND('',#789,.T.);
#541=FACE_OUTER_BOUND('',#790,.T.);
#542=FACE_OUTER_BOUND('',#791,.T.);
#543=FACE_OUTER_BOUND('',#792,.T.);
#544=FACE_OUTER_BOUND('',#793,.T.);
#545=FACE_OUTER_BOUND('',#794,.T.);
#546=FACE_OUTER_BOUND('',#795,.T.);
#547=FACE_OUTER_BOUND('',#796,.T.);
#548=FACE_OUTER_BOUND('',#797,.T.);
#549=FACE_OUTER_BOUND('',#798,.T.);
#550=FACE_OUTER_BOUND('',#799,.T.);
#551=FACE_OUTER_BOUND('',#800,.T.);
#552=FACE_OUTER_BOUND('',#801,.T.);
#553=FACE_OUTER_BOUND('',#802,.T.);
#554=FACE_OUTER_BOUND('',#803,.T.);
#555=FACE_OUTER_BOUND('',#804,.T.);
#556=FACE_OUTER_BOUND('',#805,.T.);
#557=FACE_OUTER_BOUND('',#806,.T.);
#558=FACE_OUTER_BOUND('',#807,.T.);
#559=FACE_OUTER_BOUND('',#808,.T.);
#560=FACE_OUTER_BOUND('',#809,.T.);
#561=FACE_OUTER_BOUND('',#810,.T.);
#562=FACE_OUTER_BOUND('',#811,.T.);
#563=FACE_OUTER_BOUND('',#812,.T.);
#564=FACE_OUTER_BOUND('',#813,.T.);
#565=FACE_OUTER_BOUND('',#814,.T.);
#566=FACE_OUTER_BOUND('',#815,.T.);
#567=FACE_OUTER_BOUND('',#817,.T.);
#568=FACE_OUTER_BOUND('',#819,.T.);
#569=FACE_OUTER_BOUND('',#820,.T.);
#570=FACE_OUTER_BOUND('',#821,.T.);
#571=FACE_OUTER_BOUND('',#822,.T.);
#572=FACE_OUTER_BOUND('',#823,.T.);
#573=FACE_OUTER_BOUND('',#824,.T.);
#574=FACE_OUTER_BOUND('',#825,.T.);
#575=FACE_OUTER_BOUND('',#826,.T.);
#576=FACE_OUTER_BOUND('',#827,.T.);
#577=FACE_OUTER_BOUND('',#828,.T.);
#578=FACE_OUTER_BOUND('',#829,.T.);
#579=FACE_OUTER_BOUND('',#830,.T.);
#580=FACE_OUTER_BOUND('',#831,.T.);
#581=FACE_OUTER_BOUND('',#832,.T.);
#582=FACE_OUTER_BOUND('',#836,.T.);
#583=FACE_OUTER_BOUND('',#837,.T.);
#584=FACE_OUTER_BOUND('',#839,.T.);
#585=FACE_OUTER_BOUND('',#840,.T.);
#586=FACE_OUTER_BOUND('',#843,.T.);
#587=FACE_OUTER_BOUND('',#845,.T.);
#588=FACE_OUTER_BOUND('',#846,.T.);
#589=FACE_OUTER_BOUND('',#847,.T.);
#590=FACE_OUTER_BOUND('',#848,.T.);
#591=FACE_OUTER_BOUND('',#849,.T.);
#592=FACE_OUTER_BOUND('',#850,.T.);
#593=FACE_OUTER_BOUND('',#851,.T.);
#594=FACE_OUTER_BOUND('',#852,.T.);
#595=FACE_OUTER_BOUND('',#853,.T.);
#596=FACE_OUTER_BOUND('',#854,.T.);
#597=FACE_OUTER_BOUND('',#855,.T.);
#598=FACE_OUTER_BOUND('',#856,.T.);
#599=FACE_OUTER_BOUND('',#857,.T.);
#600=FACE_OUTER_BOUND('',#858,.T.);
#601=FACE_OUTER_BOUND('',#859,.T.);
#602=FACE_OUTER_BOUND('',#860,.T.);
#603=FACE_OUTER_BOUND('',#861,.T.);
#604=FACE_OUTER_BOUND('',#862,.T.);
#605=FACE_OUTER_BOUND('',#863,.T.);
#606=FACE_OUTER_BOUND('',#864,.T.);
#607=FACE_OUTER_BOUND('',#865,.T.);
#608=FACE_OUTER_BOUND('',#866,.T.);
#609=FACE_OUTER_BOUND('',#867,.T.);
#610=FACE_OUTER_BOUND('',#868,.T.);
#611=FACE_OUTER_BOUND('',#869,.T.);
#612=FACE_OUTER_BOUND('',#870,.T.);
#613=FACE_OUTER_BOUND('',#872,.T.);
#614=FACE_OUTER_BOUND('',#873,.T.);
#615=FACE_OUTER_BOUND('',#876,.T.);
#616=FACE_OUTER_BOUND('',#877,.T.);
#617=FACE_OUTER_BOUND('',#878,.T.);
#618=FACE_OUTER_BOUND('',#879,.T.);
#619=FACE_OUTER_BOUND('',#880,.T.);
#620=FACE_OUTER_BOUND('',#881,.T.);
#621=FACE_OUTER_BOUND('',#882,.T.);
#622=FACE_OUTER_BOUND('',#883,.T.);
#623=FACE_OUTER_BOUND('',#884,.T.);
#624=FACE_OUTER_BOUND('',#885,.T.);
#625=FACE_OUTER_BOUND('',#886,.T.);
#626=FACE_OUTER_BOUND('',#887,.T.);
#627=FACE_OUTER_BOUND('',#888,.T.);
#628=FACE_OUTER_BOUND('',#889,.T.);
#629=FACE_OUTER_BOUND('',#890,.T.);
#630=FACE_OUTER_BOUND('',#891,.T.);
#631=FACE_OUTER_BOUND('',#892,.T.);
#632=FACE_OUTER_BOUND('',#893,.T.);
#633=FACE_OUTER_BOUND('',#894,.T.);
#634=FACE_OUTER_BOUND('',#895,.T.);
#635=FACE_OUTER_BOUND('',#896,.T.);
#636=FACE_OUTER_BOUND('',#897,.T.);
#637=FACE_OUTER_BOUND('',#898,.T.);
#638=FACE_OUTER_BOUND('',#899,.T.);
#639=FACE_OUTER_BOUND('',#900,.T.);
#640=FACE_OUTER_BOUND('',#901,.T.);
#641=FACE_OUTER_BOUND('',#902,.T.);
#642=FACE_OUTER_BOUND('',#903,.T.);
#643=FACE_OUTER_BOUND('',#905,.T.);
#644=FACE_OUTER_BOUND('',#906,.T.);
#645=FACE_OUTER_BOUND('',#907,.T.);
#646=FACE_OUTER_BOUND('',#908,.T.);
#647=FACE_OUTER_BOUND('',#909,.T.);
#648=FACE_OUTER_BOUND('',#910,.T.);
#649=FACE_OUTER_BOUND('',#911,.T.);
#650=FACE_OUTER_BOUND('',#912,.T.);
#651=FACE_OUTER_BOUND('',#913,.T.);
#652=FACE_OUTER_BOUND('',#914,.T.);
#653=FACE_OUTER_BOUND('',#915,.T.);
#654=FACE_OUTER_BOUND('',#916,.T.);
#655=FACE_OUTER_BOUND('',#917,.T.);
#656=FACE_OUTER_BOUND('',#918,.T.);
#657=FACE_OUTER_BOUND('',#919,.T.);
#658=FACE_OUTER_BOUND('',#920,.T.);
#659=EDGE_LOOP('',(#2611,#2612,#2613,#2614));
#660=EDGE_LOOP('',(#2615));
#661=EDGE_LOOP('',(#2616,#2617,#2618,#2619));
#662=EDGE_LOOP('',(#2620));
#663=EDGE_LOOP('',(#2621,#2622,#2623,#2624));
#664=EDGE_LOOP('',(#2625));
#665=EDGE_LOOP('',(#2626,#2627,#2628,#2629));
#666=EDGE_LOOP('',(#2630));
#667=EDGE_LOOP('',(#2631));
#668=EDGE_LOOP('',(#2632));
#669=EDGE_LOOP('',(#2633,#2634,#2635,#2636));
#670=EDGE_LOOP('',(#2637,#2638,#2639,#2640));
#671=EDGE_LOOP('',(#2641,#2642,#2643,#2644));
#672=EDGE_LOOP('',(#2645,#2646,#2647,#2648));
#673=EDGE_LOOP('',(#2649,#2650,#2651,#2652));
#674=EDGE_LOOP('',(#2653,#2654,#2655,#2656));
#675=EDGE_LOOP('',(#2657,#2658,#2659,#2660));
#676=EDGE_LOOP('',(#2661,#2662,#2663,#2664));
#677=EDGE_LOOP('',(#2665,#2666,#2667,#2668));
#678=EDGE_LOOP('',(#2669,#2670,#2671,#2672,#2673,#2674,#2675,#2676));
#679=EDGE_LOOP('',(#2677));
#680=EDGE_LOOP('',(#2678,#2679,#2680,#2681));
#681=EDGE_LOOP('',(#2682,#2683,#2684,#2685));
#682=EDGE_LOOP('',(#2686,#2687,#2688,#2689));
#683=EDGE_LOOP('',(#2690,#2691,#2692,#2693));
#684=EDGE_LOOP('',(#2694,#2695,#2696,#2697));
#685=EDGE_LOOP('',(#2698,#2699,#2700,#2701));
#686=EDGE_LOOP('',(#2702,#2703,#2704,#2705));
#687=EDGE_LOOP('',(#2706,#2707,#2708,#2709));
#688=EDGE_LOOP('',(#2710,#2711,#2712,#2713));
#689=EDGE_LOOP('',(#2714,#2715,#2716,#2717));
#690=EDGE_LOOP('',(#2718,#2719,#2720,#2721));
#691=EDGE_LOOP('',(#2722,#2723,#2724,#2725));
#692=EDGE_LOOP('',(#2726,#2727,#2728,#2729));
#693=EDGE_LOOP('',(#2730,#2731,#2732,#2733));
#694=EDGE_LOOP('',(#2734,#2735,#2736,#2737));
#695=EDGE_LOOP('',(#2738,#2739,#2740,#2741));
#696=EDGE_LOOP('',(#2742,#2743,#2744,#2745));
#697=EDGE_LOOP('',(#2746,#2747,#2748,#2749,#2750,#2751,#2752,#2753,#2754,
#2755,#2756,#2757,#2758,#2759,#2760,#2761));
#698=EDGE_LOOP('',(#2762));
#699=EDGE_LOOP('',(#2763));
#700=EDGE_LOOP('',(#2764));
#701=EDGE_LOOP('',(#2765));
#702=EDGE_LOOP('',(#2766));
#703=EDGE_LOOP('',(#2767,#2768,#2769,#2770,#2771,#2772,#2773,#2774,#2775,
#2776,#2777,#2778,#2779,#2780,#2781,#2782));
#704=EDGE_LOOP('',(#2783,#2784,#2785,#2786,#2787,#2788,#2789,#2790));
#705=EDGE_LOOP('',(#2791,#2792,#2793,#2794));
#706=EDGE_LOOP('',(#2795,#2796,#2797,#2798));
#707=EDGE_LOOP('',(#2799,#2800,#2801,#2802));
#708=EDGE_LOOP('',(#2803,#2804,#2805,#2806,#2807));
#709=EDGE_LOOP('',(#2808,#2809,#2810,#2811,#2812,#2813,#2814,#2815));
#710=EDGE_LOOP('',(#2816,#2817,#2818));
#711=EDGE_LOOP('',(#2819,#2820,#2821,#2822,#2823,#2824,#2825,#2826,#2827,
#2828,#2829,#2830,#2831,#2832,#2833,#2834,#2835,#2836,#2837,#2838,#2839,
#2840,#2841,#2842));
#712=EDGE_LOOP('',(#2843,#2844,#2845,#2846));
#713=EDGE_LOOP('',(#2847));
#714=EDGE_LOOP('',(#2848,#2849,#2850,#2851,#2852,#2853,#2854,#2855,#2856,
#2857,#2858,#2859,#2860,#2861,#2862,#2863));
#715=EDGE_LOOP('',(#2864,#2865));
#716=EDGE_LOOP('',(#2866,#2867,#2868,#2869));
#717=EDGE_LOOP('',(#2870,#2871,#2872,#2873));
#718=EDGE_LOOP('',(#2874,#2875,#2876,#2877));
#719=EDGE_LOOP('',(#2878,#2879,#2880,#2881));
#720=EDGE_LOOP('',(#2882,#2883,#2884,#2885));
#721=EDGE_LOOP('',(#2886,#2887,#2888,#2889,#2890));
#722=EDGE_LOOP('',(#2891,#2892,#2893,#2894));
#723=EDGE_LOOP('',(#2895,#2896,#2897,#2898));
#724=EDGE_LOOP('',(#2899,#2900,#2901,#2902));
#725=EDGE_LOOP('',(#2903,#2904,#2905,#2906));
#726=EDGE_LOOP('',(#2907,#2908,#2909,#2910,#2911,#2912,#2913,#2914,#2915,
#2916,#2917,#2918,#2919,#2920,#2921,#2922,#2923,#2924,#2925,#2926));
#727=EDGE_LOOP('',(#2927,#2928,#2929,#2930));
#728=EDGE_LOOP('',(#2931,#2932,#2933,#2934));
#729=EDGE_LOOP('',(#2935,#2936,#2937,#2938));
#730=EDGE_LOOP('',(#2939,#2940,#2941,#2942));
#731=EDGE_LOOP('',(#2943,#2944,#2945,#2946));
#732=EDGE_LOOP('',(#2947,#2948,#2949,#2950));
#733=EDGE_LOOP('',(#2951,#2952,#2953,#2954));
#734=EDGE_LOOP('',(#2955,#2956,#2957,#2958));
#735=EDGE_LOOP('',(#2959,#2960,#2961,#2962));
#736=EDGE_LOOP('',(#2963,#2964,#2965,#2966));
#737=EDGE_LOOP('',(#2967,#2968,#2969,#2970));
#738=EDGE_LOOP('',(#2971,#2972,#2973,#2974));
#739=EDGE_LOOP('',(#2975,#2976,#2977,#2978));
#740=EDGE_LOOP('',(#2979,#2980,#2981,#2982));
#741=EDGE_LOOP('',(#2983,#2984,#2985,#2986));
#742=EDGE_LOOP('',(#2987,#2988,#2989,#2990));
#743=EDGE_LOOP('',(#2991,#2992,#2993,#2994));
#744=EDGE_LOOP('',(#2995,#2996,#2997,#2998));
#745=EDGE_LOOP('',(#2999,#3000,#3001,#3002));
#746=EDGE_LOOP('',(#3003,#3004,#3005,#3006));
#747=EDGE_LOOP('',(#3007,#3008,#3009,#3010));
#748=EDGE_LOOP('',(#3011,#3012,#3013,#3014));
#749=EDGE_LOOP('',(#3015,#3016,#3017,#3018));
#750=EDGE_LOOP('',(#3019,#3020,#3021,#3022));
#751=EDGE_LOOP('',(#3023,#3024,#3025,#3026));
#752=EDGE_LOOP('',(#3027,#3028,#3029,#3030));
#753=EDGE_LOOP('',(#3031,#3032,#3033,#3034));
#754=EDGE_LOOP('',(#3035,#3036,#3037,#3038));
#755=EDGE_LOOP('',(#3039,#3040,#3041,#3042));
#756=EDGE_LOOP('',(#3043,#3044,#3045,#3046));
#757=EDGE_LOOP('',(#3047));
#758=EDGE_LOOP('',(#3048,#3049,#3050,#3051,#3052,#3053,#3054,#3055));
#759=EDGE_LOOP('',(#3056,#3057,#3058,#3059,#3060,#3061,#3062,#3063,#3064,
#3065,#3066,#3067,#3068,#3069,#3070,#3071,#3072));
#760=EDGE_LOOP('',(#3073,#3074,#3075,#3076,#3077,#3078,#3079,#3080));
#761=EDGE_LOOP('',(#3081,#3082,#3083,#3084));
#762=EDGE_LOOP('',(#3085,#3086,#3087,#3088));
#763=EDGE_LOOP('',(#3089,#3090,#3091,#3092));
#764=EDGE_LOOP('',(#3093,#3094,#3095,#3096));
#765=EDGE_LOOP('',(#3097,#3098,#3099,#3100));
#766=EDGE_LOOP('',(#3101,#3102,#3103,#3104));
#767=EDGE_LOOP('',(#3105,#3106,#3107,#3108));
#768=EDGE_LOOP('',(#3109,#3110,#3111,#3112));
#769=EDGE_LOOP('',(#3113,#3114,#3115,#3116));
#770=EDGE_LOOP('',(#3117,#3118,#3119,#3120));
#771=EDGE_LOOP('',(#3121,#3122,#3123,#3124));
#772=EDGE_LOOP('',(#3125,#3126,#3127,#3128));
#773=EDGE_LOOP('',(#3129,#3130,#3131,#3132));
#774=EDGE_LOOP('',(#3133,#3134,#3135,#3136));
#775=EDGE_LOOP('',(#3137,#3138,#3139,#3140));
#776=EDGE_LOOP('',(#3141,#3142,#3143,#3144));
#777=EDGE_LOOP('',(#3145,#3146,#3147,#3148));
#778=EDGE_LOOP('',(#3149,#3150,#3151,#3152));
#779=EDGE_LOOP('',(#3153,#3154,#3155,#3156));
#780=EDGE_LOOP('',(#3157,#3158,#3159,#3160));
#781=EDGE_LOOP('',(#3161,#3162,#3163,#3164,#3165,#3166));
#782=EDGE_LOOP('',(#3167));
#783=EDGE_LOOP('',(#3168,#3169,#3170,#3171));
#784=EDGE_LOOP('',(#3172));
#785=EDGE_LOOP('',(#3173));
#786=EDGE_LOOP('',(#3174,#3175,#3176,#3177));
#787=EDGE_LOOP('',(#3178));
#788=EDGE_LOOP('',(#3179));
#789=EDGE_LOOP('',(#3180,#3181,#3182));
#790=EDGE_LOOP('',(#3183,#3184,#3185,#3186));
#791=EDGE_LOOP('',(#3187,#3188,#3189));
#792=EDGE_LOOP('',(#3190,#3191,#3192,#3193,#3194));
#793=EDGE_LOOP('',(#3195,#3196,#3197));
#794=EDGE_LOOP('',(#3198,#3199,#3200,#3201));
#795=EDGE_LOOP('',(#3202,#3203,#3204));
#796=EDGE_LOOP('',(#3205,#3206,#3207,#3208));
#797=EDGE_LOOP('',(#3209,#3210,#3211,#3212));
#798=EDGE_LOOP('',(#3213,#3214,#3215,#3216,#3217));
#799=EDGE_LOOP('',(#3218,#3219,#3220,#3221,#3222,#3223,#3224,#3225,#3226,
#3227));
#800=EDGE_LOOP('',(#3228,#3229,#3230,#3231));
#801=EDGE_LOOP('',(#3232,#3233,#3234,#3235));
#802=EDGE_LOOP('',(#3236,#3237,#3238,#3239,#3240,#3241,#3242));
#803=EDGE_LOOP('',(#3243,#3244,#3245,#3246));
#804=EDGE_LOOP('',(#3247,#3248,#3249,#3250,#3251,#3252,#3253,#3254,#3255,
#3256));
#805=EDGE_LOOP('',(#3257,#3258,#3259,#3260,#3261));
#806=EDGE_LOOP('',(#3262,#3263,#3264,#3265));
#807=EDGE_LOOP('',(#3266,#3267,#3268,#3269));
#808=EDGE_LOOP('',(#3270,#3271,#3272,#3273,#3274));
#809=EDGE_LOOP('',(#3275,#3276,#3277,#3278));
#810=EDGE_LOOP('',(#3279,#3280,#3281,#3282,#3283,#3284,#3285,#3286,#3287));
#811=EDGE_LOOP('',(#3288,#3289,#3290,#3291));
#812=EDGE_LOOP('',(#3292,#3293,#3294,#3295));
#813=EDGE_LOOP('',(#3296,#3297,#3298,#3299));
#814=EDGE_LOOP('',(#3300,#3301,#3302,#3303,#3304,#3305,#3306));
#815=EDGE_LOOP('',(#3307,#3308));
#816=EDGE_LOOP('',(#3309));
#817=EDGE_LOOP('',(#3310,#3311));
#818=EDGE_LOOP('',(#3312));
#819=EDGE_LOOP('',(#3313,#3314,#3315,#3316,#3317,#3318,#3319,#3320,#3321,
#3322));
#820=EDGE_LOOP('',(#3323,#3324,#3325,#3326));
#821=EDGE_LOOP('',(#3327,#3328,#3329,#3330));
#822=EDGE_LOOP('',(#3331,#3332,#3333,#3334));
#823=EDGE_LOOP('',(#3335,#3336,#3337,#3338,#3339,#3340));
#824=EDGE_LOOP('',(#3341,#3342,#3343,#3344,#3345));
#825=EDGE_LOOP('',(#3346,#3347,#3348,#3349,#3350));
#826=EDGE_LOOP('',(#3351,#3352,#3353,#3354,#3355,#3356));
#827=EDGE_LOOP('',(#3357,#3358,#3359,#3360));
#828=EDGE_LOOP('',(#3361,#3362,#3363,#3364));
#829=EDGE_LOOP('',(#3365,#3366,#3367,#3368,#3369));
#830=EDGE_LOOP('',(#3370,#3371,#3372,#3373,#3374));
#831=EDGE_LOOP('',(#3375,#3376,#3377,#3378));
#832=EDGE_LOOP('',(#3379,#3380,#3381,#3382,#3383,#3384,#3385,#3386,#3387,
#3388));
#833=EDGE_LOOP('',(#3389,#3390,#3391,#3392,#3393,#3394));
#834=EDGE_LOOP('',(#3395));
#835=EDGE_LOOP('',(#3396));
#836=EDGE_LOOP('',(#3397,#3398,#3399,#3400));
#837=EDGE_LOOP('',(#3401,#3402,#3403,#3404,#3405,#3406,#3407));
#838=EDGE_LOOP('',(#3408));
#839=EDGE_LOOP('',(#3409,#3410,#3411,#3412,#3413));
#840=EDGE_LOOP('',(#3414,#3415,#3416,#3417,#3418,#3419,#3420,#3421,#3422,
#3423,#3424,#3425,#3426,#3427,#3428,#3429,#3430,#3431,#3432,#3433,#3434,
#3435));
#841=EDGE_LOOP('',(#3436,#3437,#3438,#3439));
#842=EDGE_LOOP('',(#3440,#3441,#3442,#3443));
#843=EDGE_LOOP('',(#3444));
#844=EDGE_LOOP('',(#3445));
#845=EDGE_LOOP('',(#3446,#3447,#3448,#3449,#3450));
#846=EDGE_LOOP('',(#3451,#3452,#3453,#3454,#3455,#3456));
#847=EDGE_LOOP('',(#3457,#3458,#3459,#3460,#3461,#3462,#3463));
#848=EDGE_LOOP('',(#3464,#3465,#3466,#3467));
#849=EDGE_LOOP('',(#3468,#3469,#3470,#3471,#3472,#3473));
#850=EDGE_LOOP('',(#3474,#3475,#3476,#3477,#3478,#3479));
#851=EDGE_LOOP('',(#3480,#3481,#3482,#3483));
#852=EDGE_LOOP('',(#3484,#3485,#3486,#3487,#3488,#3489,#3490));
#853=EDGE_LOOP('',(#3491,#3492,#3493,#3494,#3495,#3496));
#854=EDGE_LOOP('',(#3497,#3498,#3499,#3500,#3501));
#855=EDGE_LOOP('',(#3502,#3503,#3504,#3505,#3506,#3507));
#856=EDGE_LOOP('',(#3508,#3509,#3510,#3511,#3512,#3513));
#857=EDGE_LOOP('',(#3514,#3515,#3516,#3517));
#858=EDGE_LOOP('',(#3518,#3519,#3520,#3521,#3522,#3523));
#859=EDGE_LOOP('',(#3524,#3525,#3526,#3527,#3528,#3529));
#860=EDGE_LOOP('',(#3530,#3531,#3532,#3533));
#861=EDGE_LOOP('',(#3534,#3535,#3536,#3537,#3538,#3539));
#862=EDGE_LOOP('',(#3540,#3541,#3542,#3543,#3544,#3545));
#863=EDGE_LOOP('',(#3546,#3547,#3548,#3549));
#864=EDGE_LOOP('',(#3550,#3551,#3552,#3553,#3554,#3555));
#865=EDGE_LOOP('',(#3556,#3557,#3558,#3559));
#866=EDGE_LOOP('',(#3560,#3561,#3562,#3563,#3564,#3565));
#867=EDGE_LOOP('',(#3566,#3567,#3568,#3569,#3570,#3571));
#868=EDGE_LOOP('',(#3572,#3573,#3574,#3575,#3576,#3577));
#869=EDGE_LOOP('',(#3578,#3579,#3580,#3581,#3582));
#870=EDGE_LOOP('',(#3583));
#871=EDGE_LOOP('',(#3584));
#872=EDGE_LOOP('',(#3585,#3586,#3587,#3588,#3589));
#873=EDGE_LOOP('',(#3590,#3591,#3592,#3593,#3594,#3595,#3596,#3597,#3598,
#3599,#3600,#3601,#3602,#3603,#3604,#3605,#3606,#3607,#3608,#3609,#3610,
#3611));
#874=EDGE_LOOP('',(#3612,#3613,#3614,#3615));
#875=EDGE_LOOP('',(#3616,#3617,#3618,#3619));
#876=EDGE_LOOP('',(#3620,#3621,#3622,#3623,#3624));
#877=EDGE_LOOP('',(#3625,#3626,#3627,#3628,#3629,#3630));
#878=EDGE_LOOP('',(#3631,#3632,#3633,#3634));
#879=EDGE_LOOP('',(#3635,#3636,#3637,#3638,#3639,#3640,#3641));
#880=EDGE_LOOP('',(#3642,#3643,#3644,#3645,#3646));
#881=EDGE_LOOP('',(#3647,#3648,#3649,#3650));
#882=EDGE_LOOP('',(#3651,#3652,#3653,#3654,#3655,#3656));
#883=EDGE_LOOP('',(#3657,#3658,#3659,#3660,#3661,#3662,#3663));
#884=EDGE_LOOP('',(#3664,#3665,#3666,#3667));
#885=EDGE_LOOP('',(#3668,#3669,#3670,#3671,#3672,#3673));
#886=EDGE_LOOP('',(#3674,#3675,#3676,#3677,#3678,#3679));
#887=EDGE_LOOP('',(#3680,#3681,#3682,#3683));
#888=EDGE_LOOP('',(#3684,#3685,#3686,#3687,#3688));
#889=EDGE_LOOP('',(#3689,#3690,#3691,#3692));
#890=EDGE_LOOP('',(#3693,#3694,#3695,#3696,#3697,#3698));
#891=EDGE_LOOP('',(#3699,#3700,#3701,#3702));
#892=EDGE_LOOP('',(#3703,#3704,#3705,#3706,#3707,#3708));
#893=EDGE_LOOP('',(#3709,#3710,#3711,#3712,#3713,#3714));
#894=EDGE_LOOP('',(#3715,#3716,#3717,#3718,#3719,#3720));
#895=EDGE_LOOP('',(#3721,#3722,#3723,#3724,#3725,#3726));
#896=EDGE_LOOP('',(#3727,#3728,#3729,#3730,#3731,#3732));
#897=EDGE_LOOP('',(#3733,#3734,#3735,#3736,#3737,#3738));
#898=EDGE_LOOP('',(#3739,#3740,#3741,#3742,#3743,#3744));
#899=EDGE_LOOP('',(#3745,#3746,#3747,#3748,#3749,#3750));
#900=EDGE_LOOP('',(#3751,#3752,#3753,#3754,#3755,#3756));
#901=EDGE_LOOP('',(#3757,#3758,#3759,#3760));
#902=EDGE_LOOP('',(#3761,#3762,#3763,#3764));
#903=EDGE_LOOP('',(#3765));
#904=EDGE_LOOP('',(#3766,#3767,#3768,#3769,#3770,#3771));
#905=EDGE_LOOP('',(#3772,#3773,#3774,#3775));
#906=EDGE_LOOP('',(#3776,#3777,#3778));
#907=EDGE_LOOP('',(#3779,#3780,#3781));
#908=EDGE_LOOP('',(#3782,#3783,#3784));
#909=EDGE_LOOP('',(#3785,#3786,#3787));
#910=EDGE_LOOP('',(#3788,#3789,#3790));
#911=EDGE_LOOP('',(#3791,#3792,#3793));
#912=EDGE_LOOP('',(#3794,#3795,#3796,#3797));
#913=EDGE_LOOP('',(#3798,#3799,#3800,#3801));
#914=EDGE_LOOP('',(#3802,#3803,#3804,#3805));
#915=EDGE_LOOP('',(#3806,#3807,#3808,#3809));
#916=EDGE_LOOP('',(#3810,#3811,#3812,#3813));
#917=EDGE_LOOP('',(#3814,#3815,#3816,#3817));
#918=EDGE_LOOP('',(#3818,#3819,#3820,#3821));
#919=EDGE_LOOP('',(#3822));
#920=EDGE_LOOP('',(#3823));
#921=EDGE_LOOP('',(#3824));
#922=LINE('',#5596,#1166);
#923=LINE('',#5603,#1167);
#924=LINE('',#5610,#1168);
#925=LINE('',#5617,#1169);
#926=LINE('',#5628,#1170);
#927=LINE('',#5632,#1171);
#928=LINE('',#5634,#1172);
#929=LINE('',#5636,#1173);
#930=LINE('',#5637,#1174);
#931=LINE('',#5643,#1175);
#932=LINE('',#5646,#1176);
#933=LINE('',#5648,#1177);
#934=LINE('',#5649,#1178);
#935=LINE('',#5655,#1179);
#936=LINE('',#5658,#1180);
#937=LINE('',#5660,#1181);
#938=LINE('',#5661,#1182);
#939=LINE('',#5667,#1183);
#940=LINE('',#5670,#1184);
#941=LINE('',#5672,#1185);
#942=LINE('',#5673,#1186);
#943=LINE('',#5681,#1187);
#944=LINE('',#5687,#1188);
#945=LINE('',#5690,#1189);
#946=LINE('',#5693,#1190);
#947=LINE('',#5695,#1191);
#948=LINE('',#5696,#1192);
#949=LINE('',#5702,#1193);
#950=LINE('',#5705,#1194);
#951=LINE('',#5707,#1195);
#952=LINE('',#5708,#1196);
#953=LINE('',#5714,#1197);
#954=LINE('',#5717,#1198);
#955=LINE('',#5719,#1199);
#956=LINE('',#5720,#1200);
#957=LINE('',#5726,#1201);
#958=LINE('',#5729,#1202);
#959=LINE('',#5731,#1203);
#960=LINE('',#5732,#1204);
#961=LINE('',#5738,#1205);
#962=LINE('',#5741,#1206);
#963=LINE('',#5743,#1207);
#964=LINE('',#5744,#1208);
#965=LINE('',#5750,#1209);
#966=LINE('',#5753,#1210);
#967=LINE('',#5755,#1211);
#968=LINE('',#5756,#1212);
#969=LINE('',#5762,#1213);
#970=LINE('',#5765,#1214);
#971=LINE('',#5767,#1215);
#972=LINE('',#5768,#1216);
#973=LINE('',#5774,#1217);
#974=LINE('',#5776,#1218);
#975=LINE('',#5777,#1219);
#976=LINE('',#6127,#1220);
#977=LINE('',#6131,#1221);
#978=LINE('',#6135,#1222);
#979=LINE('',#6139,#1223);
#980=LINE('',#6143,#1224);
#981=LINE('',#6147,#1225);
#982=LINE('',#6151,#1226);
#983=LINE('',#6155,#1227);
#984=LINE('',#6159,#1228);
#985=LINE('',#6340,#1229);
#986=LINE('',#6344,#1230);
#987=LINE('',#6348,#1231);
#988=LINE('',#6352,#1232);
#989=LINE('',#6356,#1233);
#990=LINE('',#6360,#1234);
#991=LINE('',#6364,#1235);
#992=LINE('',#6368,#1236);
#993=LINE('',#6376,#1237);
#994=LINE('',#6379,#1238);
#995=LINE('',#6382,#1239);
#996=LINE('',#6384,#1240);
#997=LINE('',#6385,#1241);
#998=LINE('',#6388,#1242);
#999=LINE('',#6392,#1243);
#1000=LINE('',#6393,#1244);
#1001=LINE('',#6401,#1245);
#1002=LINE('',#6405,#1246);
#1003=LINE('',#6409,#1247);
#1004=LINE('',#6411,#1248);
#1005=LINE('',#6412,#1249);
#1006=LINE('',#6415,#1250);
#1007=LINE('',#6419,#1251);
#1008=LINE('',#6420,#1252);
#1009=LINE('',#6424,#1253);
#1010=LINE('',#6425,#1254);
#1011=LINE('',#6426,#1255);
#1012=LINE('',#6428,#1256);
#1013=LINE('',#6430,#1257);
#1014=LINE('',#6432,#1258);
#1015=LINE('',#6434,#1259);
#1016=LINE('',#6437,#1260);
#1017=LINE('',#6439,#1261);
#1018=LINE('',#6443,#1262);
#1019=LINE('',#6446,#1263);
#1020=LINE('',#6449,#1264);
#1021=LINE('',#6452,#1265);
#1022=LINE('',#6455,#1266);
#1023=LINE('',#6457,#1267);
#1024=LINE('',#6461,#1268);
#1025=LINE('',#6464,#1269);
#1026=LINE('',#6470,#1270);
#1027=LINE('',#6473,#1271);
#1028=LINE('',#6476,#1272);
#1029=LINE('',#6478,#1273);
#1030=LINE('',#6479,#1274);
#1031=LINE('',#6485,#1275);
#1032=LINE('',#6488,#1276);
#1033=LINE('',#6490,#1277);
#1034=LINE('',#6491,#1278);
#1035=LINE('',#6497,#1279);
#1036=LINE('',#6500,#1280);
#1037=LINE('',#6502,#1281);
#1038=LINE('',#6503,#1282);
#1039=LINE('',#6509,#1283);
#1040=LINE('',#6511,#1284);
#1041=LINE('',#6512,#1285);
#1042=LINE('',#6517,#1286);
#1043=LINE('',#6518,#1287);
#1044=LINE('',#6520,#1288);
#1045=LINE('',#6523,#1289);
#1046=LINE('',#6524,#1290);
#1047=LINE('',#6528,#1291);
#1048=LINE('',#6530,#1292);
#1049=LINE('',#6533,#1293);
#1050=LINE('',#6534,#1294);
#1051=LINE('',#6538,#1295);
#1052=LINE('',#6540,#1296);
#1053=LINE('',#6543,#1297);
#1054=LINE('',#6544,#1298);
#1055=LINE('',#6548,#1299);
#1056=LINE('',#6550,#1300);
#1057=LINE('',#6552,#1301);
#1058=LINE('',#9804,#1302);
#1059=LINE('',#9806,#1303);
#1060=LINE('',#9808,#1304);
#1061=LINE('',#9809,#1305);
#1062=LINE('',#9812,#1306);
#1063=LINE('',#9814,#1307);
#1064=LINE('',#9815,#1308);
#1065=LINE('',#9818,#1309);
#1066=LINE('',#9820,#1310);
#1067=LINE('',#9821,#1311);
#1068=LINE('',#9824,#1312);
#1069=LINE('',#9826,#1313);
#1070=LINE('',#9827,#1314);
#1071=LINE('',#9830,#1315);
#1072=LINE('',#9832,#1316);
#1073=LINE('',#9833,#1317);
#1074=LINE('',#9835,#1318);
#1075=LINE('',#9836,#1319);
#1076=LINE('',#9844,#1320);
#1077=LINE('',#9853,#1321);
#1078=LINE('',#10215,#1322);
#1079=LINE('',#10218,#1323);
#1080=LINE('',#10466,#1324);
#1081=LINE('',#10468,#1325);
#1082=LINE('',#10469,#1326);
#1083=LINE('',#10481,#1327);
#1084=LINE('',#10482,#1328);
#1085=LINE('',#10488,#1329);
#1086=LINE('',#10770,#1330);
#1087=LINE('',#10771,#1331);
#1088=LINE('',#10836,#1332);
#1089=LINE('',#10837,#1333);
#1090=LINE('',#10840,#1334);
#1091=LINE('',#10841,#1335);
#1092=LINE('',#10844,#1336);
#1093=LINE('',#10845,#1337);
#1094=LINE('',#10858,#1338);
#1095=LINE('',#10860,#1339);
#1096=LINE('',#10863,#1340);
#1097=LINE('',#10865,#1341);
#1098=LINE('',#10866,#1342);
#1099=LINE('',#10870,#1343);
#1100=LINE('',#10902,#1344);
#1101=LINE('',#10934,#1345);
#1102=LINE('',#10938,#1346);
#1103=LINE('',#10941,#1347);
#1104=LINE('',#10942,#1348);
#1105=LINE('',#10946,#1349);
#1106=LINE('',#10978,#1350);
#1107=LINE('',#11010,#1351);
#1108=LINE('',#11016,#1352);
#1109=LINE('',#11033,#1353);
#1110=LINE('',#11042,#1354);
#1111=LINE('',#11060,#1355);
#1112=LINE('',#11264,#1356);
#1113=LINE('',#11310,#1357);
#1114=LINE('',#11365,#1358);
#1115=LINE('',#11424,#1359);
#1116=LINE('',#11556,#1360);
#1117=LINE('',#11602,#1361);
#1118=LINE('',#11657,#1362);
#1119=LINE('',#11716,#1363);
#1120=LINE('',#11848,#1364);
#1121=LINE('',#11894,#1365);
#1122=LINE('',#11949,#1366);
#1123=LINE('',#12008,#1367);
#1124=LINE('',#12119,#1368);
#1125=LINE('',#12238,#1369);
#1126=LINE('',#12241,#1370);
#1127=LINE('',#12300,#1371);
#1128=LINE('',#12320,#1372);
#1129=LINE('',#12340,#1373);
#1130=LINE('',#12350,#1374);
#1131=LINE('',#12520,#1375);
#1132=LINE('',#12784,#1376);
#1133=LINE('',#12881,#1377);
#1134=LINE('',#13095,#1378);
#1135=LINE('',#13175,#1379);
#1136=LINE('',#13177,#1380);
#1137=LINE('',#13179,#1381);
#1138=LINE('',#13208,#1382);
#1139=LINE('',#13299,#1383);
#1140=LINE('',#13310,#1384);
#1141=LINE('',#13312,#1385);
#1142=LINE('',#13314,#1386);
#1143=LINE('',#13316,#1387);
#1144=LINE('',#13318,#1388);
#1145=LINE('',#13319,#1389);
#1146=LINE('',#13323,#1390);
#1147=LINE('',#13327,#1391);
#1148=LINE('',#13329,#1392);
#1149=LINE('',#13330,#1393);
#1150=LINE('',#13333,#1394);
#1151=LINE('',#13334,#1395);
#1152=LINE('',#13337,#1396);
#1153=LINE('',#13338,#1397);
#1154=LINE('',#13341,#1398);
#1155=LINE('',#13342,#1399);
#1156=LINE('',#13345,#1400);
#1157=LINE('',#13346,#1401);
#1158=LINE('',#13348,#1402);
#1159=LINE('',#13350,#1403);
#1160=LINE('',#13351,#1404);
#1161=LINE('',#13353,#1405);
#1162=LINE('',#13355,#1406);
#1163=LINE('',#13357,#1407);
#1164=LINE('',#13359,#1408);
#1165=LINE('',#13363,#1409);
#1166=VECTOR('',#4570,1.55);
#1167=VECTOR('',#4579,1.55);
#1168=VECTOR('',#4588,1.55);
#1169=VECTOR('',#4597,1.55);
#1170=VECTOR('',#4612,2.1);
#1171=VECTOR('',#4615,10.);
#1172=VECTOR('',#4616,10.);
#1173=VECTOR('',#4617,10.);
#1174=VECTOR('',#4618,10.);
#1175=VECTOR('',#4625,10.);
#1176=VECTOR('',#4628,10.);
#1177=VECTOR('',#4629,10.);
#1178=VECTOR('',#4630,10.);
#1179=VECTOR('',#4637,10.);
#1180=VECTOR('',#4640,10.);
#1181=VECTOR('',#4641,10.);
#1182=VECTOR('',#4642,10.);
#1183=VECTOR('',#4649,10.);
#1184=VECTOR('',#4652,10.);
#1185=VECTOR('',#4653,10.);
#1186=VECTOR('',#4654,10.);
#1187=VECTOR('',#4667,3.5);
#1188=VECTOR('',#4672,10.);
#1189=VECTOR('',#4675,10.);
#1190=VECTOR('',#4678,10.);
#1191=VECTOR('',#4679,10.);
#1192=VECTOR('',#4680,10.);
#1193=VECTOR('',#4687,10.);
#1194=VECTOR('',#4690,10.);
#1195=VECTOR('',#4691,10.);
#1196=VECTOR('',#4692,10.);
#1197=VECTOR('',#4699,10.);
#1198=VECTOR('',#4702,10.);
#1199=VECTOR('',#4703,10.);
#1200=VECTOR('',#4704,10.);
#1201=VECTOR('',#4711,10.);
#1202=VECTOR('',#4714,10.);
#1203=VECTOR('',#4715,10.);
#1204=VECTOR('',#4716,10.);
#1205=VECTOR('',#4723,10.);
#1206=VECTOR('',#4726,10.);
#1207=VECTOR('',#4727,10.);
#1208=VECTOR('',#4728,10.);
#1209=VECTOR('',#4735,10.);
#1210=VECTOR('',#4738,10.);
#1211=VECTOR('',#4739,10.);
#1212=VECTOR('',#4740,10.);
#1213=VECTOR('',#4747,10.);
#1214=VECTOR('',#4750,10.);
#1215=VECTOR('',#4751,10.);
#1216=VECTOR('',#4752,10.);
#1217=VECTOR('',#4759,10.);
#1218=VECTOR('',#4762,10.);
#1219=VECTOR('',#4763,10.);
#1220=VECTOR('',#4796,15.);
#1221=VECTOR('',#4799,10.);
#1222=VECTOR('',#4802,10.);
#1223=VECTOR('',#4805,10.);
#1224=VECTOR('',#4808,10.);
#1225=VECTOR('',#4811,10.);
#1226=VECTOR('',#4814,10.);
#1227=VECTOR('',#4817,10.);
#1228=VECTOR('',#4820,10.);
#1229=VECTOR('',#4827,10.);
#1230=VECTOR('',#4830,10.);
#1231=VECTOR('',#4833,10.);
#1232=VECTOR('',#4836,10.);
#1233=VECTOR('',#4839,10.);
#1234=VECTOR('',#4842,10.);
#1235=VECTOR('',#4845,10.);
#1236=VECTOR('',#4848,10.);
#1237=VECTOR('',#4857,10.);
#1238=VECTOR('',#4860,10.);
#1239=VECTOR('',#4863,10.);
#1240=VECTOR('',#4864,10.);
#1241=VECTOR('',#4865,10.);
#1242=VECTOR('',#4868,10.);
#1243=VECTOR('',#4873,10.);
#1244=VECTOR('',#4874,10.);
#1245=VECTOR('',#4883,10.);
#1246=VECTOR('',#4886,10.);
#1247=VECTOR('',#4891,10.);
#1248=VECTOR('',#4892,10.);
#1249=VECTOR('',#4893,10.);
#1250=VECTOR('',#4896,10.);
#1251=VECTOR('',#4901,10.);
#1252=VECTOR('',#4902,10.);
#1253=VECTOR('',#4909,10.);
#1254=VECTOR('',#4910,10.);
#1255=VECTOR('',#4911,10.);
#1256=VECTOR('',#4912,12.5);
#1257=VECTOR('',#4915,10.);
#1258=VECTOR('',#4918,10.);
#1259=VECTOR('',#4921,10.);
#1260=VECTOR('',#4926,10.);
#1261=VECTOR('',#4929,10.);
#1262=VECTOR('',#4934,10.);
#1263=VECTOR('',#4937,10.);
#1264=VECTOR('',#4940,10.);
#1265=VECTOR('',#4943,10.);
#1266=VECTOR('',#4946,10.);
#1267=VECTOR('',#4947,10.);
#1268=VECTOR('',#4952,10.);
#1269=VECTOR('',#4955,10.);
#1270=VECTOR('',#4960,10.);
#1271=VECTOR('',#4963,10.);
#1272=VECTOR('',#4966,10.);
#1273=VECTOR('',#4967,10.);
#1274=VECTOR('',#4968,10.);
#1275=VECTOR('',#4975,10.);
#1276=VECTOR('',#4978,10.);
#1277=VECTOR('',#4979,10.);
#1278=VECTOR('',#4980,10.);
#1279=VECTOR('',#4987,10.);
#1280=VECTOR('',#4990,10.);
#1281=VECTOR('',#4991,10.);
#1282=VECTOR('',#4992,10.);
#1283=VECTOR('',#4999,10.);
#1284=VECTOR('',#5002,10.);
#1285=VECTOR('',#5003,10.);
#1286=VECTOR('',#5008,10.);
#1287=VECTOR('',#5009,10.);
#1288=VECTOR('',#5012,10.);
#1289=VECTOR('',#5015,10.);
#1290=VECTOR('',#5016,10.);
#1291=VECTOR('',#5021,10.);
#1292=VECTOR('',#5024,10.);
#1293=VECTOR('',#5027,10.);
#1294=VECTOR('',#5028,10.);
#1295=VECTOR('',#5033,10.);
#1296=VECTOR('',#5036,10.);
#1297=VECTOR('',#5039,10.);
#1298=VECTOR('',#5040,10.);
#1299=VECTOR('',#5045,10.);
#1300=VECTOR('',#5048,10.);
#1301=VECTOR('',#5051,10.);
#1302=VECTOR('',#5088,10.);
#1303=VECTOR('',#5089,10.);
#1304=VECTOR('',#5090,10.);
#1305=VECTOR('',#5091,10.);
#1306=VECTOR('',#5094,10.);
#1307=VECTOR('',#5095,10.);
#1308=VECTOR('',#5096,10.);
#1309=VECTOR('',#5099,10.);
#1310=VECTOR('',#5100,10.);
#1311=VECTOR('',#5101,10.);
#1312=VECTOR('',#5104,10.);
#1313=VECTOR('',#5105,10.);
#1314=VECTOR('',#5106,10.);
#1315=VECTOR('',#5109,10.);
#1316=VECTOR('',#5110,10.);
#1317=VECTOR('',#5111,10.);
#1318=VECTOR('',#5114,10.);
#1319=VECTOR('',#5115,10.);
#1320=VECTOR('',#5124,4.5);
#1321=VECTOR('',#5135,4.5);
#1322=VECTOR('',#5166,10.);
#1323=VECTOR('',#5169,10.);
#1324=VECTOR('',#5178,10.);
#1325=VECTOR('',#5179,10.);
#1326=VECTOR('',#5180,10.);
#1327=VECTOR('',#5183,10.);
#1328=VECTOR('',#5184,10.);
#1329=VECTOR('',#5191,10.);
#1330=VECTOR('',#5212,10.);
#1331=VECTOR('',#5213,10.);
#1332=VECTOR('',#5224,10.);
#1333=VECTOR('',#5225,10.);
#1334=VECTOR('',#5228,10.);
#1335=VECTOR('',#5229,10.);
#1336=VECTOR('',#5232,10.);
#1337=VECTOR('',#5233,10.);
#1338=VECTOR('',#5254,2.8);
#1339=VECTOR('',#5257,2.8);
#1340=VECTOR('',#5260,10.);
#1341=VECTOR('',#5261,10.);
#1342=VECTOR('',#5262,10.);
#1343=VECTOR('',#5267,10.);
#1344=VECTOR('',#5268,10.);
#1345=VECTOR('',#5269,10.);
#1346=VECTOR('',#5274,10.);
#1347=VECTOR('',#5277,10.);
#1348=VECTOR('',#5278,10.);
#1349=VECTOR('',#5283,10.);
#1350=VECTOR('',#5284,10.);
#1351=VECTOR('',#5285,10.);
#1352=VECTOR('',#5294,2.1);
#1353=VECTOR('',#5315,12.3);
#1354=VECTOR('',#5318,12.3);
#1355=VECTOR('',#5323,12.3);
#1356=VECTOR('',#5348,10.);
#1357=VECTOR('',#5349,10.);
#1358=VECTOR('',#5356,10.);
#1359=VECTOR('',#5359,10.);
#1360=VECTOR('',#5364,10.);
#1361=VECTOR('',#5365,10.);
#1362=VECTOR('',#5372,10.);
#1363=VECTOR('',#5375,10.);
#1364=VECTOR('',#5380,10.);
#1365=VECTOR('',#5381,10.);
#1366=VECTOR('',#5388,10.);
#1367=VECTOR('',#5391,10.);
#1368=VECTOR('',#5396,10.);
#1369=VECTOR('',#5401,10.);
#1370=VECTOR('',#5404,10.);
#1371=VECTOR('',#5407,10.);
#1372=VECTOR('',#5432,11.1);
#1373=VECTOR('',#5437,11.1);
#1374=VECTOR('',#5440,11.1);
#1375=VECTOR('',#5459,10.);
#1376=VECTOR('',#5466,10.);
#1377=VECTOR('',#5473,10.);
#1378=VECTOR('',#5484,10.);
#1379=VECTOR('',#5489,10.);
#1380=VECTOR('',#5492,10.);
#1381=VECTOR('',#5495,10.);
#1382=VECTOR('',#5496,10.);
#1383=VECTOR('',#5505,1.80529250000017);
#1384=VECTOR('',#5518,10.);
#1385=VECTOR('',#5519,10.);
#1386=VECTOR('',#5520,10.);
#1387=VECTOR('',#5521,10.);
#1388=VECTOR('',#5522,10.);
#1389=VECTOR('',#5523,10.);
#1390=VECTOR('',#5528,3.5);
#1391=VECTOR('',#5531,10.);
#1392=VECTOR('',#5532,10.);
#1393=VECTOR('',#5533,10.);
#1394=VECTOR('',#5536,10.);
#1395=VECTOR('',#5537,10.);
#1396=VECTOR('',#5540,10.);
#1397=VECTOR('',#5541,10.);
#1398=VECTOR('',#5544,10.);
#1399=VECTOR('',#5545,10.);
#1400=VECTOR('',#5548,10.);
#1401=VECTOR('',#5549,10.);
#1402=VECTOR('',#5552,10.);
#1403=VECTOR('',#5555,10.);
#1404=VECTOR('',#5556,10.);
#1405=VECTOR('',#5559,10.);
#1406=VECTOR('',#5562,10.);
#1407=VECTOR('',#5565,10.);
#1408=VECTOR('',#5568,10.);
#1409=VECTOR('',#5573,2.00000000000001);
#1410=CIRCLE('',#4173,1.55);
#1411=CIRCLE('',#4174,1.55);
#1412=CIRCLE('',#4177,1.55);
#1413=CIRCLE('',#4178,1.55);
#1414=CIRCLE('',#4181,1.55);
#1415=CIRCLE('',#4182,1.55);
#1416=CIRCLE('',#4185,1.55);
#1417=CIRCLE('',#4186,1.55);
#1418=CIRCLE('',#4189,3.5);
#1419=CIRCLE('',#4190,2.1);
#1420=CIRCLE('',#4192,2.1);
#1421=CIRCLE('',#4195,0.1);
#1422=CIRCLE('',#4196,0.1);
#1423=CIRCLE('',#4199,8.5);
#1424=CIRCLE('',#4200,8.5);
#1425=CIRCLE('',#4203,0.1);
#1426=CIRCLE('',#4204,0.1);
#1427=CIRCLE('',#4207,8.5);
#1428=CIRCLE('',#4208,8.5);
#1429=CIRCLE('',#4211,3.5);
#1430=CIRCLE('',#4213,14.);
#1431=CIRCLE('',#4214,14.);
#1432=CIRCLE('',#4217,15.);
#1433=CIRCLE('',#4218,15.);
#1434=CIRCLE('',#4221,14.);
#1435=CIRCLE('',#4222,14.);
#1436=CIRCLE('',#4225,15.);
#1437=CIRCLE('',#4226,15.);
#1438=CIRCLE('',#4229,14.);
#1439=CIRCLE('',#4230,14.);
#1440=CIRCLE('',#4233,15.);
#1441=CIRCLE('',#4234,15.);
#1442=CIRCLE('',#4237,14.);
#1443=CIRCLE('',#4238,14.);
#1444=CIRCLE('',#4241,15.);
#1445=CIRCLE('',#4242,15.);
#1446=CIRCLE('',#4248,5.);
#1447=CIRCLE('',#4249,15.);
#1448=CIRCLE('',#4250,5.);
#1449=CIRCLE('',#4251,20.);
#1450=CIRCLE('',#4252,5.);
#1451=CIRCLE('',#4254,15.);
#1452=CIRCLE('',#4255,5.);
#1453=CIRCLE('',#4256,20.);
#1454=CIRCLE('',#4257,3.);
#1455=CIRCLE('',#4260,15.);
#1456=CIRCLE('',#4261,15.);
#1457=CIRCLE('',#4262,15.);
#1458=CIRCLE('',#4263,15.);
#1459=CIRCLE('',#4264,15.);
#1460=CIRCLE('',#4265,15.);
#1461=CIRCLE('',#4266,15.);
#1462=CIRCLE('',#4267,15.);
#1463=CIRCLE('',#4268,15.);
#1464=CIRCLE('',#4269,3.);
#1465=CIRCLE('',#4271,12.5);
#1466=CIRCLE('',#4272,0.099999999999999);
#1467=CIRCLE('',#4273,12.5);
#1468=CIRCLE('',#4274,0.099999999999999);
#1469=CIRCLE('',#4275,12.5);
#1470=CIRCLE('',#4276,0.099999999999999);
#1471=CIRCLE('',#4277,12.5);
#1472=CIRCLE('',#4278,0.0999999999999989);
#1473=CIRCLE('',#4281,12.5);
#1474=CIRCLE('',#4282,0.0999999999999989);
#1475=CIRCLE('',#4285,0.099999999999999);
#1476=CIRCLE('',#4288,12.5);
#1477=CIRCLE('',#4290,12.5);
#1478=CIRCLE('',#4291,0.099999999999999);
#1479=CIRCLE('',#4292,12.5);
#1480=CIRCLE('',#4295,0.099999999999999);
#1481=CIRCLE('',#4298,12.5);
#1482=CIRCLE('',#4300,12.5);
#1483=CIRCLE('',#4308,14.);
#1484=CIRCLE('',#4310,14.);
#1485=CIRCLE('',#4312,14.);
#1486=CIRCLE('',#4314,14.);
#1487=CIRCLE('',#4316,0.1);
#1488=CIRCLE('',#4317,0.1);
#1489=CIRCLE('',#4320,8.5);
#1490=CIRCLE('',#4321,8.5);
#1491=CIRCLE('',#4324,0.1);
#1492=CIRCLE('',#4325,0.1);
#1493=CIRCLE('',#4328,8.5);
#1494=CIRCLE('',#4329,8.5);
#1495=CIRCLE('',#4332,14.);
#1496=CIRCLE('',#4336,14.);
#1497=CIRCLE('',#4340,14.);
#1498=CIRCLE('',#4344,14.);
#1499=CIRCLE('',#4350,3.);
#1500=CIRCLE('',#4351,3.);
#1501=CIRCLE('',#4352,3.);
#1502=CIRCLE('',#4353,3.);
#1503=CIRCLE('',#4354,3.);
#1504=CIRCLE('',#4355,3.);
#1505=CIRCLE('',#4356,3.);
#1506=CIRCLE('',#4357,3.);
#1507=CIRCLE('',#4358,3.);
#1508=CIRCLE('',#4359,3.);
#1509=CIRCLE('',#4360,3.);
#1510=CIRCLE('',#4361,3.);
#1511=CIRCLE('',#4362,3.);
#1512=CIRCLE('',#4363,3.);
#1513=CIRCLE('',#4371,2.1);
#1514=CIRCLE('',#4373,4.5);
#1515=CIRCLE('',#4374,4.5);
#1516=CIRCLE('',#4376,2.8);
#1517=CIRCLE('',#4378,4.5);
#1518=CIRCLE('',#4379,4.5);
#1519=CIRCLE('',#4381,2.8);
#1520=CIRCLE('',#4382,0.499999999999992);
#1521=CIRCLE('',#4384,5.25);
#1522=CIRCLE('',#4385,0.5);
#1523=CIRCLE('',#4386,5.75);
#1524=CIRCLE('',#4387,3.);
#1525=CIRCLE('',#4388,0.500000000000003);
#1526=CIRCLE('',#4390,5.25);
#1527=CIRCLE('',#4391,0.499999999999997);
#1528=CIRCLE('',#4392,5.75);
#1529=CIRCLE('',#4394,3.);
#1530=CIRCLE('',#4396,15.25);
#1531=CIRCLE('',#4397,2.25);
#1532=CIRCLE('',#4401,12.25);
#1533=CIRCLE('',#4402,12.25);
#1534=CIRCLE('',#4403,12.25);
#1535=CIRCLE('',#4404,3.);
#1536=CIRCLE('',#4406,15.25);
#1537=CIRCLE('',#4407,12.25);
#1538=CIRCLE('',#4408,3.);
#1539=CIRCLE('',#4409,3.);
#1540=CIRCLE('',#4410,5.25);
#1541=CIRCLE('',#4411,2.25);
#1542=CIRCLE('',#4413,3.);
#1543=CIRCLE('',#4414,5.25);
#1544=CIRCLE('',#4416,12.25);
#1545=CIRCLE('',#4421,12.25);
#1546=CIRCLE('',#4423,5.25);
#1547=CIRCLE('',#4424,2.8);
#1548=CIRCLE('',#4426,5.25);
#1549=CIRCLE('',#4427,2.8);
#1550=CIRCLE('',#4433,5.25);
#1551=CIRCLE('',#4435,5.25);
#1552=CIRCLE('',#4438,5.25);
#1553=CIRCLE('',#4440,5.25);
#1554=CIRCLE('',#4443,2.1);
#1555=CIRCLE('',#4447,12.3);
#1556=CIRCLE('',#4448,12.3);
#1557=CIRCLE('',#4449,0.4);
#1558=CIRCLE('',#4450,11.9);
#1559=CIRCLE('',#4452,12.3);
#1560=CIRCLE('',#4453,12.3);
#1561=CIRCLE('',#4454,12.3);
#1562=CIRCLE('',#4455,12.3);
#1563=CIRCLE('',#4456,12.3);
#1564=CIRCLE('',#4457,12.3);
#1565=CIRCLE('',#4458,12.3);
#1566=CIRCLE('',#4459,12.3);
#1567=CIRCLE('',#4460,12.3);
#1568=CIRCLE('',#4461,12.3);
#1569=CIRCLE('',#4462,12.3);
#1570=CIRCLE('',#4463,12.3);
#1571=CIRCLE('',#4465,9.1);
#1572=CIRCLE('',#4467,11.9);
#1573=CIRCLE('',#4469,11.9);
#1574=CIRCLE('',#4471,9.1);
#1575=CIRCLE('',#4473,11.9);
#1576=CIRCLE('',#4475,11.9);
#1577=CIRCLE('',#4477,9.1);
#1578=CIRCLE('',#4479,11.9);
#1579=CIRCLE('',#4481,11.9);
#1580=CIRCLE('',#4483,9.1);
#1581=CIRCLE('',#4485,11.9);
#1582=CIRCLE('',#4487,11.9);
#1583=CIRCLE('',#4489,9.1);
#1584=CIRCLE('',#4491,11.9);
#1585=CIRCLE('',#4492,0.4);
#1586=CIRCLE('',#4494,9.1);
#1587=CIRCLE('',#4496,8.7);
#1588=CIRCLE('',#4497,8.7);
#1589=CIRCLE('',#4498,0.4);
#1590=CIRCLE('',#4500,8.7);
#1591=CIRCLE('',#4501,8.7);
#1592=CIRCLE('',#4502,8.7);
#1593=CIRCLE('',#4503,8.7);
#1594=CIRCLE('',#4504,8.7);
#1595=CIRCLE('',#4505,8.7);
#1596=CIRCLE('',#4506,8.7);
#1597=CIRCLE('',#4507,8.7);
#1598=CIRCLE('',#4508,8.7);
#1599=CIRCLE('',#4509,8.7);
#1600=CIRCLE('',#4510,8.7);
#1601=CIRCLE('',#4511,8.7);
#1602=CIRCLE('',#4513,9.1);
#1603=CIRCLE('',#4516,9.1);
#1604=CIRCLE('',#4519,9.1);
#1605=CIRCLE('',#4522,0.4);
#1606=CIRCLE('',#4524,9.1);
#1607=CIRCLE('',#4532,1.954);
#1608=CIRCLE('',#4533,1.57058499999998);
#1609=CIRCLE('',#4535,3.5);
#1610=CIRCLE('',#4536,0.4);
#1611=CIRCLE('',#4537,3.1);
#1612=CIRCLE('',#4540,3.5);
#1613=CIRCLE('',#4554,1.954);
#1614=VERTEX_POINT('',#5593);
#1615=VERTEX_POINT('',#5595);
#1616=VERTEX_POINT('',#5600);
#1617=VERTEX_POINT('',#5602);
#1618=VERTEX_POINT('',#5607);
#1619=VERTEX_POINT('',#5609);
#1620=VERTEX_POINT('',#5614);
#1621=VERTEX_POINT('',#5616);
#1622=VERTEX_POINT('',#5621);
#1623=VERTEX_POINT('',#5623);
#1624=VERTEX_POINT('',#5626);
#1625=VERTEX_POINT('',#5630);
#1626=VERTEX_POINT('',#5631);
#1627=VERTEX_POINT('',#5633);
#1628=VERTEX_POINT('',#5635);
#1629=VERTEX_POINT('',#5639);
#1630=VERTEX_POINT('',#5641);
#1631=VERTEX_POINT('',#5645);
#1632=VERTEX_POINT('',#5647);
#1633=VERTEX_POINT('',#5651);
#1634=VERTEX_POINT('',#5653);
#1635=VERTEX_POINT('',#5657);
#1636=VERTEX_POINT('',#5659);
#1637=VERTEX_POINT('',#5663);
#1638=VERTEX_POINT('',#5665);
#1639=VERTEX_POINT('',#5669);
#1640=VERTEX_POINT('',#5671);
#1641=VERTEX_POINT('',#5679);
#1642=VERTEX_POINT('',#5683);
#1643=VERTEX_POINT('',#5684);
#1644=VERTEX_POINT('',#5686);
#1645=VERTEX_POINT('',#5688);
#1646=VERTEX_POINT('',#5692);
#1647=VERTEX_POINT('',#5694);
#1648=VERTEX_POINT('',#5698);
#1649=VERTEX_POINT('',#5700);
#1650=VERTEX_POINT('',#5704);
#1651=VERTEX_POINT('',#5706);
#1652=VERTEX_POINT('',#5710);
#1653=VERTEX_POINT('',#5712);
#1654=VERTEX_POINT('',#5716);
#1655=VERTEX_POINT('',#5718);
#1656=VERTEX_POINT('',#5722);
#1657=VERTEX_POINT('',#5724);
#1658=VERTEX_POINT('',#5728);
#1659=VERTEX_POINT('',#5730);
#1660=VERTEX_POINT('',#5734);
#1661=VERTEX_POINT('',#5736);
#1662=VERTEX_POINT('',#5740);
#1663=VERTEX_POINT('',#5742);
#1664=VERTEX_POINT('',#5746);
#1665=VERTEX_POINT('',#5748);
#1666=VERTEX_POINT('',#5752);
#1667=VERTEX_POINT('',#5754);
#1668=VERTEX_POINT('',#5758);
#1669=VERTEX_POINT('',#5760);
#1670=VERTEX_POINT('',#5764);
#1671=VERTEX_POINT('',#5766);
#1672=VERTEX_POINT('',#5770);
#1673=VERTEX_POINT('',#5772);
#1674=VERTEX_POINT('',#5782);
#1675=VERTEX_POINT('',#5783);
#1676=VERTEX_POINT('',#5785);
#1677=VERTEX_POINT('',#5787);
#1678=VERTEX_POINT('',#5832);
#1679=VERTEX_POINT('',#5833);
#1680=VERTEX_POINT('',#5850);
#1681=VERTEX_POINT('',#5852);
#1682=VERTEX_POINT('',#5904);
#1683=VERTEX_POINT('',#6061);
#1684=VERTEX_POINT('',#6071);
#1685=VERTEX_POINT('',#6126);
#1686=VERTEX_POINT('',#6128);
#1687=VERTEX_POINT('',#6130);
#1688=VERTEX_POINT('',#6132);
#1689=VERTEX_POINT('',#6134);
#1690=VERTEX_POINT('',#6136);
#1691=VERTEX_POINT('',#6138);
#1692=VERTEX_POINT('',#6140);
#1693=VERTEX_POINT('',#6142);
#1694=VERTEX_POINT('',#6144);
#1695=VERTEX_POINT('',#6146);
#1696=VERTEX_POINT('',#6148);
#1697=VERTEX_POINT('',#6150);
#1698=VERTEX_POINT('',#6152);
#1699=VERTEX_POINT('',#6154);
#1700=VERTEX_POINT('',#6156);
#1701=VERTEX_POINT('',#6158);
#1702=VERTEX_POINT('',#6306);
#1703=VERTEX_POINT('',#6338);
#1704=VERTEX_POINT('',#6339);
#1705=VERTEX_POINT('',#6341);
#1706=VERTEX_POINT('',#6343);
#1707=VERTEX_POINT('',#6345);
#1708=VERTEX_POINT('',#6347);
#1709=VERTEX_POINT('',#6349);
#1710=VERTEX_POINT('',#6351);
#1711=VERTEX_POINT('',#6353);
#1712=VERTEX_POINT('',#6355);
#1713=VERTEX_POINT('',#6357);
#1714=VERTEX_POINT('',#6359);
#1715=VERTEX_POINT('',#6361);
#1716=VERTEX_POINT('',#6363);
#1717=VERTEX_POINT('',#6365);
#1718=VERTEX_POINT('',#6367);
#1719=VERTEX_POINT('',#6372);
#1720=VERTEX_POINT('',#6373);
#1721=VERTEX_POINT('',#6375);
#1722=VERTEX_POINT('',#6377);
#1723=VERTEX_POINT('',#6381);
#1724=VERTEX_POINT('',#6383);
#1725=VERTEX_POINT('',#6387);
#1726=VERTEX_POINT('',#6391);
#1727=VERTEX_POINT('',#6397);
#1728=VERTEX_POINT('',#6398);
#1729=VERTEX_POINT('',#6400);
#1730=VERTEX_POINT('',#6402);
#1731=VERTEX_POINT('',#6404);
#1732=VERTEX_POINT('',#6408);
#1733=VERTEX_POINT('',#6410);
#1734=VERTEX_POINT('',#6414);
#1735=VERTEX_POINT('',#6418);
#1736=VERTEX_POINT('',#6427);
#1737=VERTEX_POINT('',#6442);
#1738=VERTEX_POINT('',#6444);
#1739=VERTEX_POINT('',#6448);
#1740=VERTEX_POINT('',#6450);
#1741=VERTEX_POINT('',#6454);
#1742=VERTEX_POINT('',#6456);
#1743=VERTEX_POINT('',#6460);
#1744=VERTEX_POINT('',#6462);
#1745=VERTEX_POINT('',#6466);
#1746=VERTEX_POINT('',#6467);
#1747=VERTEX_POINT('',#6469);
#1748=VERTEX_POINT('',#6471);
#1749=VERTEX_POINT('',#6475);
#1750=VERTEX_POINT('',#6477);
#1751=VERTEX_POINT('',#6481);
#1752=VERTEX_POINT('',#6483);
#1753=VERTEX_POINT('',#6487);
#1754=VERTEX_POINT('',#6489);
#1755=VERTEX_POINT('',#6493);
#1756=VERTEX_POINT('',#6495);
#1757=VERTEX_POINT('',#6499);
#1758=VERTEX_POINT('',#6501);
#1759=VERTEX_POINT('',#6505);
#1760=VERTEX_POINT('',#6507);
#1761=VERTEX_POINT('',#6514);
#1762=VERTEX_POINT('',#6515);
#1763=VERTEX_POINT('',#6522);
#1764=VERTEX_POINT('',#6526);
#1765=VERTEX_POINT('',#6532);
#1766=VERTEX_POINT('',#6536);
#1767=VERTEX_POINT('',#6542);
#1768=VERTEX_POINT('',#6546);
#1769=VERTEX_POINT('',#6691);
#1770=VERTEX_POINT('',#6692);
#1771=VERTEX_POINT('',#6708);
#1772=VERTEX_POINT('',#6718);
#1773=VERTEX_POINT('',#6952);
#1774=VERTEX_POINT('',#6968);
#1775=VERTEX_POINT('',#7202);
#1776=VERTEX_POINT('',#7212);
#1777=VERTEX_POINT('',#7341);
#1778=VERTEX_POINT('',#7351);
#1779=VERTEX_POINT('',#7483);
#1780=VERTEX_POINT('',#7493);
#1781=VERTEX_POINT('',#7763);
#1782=VERTEX_POINT('',#7773);
#1783=VERTEX_POINT('',#8043);
#1784=VERTEX_POINT('',#8053);
#1785=VERTEX_POINT('',#8233);
#1786=VERTEX_POINT('',#8234);
#1787=VERTEX_POINT('',#8249);
#1788=VERTEX_POINT('',#8259);
#1789=VERTEX_POINT('',#8571);
#1790=VERTEX_POINT('',#8586);
#1791=VERTEX_POINT('',#8898);
#1792=VERTEX_POINT('',#8908);
#1793=VERTEX_POINT('',#9085);
#1794=VERTEX_POINT('',#9100);
#1795=VERTEX_POINT('',#9274);
#1796=VERTEX_POINT('',#9284);
#1797=VERTEX_POINT('',#9506);
#1798=VERTEX_POINT('',#9521);
#1799=VERTEX_POINT('',#9743);
#1800=VERTEX_POINT('',#9753);
#1801=VERTEX_POINT('',#9802);
#1802=VERTEX_POINT('',#9803);
#1803=VERTEX_POINT('',#9805);
#1804=VERTEX_POINT('',#9807);
#1805=VERTEX_POINT('',#9811);
#1806=VERTEX_POINT('',#9813);
#1807=VERTEX_POINT('',#9817);
#1808=VERTEX_POINT('',#9819);
#1809=VERTEX_POINT('',#9823);
#1810=VERTEX_POINT('',#9825);
#1811=VERTEX_POINT('',#9829);
#1812=VERTEX_POINT('',#9831);
#1813=VERTEX_POINT('',#9838);
#1814=VERTEX_POINT('',#9841);
#1815=VERTEX_POINT('',#9843);
#1816=VERTEX_POINT('',#9847);
#1817=VERTEX_POINT('',#9850);
#1818=VERTEX_POINT('',#9852);
#1819=VERTEX_POINT('',#9856);
#1820=VERTEX_POINT('',#9890);
#1821=VERTEX_POINT('',#9891);
#1822=VERTEX_POINT('',#9893);
#1823=VERTEX_POINT('',#9911);
#1824=VERTEX_POINT('',#9913);
#1825=VERTEX_POINT('',#9976);
#1826=VERTEX_POINT('',#10041);
#1827=VERTEX_POINT('',#10098);
#1828=VERTEX_POINT('',#10099);
#1829=VERTEX_POINT('',#10101);
#1830=VERTEX_POINT('',#10123);
#1831=VERTEX_POINT('',#10125);
#1832=VERTEX_POINT('',#10188);
#1833=VERTEX_POINT('',#10214);
#1834=VERTEX_POINT('',#10216);
#1835=VERTEX_POINT('',#10444);
#1836=VERTEX_POINT('',#10455);
#1837=VERTEX_POINT('',#10456);
#1838=VERTEX_POINT('',#10465);
#1839=VERTEX_POINT('',#10467);
#1840=VERTEX_POINT('',#10471);
#1841=VERTEX_POINT('',#10480);
#1842=VERTEX_POINT('',#10485);
#1843=VERTEX_POINT('',#10487);
#1844=VERTEX_POINT('',#10625);
#1845=VERTEX_POINT('',#10672);
#1846=VERTEX_POINT('',#10674);
#1847=VERTEX_POINT('',#10681);
#1848=VERTEX_POINT('',#10736);
#1849=VERTEX_POINT('',#10745);
#1850=VERTEX_POINT('',#10764);
#1851=VERTEX_POINT('',#10765);
#1852=VERTEX_POINT('',#10812);
#1853=VERTEX_POINT('',#10835);
#1854=VERTEX_POINT('',#10839);
#1855=VERTEX_POINT('',#10843);
#1856=VERTEX_POINT('',#10850);
#1857=VERTEX_POINT('',#10854);
#1858=VERTEX_POINT('',#10862);
#1859=VERTEX_POINT('',#10864);
#1860=VERTEX_POINT('',#10868);
#1861=VERTEX_POINT('',#10891);
#1862=VERTEX_POINT('',#10923);
#1863=VERTEX_POINT('',#10936);
#1864=VERTEX_POINT('',#10940);
#1865=VERTEX_POINT('',#10944);
#1866=VERTEX_POINT('',#10967);
#1867=VERTEX_POINT('',#10999);
#1868=VERTEX_POINT('',#11015);
#1869=VERTEX_POINT('',#11021);
#1870=VERTEX_POINT('',#11022);
#1871=VERTEX_POINT('',#11025);
#1872=VERTEX_POINT('',#11029);
#1873=VERTEX_POINT('',#11030);
#1874=VERTEX_POINT('',#11032);
#1875=VERTEX_POINT('',#11034);
#1876=VERTEX_POINT('',#11036);
#1877=VERTEX_POINT('',#11041);
#1878=VERTEX_POINT('',#11043);
#1879=VERTEX_POINT('',#11048);
#1880=VERTEX_POINT('',#11050);
#1881=VERTEX_POINT('',#11058);
#1882=VERTEX_POINT('',#11061);
#1883=VERTEX_POINT('',#11070);
#1884=VERTEX_POINT('',#11078);
#1885=VERTEX_POINT('',#11080);
#1886=VERTEX_POINT('',#11090);
#1887=VERTEX_POINT('',#11091);
#1888=VERTEX_POINT('',#11093);
#1889=VERTEX_POINT('',#11101);
#1890=VERTEX_POINT('',#11110);
#1891=VERTEX_POINT('',#11111);
#1892=VERTEX_POINT('',#11113);
#1893=VERTEX_POINT('',#11121);
#1894=VERTEX_POINT('',#11131);
#1895=VERTEX_POINT('',#11134);
#1896=VERTEX_POINT('',#11135);
#1897=VERTEX_POINT('',#11234);
#1898=VERTEX_POINT('',#11251);
#1899=VERTEX_POINT('',#11256);
#1900=VERTEX_POINT('',#11300);
#1901=VERTEX_POINT('',#11301);
#1902=VERTEX_POINT('',#11309);
#1903=VERTEX_POINT('',#11364);
#1904=VERTEX_POINT('',#11366);
#1905=VERTEX_POINT('',#11402);
#1906=VERTEX_POINT('',#11412);
#1907=VERTEX_POINT('',#11417);
#1908=VERTEX_POINT('',#11426);
#1909=VERTEX_POINT('',#11427);
#1910=VERTEX_POINT('',#11526);
#1911=VERTEX_POINT('',#11543);
#1912=VERTEX_POINT('',#11548);
#1913=VERTEX_POINT('',#11592);
#1914=VERTEX_POINT('',#11593);
#1915=VERTEX_POINT('',#11601);
#1916=VERTEX_POINT('',#11656);
#1917=VERTEX_POINT('',#11658);
#1918=VERTEX_POINT('',#11694);
#1919=VERTEX_POINT('',#11704);
#1920=VERTEX_POINT('',#11709);
#1921=VERTEX_POINT('',#11718);
#1922=VERTEX_POINT('',#11719);
#1923=VERTEX_POINT('',#11818);
#1924=VERTEX_POINT('',#11835);
#1925=VERTEX_POINT('',#11840);
#1926=VERTEX_POINT('',#11884);
#1927=VERTEX_POINT('',#11885);
#1928=VERTEX_POINT('',#11893);
#1929=VERTEX_POINT('',#11948);
#1930=VERTEX_POINT('',#11950);
#1931=VERTEX_POINT('',#11986);
#1932=VERTEX_POINT('',#11996);
#1933=VERTEX_POINT('',#12001);
#1934=VERTEX_POINT('',#12010);
#1935=VERTEX_POINT('',#12057);
#1936=VERTEX_POINT('',#12110);
#1937=VERTEX_POINT('',#12111);
#1938=VERTEX_POINT('',#12120);
#1939=VERTEX_POINT('',#12142);
#1940=VERTEX_POINT('',#12225);
#1941=VERTEX_POINT('',#12230);
#1942=VERTEX_POINT('',#12240);
#1943=VERTEX_POINT('',#12242);
#1944=VERTEX_POINT('',#12281);
#1945=VERTEX_POINT('',#12288);
#1946=VERTEX_POINT('',#12293);
#1947=VERTEX_POINT('',#12302);
#1948=VERTEX_POINT('',#12306);
#1949=VERTEX_POINT('',#12309);
#1950=VERTEX_POINT('',#12310);
#1951=VERTEX_POINT('',#12315);
#1952=VERTEX_POINT('',#12316);
#1953=VERTEX_POINT('',#12319);
#1954=VERTEX_POINT('',#12321);
#1955=VERTEX_POINT('',#12323);
#1956=VERTEX_POINT('',#12330);
#1957=VERTEX_POINT('',#12332);
#1958=VERTEX_POINT('',#12339);
#1959=VERTEX_POINT('',#12341);
#1960=VERTEX_POINT('',#12348);
#1961=VERTEX_POINT('',#12351);
#1962=VERTEX_POINT('',#12353);
#1963=VERTEX_POINT('',#12360);
#1964=VERTEX_POINT('',#12366);
#1965=VERTEX_POINT('',#12372);
#1966=VERTEX_POINT('',#12373);
#1967=VERTEX_POINT('',#12380);
#1968=VERTEX_POINT('',#12382);
#1969=VERTEX_POINT('',#12390);
#1970=VERTEX_POINT('',#12391);
#1971=VERTEX_POINT('',#12398);
#1972=VERTEX_POINT('',#12400);
#1973=VERTEX_POINT('',#12438);
#1974=VERTEX_POINT('',#12482);
#1975=VERTEX_POINT('',#12518);
#1976=VERTEX_POINT('',#12629);
#1977=VERTEX_POINT('',#12673);
#1978=VERTEX_POINT('',#12782);
#1979=VERTEX_POINT('',#12878);
#1980=VERTEX_POINT('',#12880);
#1981=VERTEX_POINT('',#12926);
#1982=VERTEX_POINT('',#13013);
#1983=VERTEX_POINT('',#13057);
#1984=VERTEX_POINT('',#13093);
#1985=VERTEX_POINT('',#13296);
#1986=VERTEX_POINT('',#13298);
#1987=VERTEX_POINT('',#13302);
#1988=VERTEX_POINT('',#13304);
#1989=VERTEX_POINT('',#13308);
#1990=VERTEX_POINT('',#13309);
#1991=VERTEX_POINT('',#13311);
#1992=VERTEX_POINT('',#13313);
#1993=VERTEX_POINT('',#13315);
#1994=VERTEX_POINT('',#13317);
#1995=VERTEX_POINT('',#13321);
#1996=VERTEX_POINT('',#13325);
#1997=VERTEX_POINT('',#13326);
#1998=VERTEX_POINT('',#13328);
#1999=VERTEX_POINT('',#13332);
#2000=VERTEX_POINT('',#13336);
#2001=VERTEX_POINT('',#13340);
#2002=VERTEX_POINT('',#13344);
#2003=VERTEX_POINT('',#13362);
#2004=EDGE_CURVE('',#1614,#1614,#1410,.T.);
#2005=EDGE_CURVE('',#1614,#1615,#922,.T.);
#2006=EDGE_CURVE('',#1615,#1615,#1411,.T.);
#2007=EDGE_CURVE('',#1616,#1616,#1412,.T.);
#2008=EDGE_CURVE('',#1616,#1617,#923,.T.);
#2009=EDGE_CURVE('',#1617,#1617,#1413,.T.);
#2010=EDGE_CURVE('',#1618,#1618,#1414,.T.);
#2011=EDGE_CURVE('',#1618,#1619,#924,.T.);
#2012=EDGE_CURVE('',#1619,#1619,#1415,.T.);
#2013=EDGE_CURVE('',#1620,#1620,#1416,.T.);
#2014=EDGE_CURVE('',#1620,#1621,#925,.T.);
#2015=EDGE_CURVE('',#1621,#1621,#1417,.T.);
#2016=EDGE_CURVE('',#1622,#1622,#1418,.T.);
#2017=EDGE_CURVE('',#1623,#1623,#1419,.T.);
#2018=EDGE_CURVE('',#1624,#1624,#1420,.T.);
#2019=EDGE_CURVE('',#1624,#1623,#926,.T.);
#2020=EDGE_CURVE('',#1625,#1626,#927,.T.);
#2021=EDGE_CURVE('',#1625,#1627,#928,.T.);
#2022=EDGE_CURVE('',#1628,#1627,#929,.T.);
#2023=EDGE_CURVE('',#1626,#1628,#930,.T.);
#2024=EDGE_CURVE('',#1626,#1629,#1421,.T.);
#2025=EDGE_CURVE('',#1630,#1628,#1422,.T.);
#2026=EDGE_CURVE('',#1629,#1630,#931,.T.);
#2027=EDGE_CURVE('',#1629,#1631,#932,.T.);
#2028=EDGE_CURVE('',#1632,#1630,#933,.T.);
#2029=EDGE_CURVE('',#1631,#1632,#934,.T.);
#2030=EDGE_CURVE('',#1631,#1633,#1423,.T.);
#2031=EDGE_CURVE('',#1634,#1632,#1424,.T.);
#2032=EDGE_CURVE('',#1633,#1634,#935,.T.);
#2033=EDGE_CURVE('',#1633,#1635,#936,.T.);
#2034=EDGE_CURVE('',#1636,#1634,#937,.T.);
#2035=EDGE_CURVE('',#1635,#1636,#938,.T.);
#2036=EDGE_CURVE('',#1635,#1637,#1425,.T.);
#2037=EDGE_CURVE('',#1638,#1636,#1426,.T.);
#2038=EDGE_CURVE('',#1637,#1638,#939,.T.);
#2039=EDGE_CURVE('',#1637,#1639,#940,.T.);
#2040=EDGE_CURVE('',#1640,#1638,#941,.T.);
#2041=EDGE_CURVE('',#1639,#1640,#942,.T.);
#2042=EDGE_CURVE('',#1639,#1625,#1427,.T.);
#2043=EDGE_CURVE('',#1627,#1640,#1428,.T.);
#2044=EDGE_CURVE('',#1641,#1641,#1429,.T.);
#2045=EDGE_CURVE('',#1641,#1622,#943,.T.);
#2046=EDGE_CURVE('',#1642,#1643,#1430,.T.);
#2047=EDGE_CURVE('',#1643,#1644,#944,.T.);
#2048=EDGE_CURVE('',#1645,#1644,#1431,.T.);
#2049=EDGE_CURVE('',#1642,#1645,#945,.T.);
#2050=EDGE_CURVE('',#1642,#1646,#946,.T.);
#2051=EDGE_CURVE('',#1647,#1645,#947,.T.);
#2052=EDGE_CURVE('',#1646,#1647,#948,.T.);
#2053=EDGE_CURVE('',#1648,#1646,#1432,.T.);
#2054=EDGE_CURVE('',#1649,#1647,#1433,.T.);
#2055=EDGE_CURVE('',#1648,#1649,#949,.T.);
#2056=EDGE_CURVE('',#1650,#1648,#950,.T.);
#2057=EDGE_CURVE('',#1651,#1649,#951,.T.);
#2058=EDGE_CURVE('',#1650,#1651,#952,.T.);
#2059=EDGE_CURVE('',#1652,#1650,#1434,.T.);
#2060=EDGE_CURVE('',#1653,#1651,#1435,.T.);
#2061=EDGE_CURVE('',#1652,#1653,#953,.T.);
#2062=EDGE_CURVE('',#1652,#1654,#954,.T.);
#2063=EDGE_CURVE('',#1655,#1653,#955,.T.);
#2064=EDGE_CURVE('',#1654,#1655,#956,.T.);
#2065=EDGE_CURVE('',#1656,#1654,#1436,.T.);
#2066=EDGE_CURVE('',#1657,#1655,#1437,.T.);
#2067=EDGE_CURVE('',#1656,#1657,#957,.T.);
#2068=EDGE_CURVE('',#1658,#1656,#958,.T.);
#2069=EDGE_CURVE('',#1659,#1657,#959,.T.);
#2070=EDGE_CURVE('',#1658,#1659,#960,.T.);
#2071=EDGE_CURVE('',#1660,#1658,#1438,.T.);
#2072=EDGE_CURVE('',#1661,#1659,#1439,.T.);
#2073=EDGE_CURVE('',#1660,#1661,#961,.T.);
#2074=EDGE_CURVE('',#1660,#1662,#962,.T.);
#2075=EDGE_CURVE('',#1663,#1661,#963,.T.);
#2076=EDGE_CURVE('',#1662,#1663,#964,.T.);
#2077=EDGE_CURVE('',#1664,#1662,#1440,.T.);
#2078=EDGE_CURVE('',#1665,#1663,#1441,.T.);
#2079=EDGE_CURVE('',#1664,#1665,#965,.T.);
#2080=EDGE_CURVE('',#1666,#1664,#966,.T.);
#2081=EDGE_CURVE('',#1667,#1665,#967,.T.);
#2082=EDGE_CURVE('',#1666,#1667,#968,.T.);
#2083=EDGE_CURVE('',#1668,#1666,#1442,.T.);
#2084=EDGE_CURVE('',#1669,#1667,#1443,.T.);
#2085=EDGE_CURVE('',#1668,#1669,#969,.T.);
#2086=EDGE_CURVE('',#1668,#1670,#970,.T.);
#2087=EDGE_CURVE('',#1671,#1669,#971,.T.);
#2088=EDGE_CURVE('',#1670,#1671,#972,.T.);
#2089=EDGE_CURVE('',#1672,#1670,#1444,.T.);
#2090=EDGE_CURVE('',#1673,#1671,#1445,.T.);
#2091=EDGE_CURVE('',#1672,#1673,#973,.T.);
#2092=EDGE_CURVE('',#1643,#1672,#974,.T.);
#2093=EDGE_CURVE('',#1644,#1673,#975,.T.);
#2094=EDGE_CURVE('',#1674,#1675,#1446,.T.);
#2095=EDGE_CURVE('',#1675,#1676,#1447,.T.);
#2096=EDGE_CURVE('',#1676,#1677,#1448,.T.);
#2097=EDGE_CURVE('',#1677,#1674,#1449,.T.);
#2098=EDGE_CURVE('',#1678,#1679,#1450,.T.);
#2099=EDGE_CURVE('',#1679,#1677,#42,.T.);
#2100=EDGE_CURVE('',#1676,#1678,#43,.T.);
#2101=EDGE_CURVE('',#1678,#1680,#1451,.T.);
#2102=EDGE_CURVE('',#1680,#1681,#1452,.T.);
#2103=EDGE_CURVE('',#1681,#1679,#1453,.T.);
#2104=EDGE_CURVE('',#1674,#1681,#44,.T.);
#2105=EDGE_CURVE('',#1680,#1682,#45,.T.);
#2106=EDGE_CURVE('',#1682,#1675,#46,.T.);
#2107=EDGE_CURVE('',#1674,#1683,#47,.T.);
#2108=EDGE_CURVE('',#1683,#1684,#1454,.T.);
#2109=EDGE_CURVE('',#1684,#1684,#48,.T.);
#2110=EDGE_CURVE('',#1683,#1677,#49,.T.);
#2111=EDGE_CURVE('',#1679,#1681,#50,.T.);
#2112=EDGE_CURVE('',#1682,#1685,#976,.T.);
#2113=EDGE_CURVE('',#1685,#1686,#1455,.T.);
#2114=EDGE_CURVE('',#1686,#1687,#977,.T.);
#2115=EDGE_CURVE('',#1688,#1687,#1456,.T.);
#2116=EDGE_CURVE('',#1689,#1688,#978,.T.);
#2117=EDGE_CURVE('',#1689,#1690,#1457,.T.);
#2118=EDGE_CURVE('',#1690,#1691,#979,.T.);
#2119=EDGE_CURVE('',#1692,#1691,#1458,.T.);
#2120=EDGE_CURVE('',#1693,#1692,#980,.T.);
#2121=EDGE_CURVE('',#1693,#1694,#1459,.T.);
#2122=EDGE_CURVE('',#1694,#1695,#981,.T.);
#2123=EDGE_CURVE('',#1696,#1695,#1460,.T.);
#2124=EDGE_CURVE('',#1697,#1696,#982,.T.);
#2125=EDGE_CURVE('',#1697,#1698,#1461,.T.);
#2126=EDGE_CURVE('',#1698,#1699,#983,.T.);
#2127=EDGE_CURVE('',#1700,#1699,#1462,.T.);
#2128=EDGE_CURVE('',#1701,#1700,#984,.T.);
#2129=EDGE_CURVE('',#1701,#1685,#1463,.T.);
#2130=EDGE_CURVE('',#1702,#1684,#1464,.T.);
#2131=EDGE_CURVE('',#1702,#1702,#51,.T.);
#2132=EDGE_CURVE('',#1703,#1704,#985,.T.);
#2133=EDGE_CURVE('',#1704,#1705,#1465,.T.);
#2134=EDGE_CURVE('',#1705,#1706,#986,.T.);
#2135=EDGE_CURVE('',#1706,#1707,#1466,.T.);
#2136=EDGE_CURVE('',#1707,#1708,#987,.T.);
#2137=EDGE_CURVE('',#1708,#1709,#1467,.T.);
#2138=EDGE_CURVE('',#1709,#1710,#988,.T.);
#2139=EDGE_CURVE('',#1710,#1711,#1468,.T.);
#2140=EDGE_CURVE('',#1711,#1712,#989,.T.);
#2141=EDGE_CURVE('',#1712,#1713,#1469,.T.);
#2142=EDGE_CURVE('',#1713,#1714,#990,.T.);
#2143=EDGE_CURVE('',#1714,#1715,#1470,.T.);
#2144=EDGE_CURVE('',#1715,#1716,#991,.T.);
#2145=EDGE_CURVE('',#1716,#1717,#1471,.T.);
#2146=EDGE_CURVE('',#1717,#1718,#992,.T.);
#2147=EDGE_CURVE('',#1718,#1703,#1472,.T.);
#2148=EDGE_CURVE('',#1719,#1720,#1473,.T.);
#2149=EDGE_CURVE('',#1721,#1719,#993,.T.);
#2150=EDGE_CURVE('',#1722,#1721,#1474,.T.);
#2151=EDGE_CURVE('',#1720,#1722,#994,.T.);
#2152=EDGE_CURVE('',#1711,#1723,#995,.T.);
#2153=EDGE_CURVE('',#1723,#1724,#996,.T.);
#2154=EDGE_CURVE('',#1712,#1724,#997,.T.);
#2155=EDGE_CURVE('',#1710,#1725,#998,.T.);
#2156=EDGE_CURVE('',#1725,#1723,#1475,.T.);
#2157=EDGE_CURVE('',#1726,#1709,#999,.T.);
#2158=EDGE_CURVE('',#1726,#1725,#1000,.T.);
#2159=EDGE_CURVE('',#1724,#1726,#1476,.T.);
#2160=EDGE_CURVE('',#1727,#1728,#1477,.T.);
#2161=EDGE_CURVE('',#1729,#1727,#1001,.T.);
#2162=EDGE_CURVE('',#1730,#1729,#1478,.T.);
#2163=EDGE_CURVE('',#1731,#1730,#1002,.T.);
#2164=EDGE_CURVE('',#1728,#1731,#1479,.T.);
#2165=EDGE_CURVE('',#1707,#1732,#1003,.T.);
#2166=EDGE_CURVE('',#1732,#1733,#1004,.T.);
#2167=EDGE_CURVE('',#1708,#1733,#1005,.T.);
#2168=EDGE_CURVE('',#1706,#1734,#1006,.T.);
#2169=EDGE_CURVE('',#1734,#1732,#1480,.T.);
#2170=EDGE_CURVE('',#1735,#1705,#1007,.T.);
#2171=EDGE_CURVE('',#1735,#1734,#1008,.T.);
#2172=EDGE_CURVE('',#1733,#1735,#1481,.T.);
#2173=EDGE_CURVE('',#1704,#1719,#1009,.T.);
#2174=EDGE_CURVE('',#1720,#1717,#1010,.T.);
#2175=EDGE_CURVE('',#1716,#1727,#1011,.T.);
#2176=EDGE_CURVE('',#1728,#1736,#1012,.T.);
#2177=EDGE_CURVE('',#1736,#1736,#1482,.T.);
#2178=EDGE_CURVE('',#1731,#1713,#1013,.T.);
#2179=EDGE_CURVE('',#1722,#1718,#1014,.T.);
#2180=EDGE_CURVE('',#1703,#1721,#1015,.T.);
#2181=EDGE_CURVE('',#1730,#1714,#1016,.T.);
#2182=EDGE_CURVE('',#1715,#1729,#1017,.T.);
#2183=EDGE_CURVE('',#1691,#1737,#1018,.T.);
#2184=EDGE_CURVE('',#1737,#1738,#1483,.T.);
#2185=EDGE_CURVE('',#1738,#1692,#1019,.T.);
#2186=EDGE_CURVE('',#1695,#1739,#1020,.T.);
#2187=EDGE_CURVE('',#1739,#1740,#1484,.T.);
#2188=EDGE_CURVE('',#1740,#1696,#1021,.T.);
#2189=EDGE_CURVE('',#1741,#1700,#1022,.T.);
#2190=EDGE_CURVE('',#1699,#1742,#1023,.T.);
#2191=EDGE_CURVE('',#1742,#1741,#1485,.T.);
#2192=EDGE_CURVE('',#1687,#1743,#1024,.T.);
#2193=EDGE_CURVE('',#1743,#1744,#1486,.T.);
#2194=EDGE_CURVE('',#1744,#1688,#1025,.T.);
#2195=EDGE_CURVE('',#1745,#1746,#1487,.T.);
#2196=EDGE_CURVE('',#1746,#1747,#1026,.T.);
#2197=EDGE_CURVE('',#1748,#1747,#1488,.T.);
#2198=EDGE_CURVE('',#1745,#1748,#1027,.T.);
#2199=EDGE_CURVE('',#1749,#1745,#1028,.T.);
#2200=EDGE_CURVE('',#1750,#1748,#1029,.T.);
#2201=EDGE_CURVE('',#1749,#1750,#1030,.T.);
#2202=EDGE_CURVE('',#1751,#1749,#1489,.T.);
#2203=EDGE_CURVE('',#1752,#1750,#1490,.T.);
#2204=EDGE_CURVE('',#1751,#1752,#1031,.T.);
#2205=EDGE_CURVE('',#1753,#1751,#1032,.T.);
#2206=EDGE_CURVE('',#1754,#1752,#1033,.T.);
#2207=EDGE_CURVE('',#1753,#1754,#1034,.T.);
#2208=EDGE_CURVE('',#1755,#1753,#1491,.T.);
#2209=EDGE_CURVE('',#1756,#1754,#1492,.T.);
#2210=EDGE_CURVE('',#1755,#1756,#1035,.T.);
#2211=EDGE_CURVE('',#1757,#1755,#1036,.T.);
#2212=EDGE_CURVE('',#1758,#1756,#1037,.T.);
#2213=EDGE_CURVE('',#1757,#1758,#1038,.T.);
#2214=EDGE_CURVE('',#1759,#1757,#1493,.T.);
#2215=EDGE_CURVE('',#1760,#1758,#1494,.T.);
#2216=EDGE_CURVE('',#1759,#1760,#1039,.T.);
#2217=EDGE_CURVE('',#1746,#1759,#1040,.T.);
#2218=EDGE_CURVE('',#1747,#1760,#1041,.T.);
#2219=EDGE_CURVE('',#1761,#1762,#1495,.T.);
#2220=EDGE_CURVE('',#1762,#1740,#1042,.T.);
#2221=EDGE_CURVE('',#1761,#1739,#1043,.T.);
#2222=EDGE_CURVE('',#1761,#1694,#1044,.T.);
#2223=EDGE_CURVE('',#1763,#1693,#1045,.T.);
#2224=EDGE_CURVE('',#1763,#1738,#1046,.T.);
#2225=EDGE_CURVE('',#1764,#1763,#1496,.T.);
#2226=EDGE_CURVE('',#1764,#1737,#1047,.T.);
#2227=EDGE_CURVE('',#1764,#1690,#1048,.T.);
#2228=EDGE_CURVE('',#1765,#1689,#1049,.T.);
#2229=EDGE_CURVE('',#1765,#1744,#1050,.T.);
#2230=EDGE_CURVE('',#1766,#1765,#1497,.T.);
#2231=EDGE_CURVE('',#1766,#1743,#1051,.T.);
#2232=EDGE_CURVE('',#1766,#1686,#1052,.T.);
#2233=EDGE_CURVE('',#1767,#1701,#1053,.T.);
#2234=EDGE_CURVE('',#1767,#1741,#1054,.T.);
#2235=EDGE_CURVE('',#1768,#1767,#1498,.T.);
#2236=EDGE_CURVE('',#1768,#1742,#1055,.T.);
#2237=EDGE_CURVE('',#1768,#1698,#1056,.T.);
#2238=EDGE_CURVE('',#1762,#1697,#1057,.T.);
#2239=EDGE_CURVE('',#1769,#1770,#52,.T.);
#2240=EDGE_CURVE('',#1769,#1771,#53,.T.);
#2241=EDGE_CURVE('',#1771,#1772,#54,.T.);
#2242=EDGE_CURVE('',#1770,#1772,#1499,.T.);
#2243=EDGE_CURVE('',#1769,#1773,#55,.T.);
#2244=EDGE_CURVE('',#1774,#1773,#1500,.T.);
#2245=EDGE_CURVE('',#1774,#1771,#56,.T.);
#2246=EDGE_CURVE('',#1769,#1775,#57,.T.);
#2247=EDGE_CURVE('',#1775,#1776,#58,.T.);
#2248=EDGE_CURVE('',#1773,#1776,#1501,.T.);
#2249=EDGE_CURVE('',#1769,#1777,#59,.T.);
#2250=EDGE_CURVE('',#1778,#1777,#1502,.T.);
#2251=EDGE_CURVE('',#1778,#1775,#60,.T.);
#2252=EDGE_CURVE('',#1769,#1779,#61,.T.);
#2253=EDGE_CURVE('',#1779,#1780,#62,.T.);
#2254=EDGE_CURVE('',#1777,#1780,#1503,.T.);
#2255=EDGE_CURVE('',#1769,#1781,#63,.T.);
#2256=EDGE_CURVE('',#1782,#1781,#1504,.T.);
#2257=EDGE_CURVE('',#1782,#1779,#64,.T.);
#2258=EDGE_CURVE('',#1769,#1783,#65,.T.);
#2259=EDGE_CURVE('',#1783,#1784,#66,.T.);
#2260=EDGE_CURVE('',#1781,#1784,#1505,.T.);
#2261=EDGE_CURVE('',#1785,#1786,#67,.T.);
#2262=EDGE_CURVE('',#1785,#1787,#68,.T.);
#2263=EDGE_CURVE('',#1787,#1788,#69,.T.);
#2264=EDGE_CURVE('',#1786,#1788,#1506,.T.);
#2265=EDGE_CURVE('',#1785,#1789,#70,.T.);
#2266=EDGE_CURVE('',#1790,#1789,#1507,.T.);
#2267=EDGE_CURVE('',#1790,#1787,#71,.T.);
#2268=EDGE_CURVE('',#1785,#1791,#72,.T.);
#2269=EDGE_CURVE('',#1791,#1792,#73,.T.);
#2270=EDGE_CURVE('',#1789,#1792,#1508,.T.);
#2271=EDGE_CURVE('',#1785,#1793,#74,.T.);
#2272=EDGE_CURVE('',#1794,#1793,#1509,.T.);
#2273=EDGE_CURVE('',#1794,#1791,#75,.T.);
#2274=EDGE_CURVE('',#1785,#1795,#76,.T.);
#2275=EDGE_CURVE('',#1795,#1796,#77,.T.);
#2276=EDGE_CURVE('',#1793,#1796,#1510,.T.);
#2277=EDGE_CURVE('',#1785,#1797,#78,.T.);
#2278=EDGE_CURVE('',#1798,#1797,#1511,.T.);
#2279=EDGE_CURVE('',#1798,#1795,#79,.T.);
#2280=EDGE_CURVE('',#1785,#1799,#80,.T.);
#2281=EDGE_CURVE('',#1799,#1800,#81,.T.);
#2282=EDGE_CURVE('',#1797,#1800,#1512,.T.);
#2283=EDGE_CURVE('',#1801,#1802,#1058,.T.);
#2284=EDGE_CURVE('',#1803,#1801,#1059,.T.);
#2285=EDGE_CURVE('',#1804,#1803,#1060,.T.);
#2286=EDGE_CURVE('',#1804,#1802,#1061,.T.);
#2287=EDGE_CURVE('',#1802,#1805,#1062,.T.);
#2288=EDGE_CURVE('',#1806,#1804,#1063,.T.);
#2289=EDGE_CURVE('',#1806,#1805,#1064,.T.);
#2290=EDGE_CURVE('',#1805,#1807,#1065,.T.);
#2291=EDGE_CURVE('',#1808,#1806,#1066,.T.);
#2292=EDGE_CURVE('',#1808,#1807,#1067,.T.);
#2293=EDGE_CURVE('',#1807,#1809,#1068,.T.);
#2294=EDGE_CURVE('',#1810,#1808,#1069,.T.);
#2295=EDGE_CURVE('',#1810,#1809,#1070,.T.);
#2296=EDGE_CURVE('',#1809,#1811,#1071,.T.);
#2297=EDGE_CURVE('',#1812,#1810,#1072,.T.);
#2298=EDGE_CURVE('',#1812,#1811,#1073,.T.);
#2299=EDGE_CURVE('',#1811,#1801,#1074,.T.);
#2300=EDGE_CURVE('',#1803,#1812,#1075,.T.);
#2301=EDGE_CURVE('',#1813,#1813,#1513,.T.);
#2302=EDGE_CURVE('',#1814,#1814,#1514,.T.);
#2303=EDGE_CURVE('',#1814,#1815,#1076,.T.);
#2304=EDGE_CURVE('',#1815,#1815,#1515,.T.);
#2305=EDGE_CURVE('',#1816,#1816,#1516,.T.);
#2306=EDGE_CURVE('',#1817,#1817,#1517,.T.);
#2307=EDGE_CURVE('',#1817,#1818,#1077,.T.);
#2308=EDGE_CURVE('',#1818,#1818,#1518,.T.);
#2309=EDGE_CURVE('',#1819,#1819,#1519,.T.);
#2310=EDGE_CURVE('',#1820,#1821,#1520,.T.);
#2311=EDGE_CURVE('',#1821,#1822,#82,.T.);
#2312=EDGE_CURVE('',#1822,#1820,#83,.T.);
#2313=EDGE_CURVE('',#1823,#1820,#1521,.T.);
#2314=EDGE_CURVE('',#1823,#1824,#1522,.T.);
#2315=EDGE_CURVE('',#1824,#1821,#1523,.T.);
#2316=EDGE_CURVE('',#1823,#1825,#84,.T.);
#2317=EDGE_CURVE('',#1825,#1824,#85,.T.);
#2318=EDGE_CURVE('',#1821,#1826,#86,.T.);
#2319=EDGE_CURVE('',#1826,#1786,#1524,.T.);
#2320=EDGE_CURVE('',#1788,#1822,#87,.T.);
#2321=EDGE_CURVE('',#1827,#1828,#1525,.T.);
#2322=EDGE_CURVE('',#1828,#1829,#88,.T.);
#2323=EDGE_CURVE('',#1829,#1827,#89,.T.);
#2324=EDGE_CURVE('',#1830,#1827,#1526,.T.);
#2325=EDGE_CURVE('',#1830,#1831,#1527,.T.);
#2326=EDGE_CURVE('',#1831,#1828,#1528,.T.);
#2327=EDGE_CURVE('',#1830,#1832,#90,.T.);
#2328=EDGE_CURVE('',#1832,#1831,#91,.T.);
#2329=EDGE_CURVE('',#1828,#1833,#1078,.T.);
#2330=EDGE_CURVE('',#1834,#1833,#1529,.T.);
#2331=EDGE_CURVE('',#1834,#1829,#1079,.T.);
#2332=EDGE_CURVE('',#1826,#1799,#92,.T.);
#2333=EDGE_CURVE('',#1832,#1790,#93,.T.);
#2334=EDGE_CURVE('',#1792,#1831,#94,.T.);
#2335=EDGE_CURVE('',#1776,#1794,#1530,.T.);
#2336=EDGE_CURVE('',#1835,#1778,#95,.T.);
#2337=EDGE_CURVE('',#1833,#1835,#1531,.T.);
#2338=EDGE_CURVE('',#1836,#1837,#96,.T.);
#2339=EDGE_CURVE('',#1838,#1837,#1080,.T.);
#2340=EDGE_CURVE('',#1839,#1838,#1081,.T.);
#2341=EDGE_CURVE('',#1839,#1836,#1082,.T.);
#2342=EDGE_CURVE('',#1837,#1840,#97,.T.);
#2343=EDGE_CURVE('',#1841,#1840,#1083,.T.);
#2344=EDGE_CURVE('',#1838,#1841,#1084,.T.);
#2345=EDGE_CURVE('',#1796,#1840,#1532,.T.);
#2346=EDGE_CURVE('',#1842,#1798,#1533,.T.);
#2347=EDGE_CURVE('',#1843,#1842,#1085,.T.);
#2348=EDGE_CURVE('',#1843,#1841,#1534,.T.);
#2349=EDGE_CURVE('',#1844,#1770,#1535,.T.);
#2350=EDGE_CURVE('',#1844,#1783,#98,.T.);
#2351=EDGE_CURVE('',#1800,#1844,#1536,.T.);
#2352=EDGE_CURVE('',#1772,#1845,#1537,.T.);
#2353=EDGE_CURVE('',#1846,#1845,#99,.T.);
#2354=EDGE_CURVE('',#1847,#1846,#100,.T.);
#2355=EDGE_CURVE('',#1842,#1847,#101,.T.);
#2356=EDGE_CURVE('',#1784,#1848,#102,.T.);
#2357=EDGE_CURVE('',#1848,#1849,#1538,.T.);
#2358=EDGE_CURVE('',#1849,#1782,#103,.T.);
#2359=EDGE_CURVE('',#1850,#1851,#1539,.T.);
#2360=EDGE_CURVE('',#1851,#1849,#1540,.T.);
#2361=EDGE_CURVE('',#1848,#1850,#1541,.T.);
#2362=EDGE_CURVE('',#1825,#1851,#1086,.T.);
#2363=EDGE_CURVE('',#1850,#1824,#1087,.T.);
#2364=EDGE_CURVE('',#1780,#1852,#104,.T.);
#2365=EDGE_CURVE('',#1852,#1835,#1542,.T.);
#2366=EDGE_CURVE('',#1852,#1834,#1543,.T.);
#2367=EDGE_CURVE('',#1836,#1774,#1544,.T.);
#2368=EDGE_CURVE('',#1853,#1847,#1088,.T.);
#2369=EDGE_CURVE('',#1843,#1853,#1089,.T.);
#2370=EDGE_CURVE('',#1854,#1846,#1090,.T.);
#2371=EDGE_CURVE('',#1854,#1853,#1091,.T.);
#2372=EDGE_CURVE('',#1855,#1845,#1092,.T.);
#2373=EDGE_CURVE('',#1854,#1855,#1093,.T.);
#2374=EDGE_CURVE('',#1839,#1855,#1545,.T.);
#2375=EDGE_CURVE('',#1827,#1830,#1546,.T.);
#2376=EDGE_CURVE('',#1856,#1856,#1547,.T.);
#2377=EDGE_CURVE('',#1820,#1823,#1548,.T.);
#2378=EDGE_CURVE('',#1857,#1857,#1549,.T.);
#2379=EDGE_CURVE('',#1816,#1857,#1094,.T.);
#2380=EDGE_CURVE('',#1819,#1856,#1095,.T.);
#2381=EDGE_CURVE('',#1834,#1858,#1096,.T.);
#2382=EDGE_CURVE('',#1859,#1858,#1097,.T.);
#2383=EDGE_CURVE('',#1829,#1859,#1098,.T.);
#2384=EDGE_CURVE('',#1860,#1859,#1550,.T.);
#2385=EDGE_CURVE('',#1832,#1860,#1099,.T.);
#2386=EDGE_CURVE('',#1861,#1860,#32,.T.);
#2387=EDGE_CURVE('',#1787,#1861,#1100,.T.);
#2388=EDGE_CURVE('',#1862,#1861,#33,.T.);
#2389=EDGE_CURVE('',#1822,#1862,#1101,.T.);
#2390=EDGE_CURVE('',#1863,#1862,#1551,.T.);
#2391=EDGE_CURVE('',#1825,#1863,#1102,.T.);
#2392=EDGE_CURVE('',#1864,#1863,#1103,.T.);
#2393=EDGE_CURVE('',#1851,#1864,#1104,.T.);
#2394=EDGE_CURVE('',#1865,#1864,#1552,.T.);
#2395=EDGE_CURVE('',#1849,#1865,#1105,.T.);
#2396=EDGE_CURVE('',#1866,#1865,#34,.T.);
#2397=EDGE_CURVE('',#1779,#1866,#1106,.T.);
#2398=EDGE_CURVE('',#1867,#1866,#35,.T.);
#2399=EDGE_CURVE('',#1852,#1867,#1107,.T.);
#2400=EDGE_CURVE('',#1858,#1867,#1553,.T.);
#2401=EDGE_CURVE('',#1813,#1868,#1108,.T.);
#2402=EDGE_CURVE('',#1868,#1868,#1554,.T.);
#2403=EDGE_CURVE('',#1869,#1870,#1555,.T.);
#2404=EDGE_CURVE('',#1870,#1869,#1556,.T.);
#2405=EDGE_CURVE('',#1869,#1871,#1557,.T.);
#2406=EDGE_CURVE('',#1871,#1871,#1558,.T.);
#2407=EDGE_CURVE('',#1872,#1873,#1559,.T.);
#2408=EDGE_CURVE('',#1872,#1874,#1109,.T.);
#2409=EDGE_CURVE('',#1875,#1874,#1560,.T.);
#2410=EDGE_CURVE('',#1876,#1875,#105,.T.);
#2411=EDGE_CURVE('',#1876,#1877,#1110,.T.);
#2412=EDGE_CURVE('',#1878,#1877,#106,.T.);
#2413=EDGE_CURVE('',#1879,#1878,#1561,.T.);
#2414=EDGE_CURVE('',#1880,#1879,#107,.T.);
#2415=EDGE_CURVE('',#1881,#1880,#1562,.T.);
#2416=EDGE_CURVE('',#1881,#1870,#1111,.T.);
#2417=EDGE_CURVE('',#1882,#1881,#1563,.T.);
#2418=EDGE_CURVE('',#1877,#1882,#108,.T.);
#2419=EDGE_CURVE('',#1883,#1876,#109,.T.);
#2420=EDGE_CURVE('',#1884,#1883,#1564,.T.);
#2421=EDGE_CURVE('',#1885,#1884,#110,.T.);
#2422=EDGE_CURVE('',#1874,#1885,#1565,.T.);
#2423=EDGE_CURVE('',#1873,#1872,#1566,.T.);
#2424=EDGE_CURVE('',#1886,#1887,#1567,.T.);
#2425=EDGE_CURVE('',#1888,#1886,#111,.T.);
#2426=EDGE_CURVE('',#1889,#1888,#1568,.T.);
#2427=EDGE_CURVE('',#1887,#1889,#112,.T.);
#2428=EDGE_CURVE('',#1890,#1891,#1569,.T.);
#2429=EDGE_CURVE('',#1892,#1890,#113,.T.);
#2430=EDGE_CURVE('',#1893,#1892,#1570,.T.);
#2431=EDGE_CURVE('',#1891,#1893,#114,.T.);
#2432=EDGE_CURVE('',#1894,#1894,#1571,.T.);
#2433=EDGE_CURVE('',#1895,#1896,#1572,.T.);
#2434=EDGE_CURVE('',#1896,#1882,#115,.T.);
#2435=EDGE_CURVE('',#1880,#1895,#116,.T.);
#2436=EDGE_CURVE('',#1879,#1897,#117,.T.);
#2437=EDGE_CURVE('',#1897,#1898,#118,.T.);
#2438=EDGE_CURVE('',#1898,#1899,#119,.T.);
#2439=EDGE_CURVE('',#1895,#1899,#1112,.T.);
#2440=EDGE_CURVE('',#1900,#1901,#120,.T.);
#2441=EDGE_CURVE('',#1902,#1901,#1113,.T.);
#2442=EDGE_CURVE('',#1902,#1878,#121,.T.);
#2443=EDGE_CURVE('',#1900,#1896,#122,.T.);
#2444=EDGE_CURVE('',#1902,#1897,#1573,.T.);
#2445=EDGE_CURVE('',#1901,#1903,#1114,.T.);
#2446=EDGE_CURVE('',#1904,#1903,#1574,.T.);
#2447=EDGE_CURVE('',#1898,#1904,#123,.T.);
#2448=EDGE_CURVE('',#1905,#1900,#124,.T.);
#2449=EDGE_CURVE('',#1906,#1905,#125,.T.);
#2450=EDGE_CURVE('',#1907,#1906,#126,.T.);
#2451=EDGE_CURVE('',#1903,#1907,#1115,.T.);
#2452=EDGE_CURVE('',#1908,#1909,#1575,.T.);
#2453=EDGE_CURVE('',#1909,#1884,#127,.T.);
#2454=EDGE_CURVE('',#1883,#1908,#128,.T.);
#2455=EDGE_CURVE('',#1875,#1910,#129,.T.);
#2456=EDGE_CURVE('',#1910,#1911,#130,.T.);
#2457=EDGE_CURVE('',#1911,#1912,#131,.T.);
#2458=EDGE_CURVE('',#1908,#1912,#1116,.T.);
#2459=EDGE_CURVE('',#1913,#1914,#132,.T.);
#2460=EDGE_CURVE('',#1915,#1914,#1117,.T.);
#2461=EDGE_CURVE('',#1915,#1885,#133,.T.);
#2462=EDGE_CURVE('',#1913,#1909,#134,.T.);
#2463=EDGE_CURVE('',#1915,#1910,#1576,.T.);
#2464=EDGE_CURVE('',#1914,#1916,#1118,.T.);
#2465=EDGE_CURVE('',#1917,#1916,#1577,.T.);
#2466=EDGE_CURVE('',#1911,#1917,#135,.T.);
#2467=EDGE_CURVE('',#1918,#1913,#136,.T.);
#2468=EDGE_CURVE('',#1919,#1918,#137,.T.);
#2469=EDGE_CURVE('',#1920,#1919,#138,.T.);
#2470=EDGE_CURVE('',#1916,#1920,#1119,.T.);
#2471=EDGE_CURVE('',#1921,#1922,#1578,.T.);
#2472=EDGE_CURVE('',#1922,#1886,#139,.T.);
#2473=EDGE_CURVE('',#1887,#1921,#140,.T.);
#2474=EDGE_CURVE('',#1889,#1923,#141,.T.);
#2475=EDGE_CURVE('',#1923,#1924,#142,.T.);
#2476=EDGE_CURVE('',#1924,#1925,#143,.T.);
#2477=EDGE_CURVE('',#1921,#1925,#1120,.T.);
#2478=EDGE_CURVE('',#1926,#1927,#144,.T.);
#2479=EDGE_CURVE('',#1928,#1927,#1121,.T.);
#2480=EDGE_CURVE('',#1928,#1888,#145,.T.);
#2481=EDGE_CURVE('',#1926,#1922,#146,.T.);
#2482=EDGE_CURVE('',#1928,#1923,#1579,.T.);
#2483=EDGE_CURVE('',#1927,#1929,#1122,.T.);
#2484=EDGE_CURVE('',#1930,#1929,#1580,.T.);
#2485=EDGE_CURVE('',#1924,#1930,#147,.T.);
#2486=EDGE_CURVE('',#1931,#1926,#148,.T.);
#2487=EDGE_CURVE('',#1932,#1931,#149,.T.);
#2488=EDGE_CURVE('',#1933,#1932,#150,.T.);
#2489=EDGE_CURVE('',#1929,#1933,#1123,.T.);
#2490=EDGE_CURVE('',#1891,#1934,#151,.T.);
#2491=EDGE_CURVE('',#1934,#1935,#1581,.T.);
#2492=EDGE_CURVE('',#1935,#1890,#152,.T.);
#2493=EDGE_CURVE('',#1936,#1937,#153,.T.);
#2494=EDGE_CURVE('',#1934,#1937,#1124,.T.);
#2495=EDGE_CURVE('',#1893,#1938,#154,.T.);
#2496=EDGE_CURVE('',#1938,#1936,#155,.T.);
#2497=EDGE_CURVE('',#1939,#1938,#1582,.T.);
#2498=EDGE_CURVE('',#1939,#1892,#156,.T.);
#2499=EDGE_CURVE('',#1940,#1935,#157,.T.);
#2500=EDGE_CURVE('',#1940,#1941,#158,.T.);
#2501=EDGE_CURVE('',#1939,#1941,#1125,.T.);
#2502=EDGE_CURVE('',#1937,#1942,#1126,.T.);
#2503=EDGE_CURVE('',#1943,#1942,#1583,.T.);
#2504=EDGE_CURVE('',#1943,#1940,#159,.T.);
#2505=EDGE_CURVE('',#1936,#1944,#160,.T.);
#2506=EDGE_CURVE('',#1944,#1945,#161,.T.);
#2507=EDGE_CURVE('',#1946,#1945,#162,.T.);
#2508=EDGE_CURVE('',#1942,#1946,#1127,.T.);
#2509=EDGE_CURVE('',#1947,#1947,#1584,.T.);
#2510=EDGE_CURVE('',#1947,#1873,#1585,.T.);
#2511=EDGE_CURVE('',#1948,#1948,#1586,.T.);
#2512=EDGE_CURVE('',#1949,#1950,#1587,.T.);
#2513=EDGE_CURVE('',#1950,#1949,#1588,.T.);
#2514=EDGE_CURVE('',#1949,#1894,#1589,.T.);
#2515=EDGE_CURVE('',#1951,#1952,#1590,.T.);
#2516=EDGE_CURVE('',#1952,#1951,#1591,.T.);
#2517=EDGE_CURVE('',#1952,#1953,#1128,.T.);
#2518=EDGE_CURVE('',#1954,#1953,#1592,.T.);
#2519=EDGE_CURVE('',#1955,#1954,#163,.T.);
#2520=EDGE_CURVE('',#1956,#1955,#1593,.T.);
#2521=EDGE_CURVE('',#1957,#1956,#164,.T.);
#2522=EDGE_CURVE('',#1957,#1958,#1129,.T.);
#2523=EDGE_CURVE('',#1959,#1958,#165,.T.);
#2524=EDGE_CURVE('',#1960,#1959,#1594,.T.);
#2525=EDGE_CURVE('',#1960,#1950,#1130,.T.);
#2526=EDGE_CURVE('',#1961,#1960,#1595,.T.);
#2527=EDGE_CURVE('',#1962,#1961,#166,.T.);
#2528=EDGE_CURVE('',#1963,#1962,#1596,.T.);
#2529=EDGE_CURVE('',#1958,#1963,#167,.T.);
#2530=EDGE_CURVE('',#1964,#1957,#168,.T.);
#2531=EDGE_CURVE('',#1953,#1964,#1597,.T.);
#2532=EDGE_CURVE('',#1965,#1966,#169,.T.);
#2533=EDGE_CURVE('',#1967,#1965,#1598,.T.);
#2534=EDGE_CURVE('',#1968,#1967,#170,.T.);
#2535=EDGE_CURVE('',#1966,#1968,#1599,.T.);
#2536=EDGE_CURVE('',#1969,#1970,#171,.T.);
#2537=EDGE_CURVE('',#1971,#1969,#1600,.T.);
#2538=EDGE_CURVE('',#1972,#1971,#172,.T.);
#2539=EDGE_CURVE('',#1970,#1972,#1601,.T.);
#2540=EDGE_CURVE('',#1963,#1973,#173,.T.);
#2541=EDGE_CURVE('',#1973,#1974,#174,.T.);
#2542=EDGE_CURVE('',#1974,#1959,#175,.T.);
#2543=EDGE_CURVE('',#1962,#1945,#176,.T.);
#2544=EDGE_CURVE('',#1944,#1975,#1602,.T.);
#2545=EDGE_CURVE('',#1975,#1973,#1131,.T.);
#2546=EDGE_CURVE('',#1961,#1946,#177,.T.);
#2547=EDGE_CURVE('',#1974,#1943,#178,.T.);
#2548=EDGE_CURVE('',#1956,#1976,#179,.T.);
#2549=EDGE_CURVE('',#1976,#1977,#180,.T.);
#2550=EDGE_CURVE('',#1964,#1977,#181,.T.);
#2551=EDGE_CURVE('',#1906,#1955,#182,.T.);
#2552=EDGE_CURVE('',#1954,#1907,#183,.T.);
#2553=EDGE_CURVE('',#1905,#1978,#1603,.T.);
#2554=EDGE_CURVE('',#1978,#1976,#1132,.T.);
#2555=EDGE_CURVE('',#1904,#1977,#184,.T.);
#2556=EDGE_CURVE('',#1919,#1965,#185,.T.);
#2557=EDGE_CURVE('',#1966,#1920,#186,.T.);
#2558=EDGE_CURVE('',#1918,#1979,#1604,.T.);
#2559=EDGE_CURVE('',#1979,#1980,#1133,.T.);
#2560=EDGE_CURVE('',#1980,#1967,#187,.T.);
#2561=EDGE_CURVE('',#1968,#1981,#188,.T.);
#2562=EDGE_CURVE('',#1917,#1981,#189,.T.);
#2563=EDGE_CURVE('',#1980,#1981,#190,.T.);
#2564=EDGE_CURVE('',#1948,#1951,#1605,.T.);
#2565=EDGE_CURVE('',#1970,#1982,#191,.T.);
#2566=EDGE_CURVE('',#1982,#1983,#192,.T.);
#2567=EDGE_CURVE('',#1969,#1983,#193,.T.);
#2568=EDGE_CURVE('',#1972,#1932,#194,.T.);
#2569=EDGE_CURVE('',#1931,#1984,#1606,.T.);
#2570=EDGE_CURVE('',#1984,#1982,#1134,.T.);
#2571=EDGE_CURVE('',#1971,#1933,#195,.T.);
#2572=EDGE_CURVE('',#1930,#1983,#196,.T.);
#2573=EDGE_CURVE('',#1941,#1975,#1135,.T.);
#2574=EDGE_CURVE('',#1912,#1979,#1136,.T.);
#2575=EDGE_CURVE('',#1899,#1978,#1137,.T.);
#2576=EDGE_CURVE('',#1925,#1984,#1138,.T.);
#2577=EDGE_CURVE('',#1985,#1985,#1607,.T.);
#2578=EDGE_CURVE('',#1985,#1986,#1139,.T.);
#2579=EDGE_CURVE('',#1986,#1986,#1608,.T.);
#2580=EDGE_CURVE('',#1987,#1987,#1609,.T.);
#2581=EDGE_CURVE('',#1987,#1988,#1610,.T.);
#2582=EDGE_CURVE('',#1988,#1988,#1611,.T.);
#2583=EDGE_CURVE('',#1989,#1990,#1140,.T.);
#2584=EDGE_CURVE('',#1990,#1991,#1141,.T.);
#2585=EDGE_CURVE('',#1991,#1992,#1142,.T.);
#2586=EDGE_CURVE('',#1992,#1993,#1143,.T.);
#2587=EDGE_CURVE('',#1993,#1994,#1144,.T.);
#2588=EDGE_CURVE('',#1994,#1989,#1145,.T.);
#2589=EDGE_CURVE('',#1995,#1995,#1612,.T.);
#2590=EDGE_CURVE('',#1995,#1987,#1146,.T.);
#2591=EDGE_CURVE('',#1996,#1997,#1147,.T.);
#2592=EDGE_CURVE('',#1998,#1996,#1148,.T.);
#2593=EDGE_CURVE('',#1998,#1997,#1149,.T.);
#2594=EDGE_CURVE('',#1999,#1998,#1150,.T.);
#2595=EDGE_CURVE('',#1999,#1997,#1151,.T.);
#2596=EDGE_CURVE('',#2000,#1999,#1152,.T.);
#2597=EDGE_CURVE('',#2000,#1997,#1153,.T.);
#2598=EDGE_CURVE('',#2001,#2000,#1154,.T.);
#2599=EDGE_CURVE('',#2001,#1997,#1155,.T.);
#2600=EDGE_CURVE('',#2002,#2001,#1156,.T.);
#2601=EDGE_CURVE('',#2002,#1997,#1157,.T.);
#2602=EDGE_CURVE('',#1996,#2002,#1158,.T.);
#2603=EDGE_CURVE('',#1989,#1998,#1159,.T.);
#2604=EDGE_CURVE('',#1990,#1996,#1160,.T.);
#2605=EDGE_CURVE('',#1994,#1999,#1161,.T.);
#2606=EDGE_CURVE('',#1993,#2000,#1162,.T.);
#2607=EDGE_CURVE('',#1992,#2001,#1163,.T.);
#2608=EDGE_CURVE('',#1991,#2002,#1164,.T.);
#2609=EDGE_CURVE('',#1985,#2003,#1165,.T.);
#2610=EDGE_CURVE('',#2003,#2003,#1613,.F.);
#2611=ORIENTED_EDGE('',*,*,#2004,.F.);
#2612=ORIENTED_EDGE('',*,*,#2005,.T.);
#2613=ORIENTED_EDGE('',*,*,#2006,.T.);
#2614=ORIENTED_EDGE('',*,*,#2005,.F.);
#2615=ORIENTED_EDGE('',*,*,#2006,.F.);
#2616=ORIENTED_EDGE('',*,*,#2007,.F.);
#2617=ORIENTED_EDGE('',*,*,#2008,.T.);
#2618=ORIENTED_EDGE('',*,*,#2009,.T.);
#2619=ORIENTED_EDGE('',*,*,#2008,.F.);
#2620=ORIENTED_EDGE('',*,*,#2009,.F.);
#2621=ORIENTED_EDGE('',*,*,#2010,.F.);
#2622=ORIENTED_EDGE('',*,*,#2011,.T.);
#2623=ORIENTED_EDGE('',*,*,#2012,.T.);
#2624=ORIENTED_EDGE('',*,*,#2011,.F.);
#2625=ORIENTED_EDGE('',*,*,#2012,.F.);
#2626=ORIENTED_EDGE('',*,*,#2013,.F.);
#2627=ORIENTED_EDGE('',*,*,#2014,.T.);
#2628=ORIENTED_EDGE('',*,*,#2015,.T.);
#2629=ORIENTED_EDGE('',*,*,#2014,.F.);
#2630=ORIENTED_EDGE('',*,*,#2015,.F.);
#2631=ORIENTED_EDGE('',*,*,#2016,.F.);
#2632=ORIENTED_EDGE('',*,*,#2017,.F.);
#2633=ORIENTED_EDGE('',*,*,#2018,.F.);
#2634=ORIENTED_EDGE('',*,*,#2019,.T.);
#2635=ORIENTED_EDGE('',*,*,#2017,.T.);
#2636=ORIENTED_EDGE('',*,*,#2019,.F.);
#2637=ORIENTED_EDGE('',*,*,#2020,.F.);
#2638=ORIENTED_EDGE('',*,*,#2021,.T.);
#2639=ORIENTED_EDGE('',*,*,#2022,.F.);
#2640=ORIENTED_EDGE('',*,*,#2023,.F.);
#2641=ORIENTED_EDGE('',*,*,#2024,.F.);
#2642=ORIENTED_EDGE('',*,*,#2023,.T.);
#2643=ORIENTED_EDGE('',*,*,#2025,.F.);
#2644=ORIENTED_EDGE('',*,*,#2026,.F.);
#2645=ORIENTED_EDGE('',*,*,#2027,.F.);
#2646=ORIENTED_EDGE('',*,*,#2026,.T.);
#2647=ORIENTED_EDGE('',*,*,#2028,.F.);
#2648=ORIENTED_EDGE('',*,*,#2029,.F.);
#2649=ORIENTED_EDGE('',*,*,#2030,.F.);
#2650=ORIENTED_EDGE('',*,*,#2029,.T.);
#2651=ORIENTED_EDGE('',*,*,#2031,.F.);
#2652=ORIENTED_EDGE('',*,*,#2032,.F.);
#2653=ORIENTED_EDGE('',*,*,#2033,.F.);
#2654=ORIENTED_EDGE('',*,*,#2032,.T.);
#2655=ORIENTED_EDGE('',*,*,#2034,.F.);
#2656=ORIENTED_EDGE('',*,*,#2035,.F.);
#2657=ORIENTED_EDGE('',*,*,#2036,.F.);
#2658=ORIENTED_EDGE('',*,*,#2035,.T.);
#2659=ORIENTED_EDGE('',*,*,#2037,.F.);
#2660=ORIENTED_EDGE('',*,*,#2038,.F.);
#2661=ORIENTED_EDGE('',*,*,#2039,.F.);
#2662=ORIENTED_EDGE('',*,*,#2038,.T.);
#2663=ORIENTED_EDGE('',*,*,#2040,.F.);
#2664=ORIENTED_EDGE('',*,*,#2041,.F.);
#2665=ORIENTED_EDGE('',*,*,#2042,.F.);
#2666=ORIENTED_EDGE('',*,*,#2041,.T.);
#2667=ORIENTED_EDGE('',*,*,#2043,.F.);
#2668=ORIENTED_EDGE('',*,*,#2021,.F.);
#2669=ORIENTED_EDGE('',*,*,#2043,.T.);
#2670=ORIENTED_EDGE('',*,*,#2040,.T.);
#2671=ORIENTED_EDGE('',*,*,#2037,.T.);
#2672=ORIENTED_EDGE('',*,*,#2034,.T.);
#2673=ORIENTED_EDGE('',*,*,#2031,.T.);
#2674=ORIENTED_EDGE('',*,*,#2028,.T.);
#2675=ORIENTED_EDGE('',*,*,#2025,.T.);
#2676=ORIENTED_EDGE('',*,*,#2022,.T.);
#2677=ORIENTED_EDGE('',*,*,#2018,.T.);
#2678=ORIENTED_EDGE('',*,*,#2044,.F.);
#2679=ORIENTED_EDGE('',*,*,#2045,.T.);
#2680=ORIENTED_EDGE('',*,*,#2016,.T.);
#2681=ORIENTED_EDGE('',*,*,#2045,.F.);
#2682=ORIENTED_EDGE('',*,*,#2046,.T.);
#2683=ORIENTED_EDGE('',*,*,#2047,.T.);
#2684=ORIENTED_EDGE('',*,*,#2048,.F.);
#2685=ORIENTED_EDGE('',*,*,#2049,.F.);
#2686=ORIENTED_EDGE('',*,*,#2050,.F.);
#2687=ORIENTED_EDGE('',*,*,#2049,.T.);
#2688=ORIENTED_EDGE('',*,*,#2051,.F.);
#2689=ORIENTED_EDGE('',*,*,#2052,.F.);
#2690=ORIENTED_EDGE('',*,*,#2053,.T.);
#2691=ORIENTED_EDGE('',*,*,#2052,.T.);
#2692=ORIENTED_EDGE('',*,*,#2054,.F.);
#2693=ORIENTED_EDGE('',*,*,#2055,.F.);
#2694=ORIENTED_EDGE('',*,*,#2056,.T.);
#2695=ORIENTED_EDGE('',*,*,#2055,.T.);
#2696=ORIENTED_EDGE('',*,*,#2057,.F.);
#2697=ORIENTED_EDGE('',*,*,#2058,.F.);
#2698=ORIENTED_EDGE('',*,*,#2059,.T.);
#2699=ORIENTED_EDGE('',*,*,#2058,.T.);
#2700=ORIENTED_EDGE('',*,*,#2060,.F.);
#2701=ORIENTED_EDGE('',*,*,#2061,.F.);
#2702=ORIENTED_EDGE('',*,*,#2062,.F.);
#2703=ORIENTED_EDGE('',*,*,#2061,.T.);
#2704=ORIENTED_EDGE('',*,*,#2063,.F.);
#2705=ORIENTED_EDGE('',*,*,#2064,.F.);
#2706=ORIENTED_EDGE('',*,*,#2065,.T.);
#2707=ORIENTED_EDGE('',*,*,#2064,.T.);
#2708=ORIENTED_EDGE('',*,*,#2066,.F.);
#2709=ORIENTED_EDGE('',*,*,#2067,.F.);
#2710=ORIENTED_EDGE('',*,*,#2068,.T.);
#2711=ORIENTED_EDGE('',*,*,#2067,.T.);
#2712=ORIENTED_EDGE('',*,*,#2069,.F.);
#2713=ORIENTED_EDGE('',*,*,#2070,.F.);
#2714=ORIENTED_EDGE('',*,*,#2071,.T.);
#2715=ORIENTED_EDGE('',*,*,#2070,.T.);
#2716=ORIENTED_EDGE('',*,*,#2072,.F.);
#2717=ORIENTED_EDGE('',*,*,#2073,.F.);
#2718=ORIENTED_EDGE('',*,*,#2074,.F.);
#2719=ORIENTED_EDGE('',*,*,#2073,.T.);
#2720=ORIENTED_EDGE('',*,*,#2075,.F.);
#2721=ORIENTED_EDGE('',*,*,#2076,.F.);
#2722=ORIENTED_EDGE('',*,*,#2077,.T.);
#2723=ORIENTED_EDGE('',*,*,#2076,.T.);
#2724=ORIENTED_EDGE('',*,*,#2078,.F.);
#2725=ORIENTED_EDGE('',*,*,#2079,.F.);
#2726=ORIENTED_EDGE('',*,*,#2080,.T.);
#2727=ORIENTED_EDGE('',*,*,#2079,.T.);
#2728=ORIENTED_EDGE('',*,*,#2081,.F.);
#2729=ORIENTED_EDGE('',*,*,#2082,.F.);
#2730=ORIENTED_EDGE('',*,*,#2083,.T.);
#2731=ORIENTED_EDGE('',*,*,#2082,.T.);
#2732=ORIENTED_EDGE('',*,*,#2084,.F.);
#2733=ORIENTED_EDGE('',*,*,#2085,.F.);
#2734=ORIENTED_EDGE('',*,*,#2086,.F.);
#2735=ORIENTED_EDGE('',*,*,#2085,.T.);
#2736=ORIENTED_EDGE('',*,*,#2087,.F.);
#2737=ORIENTED_EDGE('',*,*,#2088,.F.);
#2738=ORIENTED_EDGE('',*,*,#2089,.T.);
#2739=ORIENTED_EDGE('',*,*,#2088,.T.);
#2740=ORIENTED_EDGE('',*,*,#2090,.F.);
#2741=ORIENTED_EDGE('',*,*,#2091,.F.);
#2742=ORIENTED_EDGE('',*,*,#2092,.T.);
#2743=ORIENTED_EDGE('',*,*,#2091,.T.);
#2744=ORIENTED_EDGE('',*,*,#2093,.F.);
#2745=ORIENTED_EDGE('',*,*,#2047,.F.);
#2746=ORIENTED_EDGE('',*,*,#2093,.T.);
#2747=ORIENTED_EDGE('',*,*,#2090,.T.);
#2748=ORIENTED_EDGE('',*,*,#2087,.T.);
#2749=ORIENTED_EDGE('',*,*,#2084,.T.);
#2750=ORIENTED_EDGE('',*,*,#2081,.T.);
#2751=ORIENTED_EDGE('',*,*,#2078,.T.);
#2752=ORIENTED_EDGE('',*,*,#2075,.T.);
#2753=ORIENTED_EDGE('',*,*,#2072,.T.);
#2754=ORIENTED_EDGE('',*,*,#2069,.T.);
#2755=ORIENTED_EDGE('',*,*,#2066,.T.);
#2756=ORIENTED_EDGE('',*,*,#2063,.T.);
#2757=ORIENTED_EDGE('',*,*,#2060,.T.);
#2758=ORIENTED_EDGE('',*,*,#2057,.T.);
#2759=ORIENTED_EDGE('',*,*,#2054,.T.);
#2760=ORIENTED_EDGE('',*,*,#2051,.T.);
#2761=ORIENTED_EDGE('',*,*,#2048,.T.);
#2762=ORIENTED_EDGE('',*,*,#2044,.T.);
#2763=ORIENTED_EDGE('',*,*,#2013,.T.);
#2764=ORIENTED_EDGE('',*,*,#2010,.T.);
#2765=ORIENTED_EDGE('',*,*,#2007,.T.);
#2766=ORIENTED_EDGE('',*,*,#2004,.T.);
#2767=ORIENTED_EDGE('',*,*,#2092,.F.);
#2768=ORIENTED_EDGE('',*,*,#2046,.F.);
#2769=ORIENTED_EDGE('',*,*,#2050,.T.);
#2770=ORIENTED_EDGE('',*,*,#2053,.F.);
#2771=ORIENTED_EDGE('',*,*,#2056,.F.);
#2772=ORIENTED_EDGE('',*,*,#2059,.F.);
#2773=ORIENTED_EDGE('',*,*,#2062,.T.);
#2774=ORIENTED_EDGE('',*,*,#2065,.F.);
#2775=ORIENTED_EDGE('',*,*,#2068,.F.);
#2776=ORIENTED_EDGE('',*,*,#2071,.F.);
#2777=ORIENTED_EDGE('',*,*,#2074,.T.);
#2778=ORIENTED_EDGE('',*,*,#2077,.F.);
#2779=ORIENTED_EDGE('',*,*,#2080,.F.);
#2780=ORIENTED_EDGE('',*,*,#2083,.F.);
#2781=ORIENTED_EDGE('',*,*,#2086,.T.);
#2782=ORIENTED_EDGE('',*,*,#2089,.F.);
#2783=ORIENTED_EDGE('',*,*,#2020,.T.);
#2784=ORIENTED_EDGE('',*,*,#2024,.T.);
#2785=ORIENTED_EDGE('',*,*,#2027,.T.);
#2786=ORIENTED_EDGE('',*,*,#2030,.T.);
#2787=ORIENTED_EDGE('',*,*,#2033,.T.);
#2788=ORIENTED_EDGE('',*,*,#2036,.T.);
#2789=ORIENTED_EDGE('',*,*,#2039,.T.);
#2790=ORIENTED_EDGE('',*,*,#2042,.T.);
#2791=ORIENTED_EDGE('',*,*,#2094,.T.);
#2792=ORIENTED_EDGE('',*,*,#2095,.T.);
#2793=ORIENTED_EDGE('',*,*,#2096,.T.);
#2794=ORIENTED_EDGE('',*,*,#2097,.T.);
#2795=ORIENTED_EDGE('',*,*,#2098,.T.);
#2796=ORIENTED_EDGE('',*,*,#2099,.T.);
#2797=ORIENTED_EDGE('',*,*,#2096,.F.);
#2798=ORIENTED_EDGE('',*,*,#2100,.T.);
#2799=ORIENTED_EDGE('',*,*,#2098,.F.);
#2800=ORIENTED_EDGE('',*,*,#2101,.T.);
#2801=ORIENTED_EDGE('',*,*,#2102,.T.);
#2802=ORIENTED_EDGE('',*,*,#2103,.T.);
#2803=ORIENTED_EDGE('',*,*,#2094,.F.);
#2804=ORIENTED_EDGE('',*,*,#2104,.T.);
#2805=ORIENTED_EDGE('',*,*,#2102,.F.);
#2806=ORIENTED_EDGE('',*,*,#2105,.T.);
#2807=ORIENTED_EDGE('',*,*,#2106,.T.);
#2808=ORIENTED_EDGE('',*,*,#2104,.F.);
#2809=ORIENTED_EDGE('',*,*,#2107,.T.);
#2810=ORIENTED_EDGE('',*,*,#2108,.T.);
#2811=ORIENTED_EDGE('',*,*,#2109,.T.);
#2812=ORIENTED_EDGE('',*,*,#2108,.F.);
#2813=ORIENTED_EDGE('',*,*,#2110,.T.);
#2814=ORIENTED_EDGE('',*,*,#2099,.F.);
#2815=ORIENTED_EDGE('',*,*,#2111,.T.);
#2816=ORIENTED_EDGE('',*,*,#2097,.F.);
#2817=ORIENTED_EDGE('',*,*,#2110,.F.);
#2818=ORIENTED_EDGE('',*,*,#2107,.F.);
#2819=ORIENTED_EDGE('',*,*,#2095,.F.);
#2820=ORIENTED_EDGE('',*,*,#2106,.F.);
#2821=ORIENTED_EDGE('',*,*,#2112,.T.);
#2822=ORIENTED_EDGE('',*,*,#2113,.T.);
#2823=ORIENTED_EDGE('',*,*,#2114,.T.);
#2824=ORIENTED_EDGE('',*,*,#2115,.F.);
#2825=ORIENTED_EDGE('',*,*,#2116,.F.);
#2826=ORIENTED_EDGE('',*,*,#2117,.T.);
#2827=ORIENTED_EDGE('',*,*,#2118,.T.);
#2828=ORIENTED_EDGE('',*,*,#2119,.F.);
#2829=ORIENTED_EDGE('',*,*,#2120,.F.);
#2830=ORIENTED_EDGE('',*,*,#2121,.T.);
#2831=ORIENTED_EDGE('',*,*,#2122,.T.);
#2832=ORIENTED_EDGE('',*,*,#2123,.F.);
#2833=ORIENTED_EDGE('',*,*,#2124,.F.);
#2834=ORIENTED_EDGE('',*,*,#2125,.T.);
#2835=ORIENTED_EDGE('',*,*,#2126,.T.);
#2836=ORIENTED_EDGE('',*,*,#2127,.F.);
#2837=ORIENTED_EDGE('',*,*,#2128,.F.);
#2838=ORIENTED_EDGE('',*,*,#2129,.T.);
#2839=ORIENTED_EDGE('',*,*,#2112,.F.);
#2840=ORIENTED_EDGE('',*,*,#2105,.F.);
#2841=ORIENTED_EDGE('',*,*,#2101,.F.);
#2842=ORIENTED_EDGE('',*,*,#2100,.F.);
#2843=ORIENTED_EDGE('',*,*,#2130,.T.);
#2844=ORIENTED_EDGE('',*,*,#2109,.F.);
#2845=ORIENTED_EDGE('',*,*,#2130,.F.);
#2846=ORIENTED_EDGE('',*,*,#2131,.T.);
#2847=ORIENTED_EDGE('',*,*,#2131,.F.);
#2848=ORIENTED_EDGE('',*,*,#2132,.T.);
#2849=ORIENTED_EDGE('',*,*,#2133,.T.);
#2850=ORIENTED_EDGE('',*,*,#2134,.T.);
#2851=ORIENTED_EDGE('',*,*,#2135,.T.);
#2852=ORIENTED_EDGE('',*,*,#2136,.T.);
#2853=ORIENTED_EDGE('',*,*,#2137,.T.);
#2854=ORIENTED_EDGE('',*,*,#2138,.T.);
#2855=ORIENTED_EDGE('',*,*,#2139,.T.);
#2856=ORIENTED_EDGE('',*,*,#2140,.T.);
#2857=ORIENTED_EDGE('',*,*,#2141,.T.);
#2858=ORIENTED_EDGE('',*,*,#2142,.T.);
#2859=ORIENTED_EDGE('',*,*,#2143,.T.);
#2860=ORIENTED_EDGE('',*,*,#2144,.T.);
#2861=ORIENTED_EDGE('',*,*,#2145,.T.);
#2862=ORIENTED_EDGE('',*,*,#2146,.T.);
#2863=ORIENTED_EDGE('',*,*,#2147,.T.);
#2864=ORIENTED_EDGE('',*,*,#2103,.F.);
#2865=ORIENTED_EDGE('',*,*,#2111,.F.);
#2866=ORIENTED_EDGE('',*,*,#2148,.F.);
#2867=ORIENTED_EDGE('',*,*,#2149,.F.);
#2868=ORIENTED_EDGE('',*,*,#2150,.F.);
#2869=ORIENTED_EDGE('',*,*,#2151,.F.);
#2870=ORIENTED_EDGE('',*,*,#2140,.F.);
#2871=ORIENTED_EDGE('',*,*,#2152,.T.);
#2872=ORIENTED_EDGE('',*,*,#2153,.T.);
#2873=ORIENTED_EDGE('',*,*,#2154,.F.);
#2874=ORIENTED_EDGE('',*,*,#2139,.F.);
#2875=ORIENTED_EDGE('',*,*,#2155,.T.);
#2876=ORIENTED_EDGE('',*,*,#2156,.T.);
#2877=ORIENTED_EDGE('',*,*,#2152,.F.);
#2878=ORIENTED_EDGE('',*,*,#2138,.F.);
#2879=ORIENTED_EDGE('',*,*,#2157,.F.);
#2880=ORIENTED_EDGE('',*,*,#2158,.T.);
#2881=ORIENTED_EDGE('',*,*,#2155,.F.);
#2882=ORIENTED_EDGE('',*,*,#2159,.F.);
#2883=ORIENTED_EDGE('',*,*,#2153,.F.);
#2884=ORIENTED_EDGE('',*,*,#2156,.F.);
#2885=ORIENTED_EDGE('',*,*,#2158,.F.);
#2886=ORIENTED_EDGE('',*,*,#2160,.F.);
#2887=ORIENTED_EDGE('',*,*,#2161,.F.);
#2888=ORIENTED_EDGE('',*,*,#2162,.F.);
#2889=ORIENTED_EDGE('',*,*,#2163,.F.);
#2890=ORIENTED_EDGE('',*,*,#2164,.F.);
#2891=ORIENTED_EDGE('',*,*,#2136,.F.);
#2892=ORIENTED_EDGE('',*,*,#2165,.T.);
#2893=ORIENTED_EDGE('',*,*,#2166,.T.);
#2894=ORIENTED_EDGE('',*,*,#2167,.F.);
#2895=ORIENTED_EDGE('',*,*,#2135,.F.);
#2896=ORIENTED_EDGE('',*,*,#2168,.T.);
#2897=ORIENTED_EDGE('',*,*,#2169,.T.);
#2898=ORIENTED_EDGE('',*,*,#2165,.F.);
#2899=ORIENTED_EDGE('',*,*,#2134,.F.);
#2900=ORIENTED_EDGE('',*,*,#2170,.F.);
#2901=ORIENTED_EDGE('',*,*,#2171,.T.);
#2902=ORIENTED_EDGE('',*,*,#2168,.F.);
#2903=ORIENTED_EDGE('',*,*,#2172,.F.);
#2904=ORIENTED_EDGE('',*,*,#2166,.F.);
#2905=ORIENTED_EDGE('',*,*,#2169,.F.);
#2906=ORIENTED_EDGE('',*,*,#2171,.F.);
#2907=ORIENTED_EDGE('',*,*,#2173,.T.);
#2908=ORIENTED_EDGE('',*,*,#2148,.T.);
#2909=ORIENTED_EDGE('',*,*,#2174,.T.);
#2910=ORIENTED_EDGE('',*,*,#2145,.F.);
#2911=ORIENTED_EDGE('',*,*,#2175,.T.);
#2912=ORIENTED_EDGE('',*,*,#2160,.T.);
#2913=ORIENTED_EDGE('',*,*,#2176,.T.);
#2914=ORIENTED_EDGE('',*,*,#2177,.F.);
#2915=ORIENTED_EDGE('',*,*,#2176,.F.);
#2916=ORIENTED_EDGE('',*,*,#2164,.T.);
#2917=ORIENTED_EDGE('',*,*,#2178,.T.);
#2918=ORIENTED_EDGE('',*,*,#2141,.F.);
#2919=ORIENTED_EDGE('',*,*,#2154,.T.);
#2920=ORIENTED_EDGE('',*,*,#2159,.T.);
#2921=ORIENTED_EDGE('',*,*,#2157,.T.);
#2922=ORIENTED_EDGE('',*,*,#2137,.F.);
#2923=ORIENTED_EDGE('',*,*,#2167,.T.);
#2924=ORIENTED_EDGE('',*,*,#2172,.T.);
#2925=ORIENTED_EDGE('',*,*,#2170,.T.);
#2926=ORIENTED_EDGE('',*,*,#2133,.F.);
#2927=ORIENTED_EDGE('',*,*,#2179,.T.);
#2928=ORIENTED_EDGE('',*,*,#2146,.F.);
#2929=ORIENTED_EDGE('',*,*,#2174,.F.);
#2930=ORIENTED_EDGE('',*,*,#2151,.T.);
#2931=ORIENTED_EDGE('',*,*,#2180,.T.);
#2932=ORIENTED_EDGE('',*,*,#2149,.T.);
#2933=ORIENTED_EDGE('',*,*,#2173,.F.);
#2934=ORIENTED_EDGE('',*,*,#2132,.F.);
#2935=ORIENTED_EDGE('',*,*,#2180,.F.);
#2936=ORIENTED_EDGE('',*,*,#2147,.F.);
#2937=ORIENTED_EDGE('',*,*,#2179,.F.);
#2938=ORIENTED_EDGE('',*,*,#2150,.T.);
#2939=ORIENTED_EDGE('',*,*,#2181,.T.);
#2940=ORIENTED_EDGE('',*,*,#2142,.F.);
#2941=ORIENTED_EDGE('',*,*,#2178,.F.);
#2942=ORIENTED_EDGE('',*,*,#2163,.T.);
#2943=ORIENTED_EDGE('',*,*,#2182,.T.);
#2944=ORIENTED_EDGE('',*,*,#2161,.T.);
#2945=ORIENTED_EDGE('',*,*,#2175,.F.);
#2946=ORIENTED_EDGE('',*,*,#2144,.F.);
#2947=ORIENTED_EDGE('',*,*,#2182,.F.);
#2948=ORIENTED_EDGE('',*,*,#2143,.F.);
#2949=ORIENTED_EDGE('',*,*,#2181,.F.);
#2950=ORIENTED_EDGE('',*,*,#2162,.T.);
#2951=ORIENTED_EDGE('',*,*,#2183,.T.);
#2952=ORIENTED_EDGE('',*,*,#2184,.T.);
#2953=ORIENTED_EDGE('',*,*,#2185,.T.);
#2954=ORIENTED_EDGE('',*,*,#2119,.T.);
#2955=ORIENTED_EDGE('',*,*,#2186,.T.);
#2956=ORIENTED_EDGE('',*,*,#2187,.T.);
#2957=ORIENTED_EDGE('',*,*,#2188,.T.);
#2958=ORIENTED_EDGE('',*,*,#2123,.T.);
#2959=ORIENTED_EDGE('',*,*,#2189,.T.);
#2960=ORIENTED_EDGE('',*,*,#2127,.T.);
#2961=ORIENTED_EDGE('',*,*,#2190,.T.);
#2962=ORIENTED_EDGE('',*,*,#2191,.T.);
#2963=ORIENTED_EDGE('',*,*,#2192,.T.);
#2964=ORIENTED_EDGE('',*,*,#2193,.T.);
#2965=ORIENTED_EDGE('',*,*,#2194,.T.);
#2966=ORIENTED_EDGE('',*,*,#2115,.T.);
#2967=ORIENTED_EDGE('',*,*,#2195,.T.);
#2968=ORIENTED_EDGE('',*,*,#2196,.T.);
#2969=ORIENTED_EDGE('',*,*,#2197,.F.);
#2970=ORIENTED_EDGE('',*,*,#2198,.F.);
#2971=ORIENTED_EDGE('',*,*,#2199,.T.);
#2972=ORIENTED_EDGE('',*,*,#2198,.T.);
#2973=ORIENTED_EDGE('',*,*,#2200,.F.);
#2974=ORIENTED_EDGE('',*,*,#2201,.F.);
#2975=ORIENTED_EDGE('',*,*,#2202,.T.);
#2976=ORIENTED_EDGE('',*,*,#2201,.T.);
#2977=ORIENTED_EDGE('',*,*,#2203,.F.);
#2978=ORIENTED_EDGE('',*,*,#2204,.F.);
#2979=ORIENTED_EDGE('',*,*,#2205,.T.);
#2980=ORIENTED_EDGE('',*,*,#2204,.T.);
#2981=ORIENTED_EDGE('',*,*,#2206,.F.);
#2982=ORIENTED_EDGE('',*,*,#2207,.F.);
#2983=ORIENTED_EDGE('',*,*,#2208,.T.);
#2984=ORIENTED_EDGE('',*,*,#2207,.T.);
#2985=ORIENTED_EDGE('',*,*,#2209,.F.);
#2986=ORIENTED_EDGE('',*,*,#2210,.F.);
#2987=ORIENTED_EDGE('',*,*,#2211,.T.);
#2988=ORIENTED_EDGE('',*,*,#2210,.T.);
#2989=ORIENTED_EDGE('',*,*,#2212,.F.);
#2990=ORIENTED_EDGE('',*,*,#2213,.F.);
#2991=ORIENTED_EDGE('',*,*,#2214,.T.);
#2992=ORIENTED_EDGE('',*,*,#2213,.T.);
#2993=ORIENTED_EDGE('',*,*,#2215,.F.);
#2994=ORIENTED_EDGE('',*,*,#2216,.F.);
#2995=ORIENTED_EDGE('',*,*,#2217,.T.);
#2996=ORIENTED_EDGE('',*,*,#2216,.T.);
#2997=ORIENTED_EDGE('',*,*,#2218,.F.);
#2998=ORIENTED_EDGE('',*,*,#2196,.F.);
#2999=ORIENTED_EDGE('',*,*,#2219,.T.);
#3000=ORIENTED_EDGE('',*,*,#2220,.T.);
#3001=ORIENTED_EDGE('',*,*,#2187,.F.);
#3002=ORIENTED_EDGE('',*,*,#2221,.F.);
#3003=ORIENTED_EDGE('',*,*,#2222,.F.);
#3004=ORIENTED_EDGE('',*,*,#2221,.T.);
#3005=ORIENTED_EDGE('',*,*,#2186,.F.);
#3006=ORIENTED_EDGE('',*,*,#2122,.F.);
#3007=ORIENTED_EDGE('',*,*,#2223,.T.);
#3008=ORIENTED_EDGE('',*,*,#2120,.T.);
#3009=ORIENTED_EDGE('',*,*,#2185,.F.);
#3010=ORIENTED_EDGE('',*,*,#2224,.F.);
#3011=ORIENTED_EDGE('',*,*,#2225,.T.);
#3012=ORIENTED_EDGE('',*,*,#2224,.T.);
#3013=ORIENTED_EDGE('',*,*,#2184,.F.);
#3014=ORIENTED_EDGE('',*,*,#2226,.F.);
#3015=ORIENTED_EDGE('',*,*,#2227,.F.);
#3016=ORIENTED_EDGE('',*,*,#2226,.T.);
#3017=ORIENTED_EDGE('',*,*,#2183,.F.);
#3018=ORIENTED_EDGE('',*,*,#2118,.F.);
#3019=ORIENTED_EDGE('',*,*,#2228,.T.);
#3020=ORIENTED_EDGE('',*,*,#2116,.T.);
#3021=ORIENTED_EDGE('',*,*,#2194,.F.);
#3022=ORIENTED_EDGE('',*,*,#2229,.F.);
#3023=ORIENTED_EDGE('',*,*,#2230,.T.);
#3024=ORIENTED_EDGE('',*,*,#2229,.T.);
#3025=ORIENTED_EDGE('',*,*,#2193,.F.);
#3026=ORIENTED_EDGE('',*,*,#2231,.F.);
#3027=ORIENTED_EDGE('',*,*,#2232,.F.);
#3028=ORIENTED_EDGE('',*,*,#2231,.T.);
#3029=ORIENTED_EDGE('',*,*,#2192,.F.);
#3030=ORIENTED_EDGE('',*,*,#2114,.F.);
#3031=ORIENTED_EDGE('',*,*,#2233,.T.);
#3032=ORIENTED_EDGE('',*,*,#2128,.T.);
#3033=ORIENTED_EDGE('',*,*,#2189,.F.);
#3034=ORIENTED_EDGE('',*,*,#2234,.F.);
#3035=ORIENTED_EDGE('',*,*,#2235,.T.);
#3036=ORIENTED_EDGE('',*,*,#2234,.T.);
#3037=ORIENTED_EDGE('',*,*,#2191,.F.);
#3038=ORIENTED_EDGE('',*,*,#2236,.F.);
#3039=ORIENTED_EDGE('',*,*,#2237,.F.);
#3040=ORIENTED_EDGE('',*,*,#2236,.T.);
#3041=ORIENTED_EDGE('',*,*,#2190,.F.);
#3042=ORIENTED_EDGE('',*,*,#2126,.F.);
#3043=ORIENTED_EDGE('',*,*,#2238,.T.);
#3044=ORIENTED_EDGE('',*,*,#2124,.T.);
#3045=ORIENTED_EDGE('',*,*,#2188,.F.);
#3046=ORIENTED_EDGE('',*,*,#2220,.F.);
#3047=ORIENTED_EDGE('',*,*,#2177,.T.);
#3048=ORIENTED_EDGE('',*,*,#2218,.T.);
#3049=ORIENTED_EDGE('',*,*,#2215,.T.);
#3050=ORIENTED_EDGE('',*,*,#2212,.T.);
#3051=ORIENTED_EDGE('',*,*,#2209,.T.);
#3052=ORIENTED_EDGE('',*,*,#2206,.T.);
#3053=ORIENTED_EDGE('',*,*,#2203,.T.);
#3054=ORIENTED_EDGE('',*,*,#2200,.T.);
#3055=ORIENTED_EDGE('',*,*,#2197,.T.);
#3056=ORIENTED_EDGE('',*,*,#2238,.F.);
#3057=ORIENTED_EDGE('',*,*,#2219,.F.);
#3058=ORIENTED_EDGE('',*,*,#2222,.T.);
#3059=ORIENTED_EDGE('',*,*,#2121,.F.);
#3060=ORIENTED_EDGE('',*,*,#2223,.F.);
#3061=ORIENTED_EDGE('',*,*,#2225,.F.);
#3062=ORIENTED_EDGE('',*,*,#2227,.T.);
#3063=ORIENTED_EDGE('',*,*,#2117,.F.);
#3064=ORIENTED_EDGE('',*,*,#2228,.F.);
#3065=ORIENTED_EDGE('',*,*,#2230,.F.);
#3066=ORIENTED_EDGE('',*,*,#2232,.T.);
#3067=ORIENTED_EDGE('',*,*,#2113,.F.);
#3068=ORIENTED_EDGE('',*,*,#2129,.F.);
#3069=ORIENTED_EDGE('',*,*,#2233,.F.);
#3070=ORIENTED_EDGE('',*,*,#2235,.F.);
#3071=ORIENTED_EDGE('',*,*,#2237,.T.);
#3072=ORIENTED_EDGE('',*,*,#2125,.F.);
#3073=ORIENTED_EDGE('',*,*,#2217,.F.);
#3074=ORIENTED_EDGE('',*,*,#2195,.F.);
#3075=ORIENTED_EDGE('',*,*,#2199,.F.);
#3076=ORIENTED_EDGE('',*,*,#2202,.F.);
#3077=ORIENTED_EDGE('',*,*,#2205,.F.);
#3078=ORIENTED_EDGE('',*,*,#2208,.F.);
#3079=ORIENTED_EDGE('',*,*,#2211,.F.);
#3080=ORIENTED_EDGE('',*,*,#2214,.F.);
#3081=ORIENTED_EDGE('',*,*,#2239,.F.);
#3082=ORIENTED_EDGE('',*,*,#2240,.T.);
#3083=ORIENTED_EDGE('',*,*,#2241,.T.);
#3084=ORIENTED_EDGE('',*,*,#2242,.F.);
#3085=ORIENTED_EDGE('',*,*,#2240,.F.);
#3086=ORIENTED_EDGE('',*,*,#2243,.T.);
#3087=ORIENTED_EDGE('',*,*,#2244,.F.);
#3088=ORIENTED_EDGE('',*,*,#2245,.T.);
#3089=ORIENTED_EDGE('',*,*,#2243,.F.);
#3090=ORIENTED_EDGE('',*,*,#2246,.T.);
#3091=ORIENTED_EDGE('',*,*,#2247,.T.);
#3092=ORIENTED_EDGE('',*,*,#2248,.F.);
#3093=ORIENTED_EDGE('',*,*,#2246,.F.);
#3094=ORIENTED_EDGE('',*,*,#2249,.T.);
#3095=ORIENTED_EDGE('',*,*,#2250,.F.);
#3096=ORIENTED_EDGE('',*,*,#2251,.T.);
#3097=ORIENTED_EDGE('',*,*,#2249,.F.);
#3098=ORIENTED_EDGE('',*,*,#2252,.T.);
#3099=ORIENTED_EDGE('',*,*,#2253,.T.);
#3100=ORIENTED_EDGE('',*,*,#2254,.F.);
#3101=ORIENTED_EDGE('',*,*,#2252,.F.);
#3102=ORIENTED_EDGE('',*,*,#2255,.T.);
#3103=ORIENTED_EDGE('',*,*,#2256,.F.);
#3104=ORIENTED_EDGE('',*,*,#2257,.T.);
#3105=ORIENTED_EDGE('',*,*,#2255,.F.);
#3106=ORIENTED_EDGE('',*,*,#2258,.T.);
#3107=ORIENTED_EDGE('',*,*,#2259,.T.);
#3108=ORIENTED_EDGE('',*,*,#2260,.F.);
#3109=ORIENTED_EDGE('',*,*,#2261,.F.);
#3110=ORIENTED_EDGE('',*,*,#2262,.T.);
#3111=ORIENTED_EDGE('',*,*,#2263,.T.);
#3112=ORIENTED_EDGE('',*,*,#2264,.F.);
#3113=ORIENTED_EDGE('',*,*,#2262,.F.);
#3114=ORIENTED_EDGE('',*,*,#2265,.T.);
#3115=ORIENTED_EDGE('',*,*,#2266,.F.);
#3116=ORIENTED_EDGE('',*,*,#2267,.T.);
#3117=ORIENTED_EDGE('',*,*,#2265,.F.);
#3118=ORIENTED_EDGE('',*,*,#2268,.T.);
#3119=ORIENTED_EDGE('',*,*,#2269,.T.);
#3120=ORIENTED_EDGE('',*,*,#2270,.F.);
#3121=ORIENTED_EDGE('',*,*,#2268,.F.);
#3122=ORIENTED_EDGE('',*,*,#2271,.T.);
#3123=ORIENTED_EDGE('',*,*,#2272,.F.);
#3124=ORIENTED_EDGE('',*,*,#2273,.T.);
#3125=ORIENTED_EDGE('',*,*,#2271,.F.);
#3126=ORIENTED_EDGE('',*,*,#2274,.T.);
#3127=ORIENTED_EDGE('',*,*,#2275,.T.);
#3128=ORIENTED_EDGE('',*,*,#2276,.F.);
#3129=ORIENTED_EDGE('',*,*,#2274,.F.);
#3130=ORIENTED_EDGE('',*,*,#2277,.T.);
#3131=ORIENTED_EDGE('',*,*,#2278,.F.);
#3132=ORIENTED_EDGE('',*,*,#2279,.T.);
#3133=ORIENTED_EDGE('',*,*,#2277,.F.);
#3134=ORIENTED_EDGE('',*,*,#2280,.T.);
#3135=ORIENTED_EDGE('',*,*,#2281,.T.);
#3136=ORIENTED_EDGE('',*,*,#2282,.F.);
#3137=ORIENTED_EDGE('',*,*,#2283,.F.);
#3138=ORIENTED_EDGE('',*,*,#2284,.F.);
#3139=ORIENTED_EDGE('',*,*,#2285,.F.);
#3140=ORIENTED_EDGE('',*,*,#2286,.T.);
#3141=ORIENTED_EDGE('',*,*,#2287,.F.);
#3142=ORIENTED_EDGE('',*,*,#2286,.F.);
#3143=ORIENTED_EDGE('',*,*,#2288,.F.);
#3144=ORIENTED_EDGE('',*,*,#2289,.T.);
#3145=ORIENTED_EDGE('',*,*,#2290,.F.);
#3146=ORIENTED_EDGE('',*,*,#2289,.F.);
#3147=ORIENTED_EDGE('',*,*,#2291,.F.);
#3148=ORIENTED_EDGE('',*,*,#2292,.T.);
#3149=ORIENTED_EDGE('',*,*,#2293,.F.);
#3150=ORIENTED_EDGE('',*,*,#2292,.F.);
#3151=ORIENTED_EDGE('',*,*,#2294,.F.);
#3152=ORIENTED_EDGE('',*,*,#2295,.T.);
#3153=ORIENTED_EDGE('',*,*,#2296,.F.);
#3154=ORIENTED_EDGE('',*,*,#2295,.F.);
#3155=ORIENTED_EDGE('',*,*,#2297,.F.);
#3156=ORIENTED_EDGE('',*,*,#2298,.T.);
#3157=ORIENTED_EDGE('',*,*,#2299,.F.);
#3158=ORIENTED_EDGE('',*,*,#2298,.F.);
#3159=ORIENTED_EDGE('',*,*,#2300,.F.);
#3160=ORIENTED_EDGE('',*,*,#2284,.T.);
#3161=ORIENTED_EDGE('',*,*,#2291,.T.);
#3162=ORIENTED_EDGE('',*,*,#2288,.T.);
#3163=ORIENTED_EDGE('',*,*,#2285,.T.);
#3164=ORIENTED_EDGE('',*,*,#2300,.T.);
#3165=ORIENTED_EDGE('',*,*,#2297,.T.);
#3166=ORIENTED_EDGE('',*,*,#2294,.T.);
#3167=ORIENTED_EDGE('',*,*,#2301,.F.);
#3168=ORIENTED_EDGE('',*,*,#2302,.F.);
#3169=ORIENTED_EDGE('',*,*,#2303,.T.);
#3170=ORIENTED_EDGE('',*,*,#2304,.T.);
#3171=ORIENTED_EDGE('',*,*,#2303,.F.);
#3172=ORIENTED_EDGE('',*,*,#2304,.F.);
#3173=ORIENTED_EDGE('',*,*,#2305,.F.);
#3174=ORIENTED_EDGE('',*,*,#2306,.F.);
#3175=ORIENTED_EDGE('',*,*,#2307,.T.);
#3176=ORIENTED_EDGE('',*,*,#2308,.T.);
#3177=ORIENTED_EDGE('',*,*,#2307,.F.);
#3178=ORIENTED_EDGE('',*,*,#2308,.F.);
#3179=ORIENTED_EDGE('',*,*,#2309,.F.);
#3180=ORIENTED_EDGE('',*,*,#2310,.T.);
#3181=ORIENTED_EDGE('',*,*,#2311,.T.);
#3182=ORIENTED_EDGE('',*,*,#2312,.T.);
#3183=ORIENTED_EDGE('',*,*,#2310,.F.);
#3184=ORIENTED_EDGE('',*,*,#2313,.F.);
#3185=ORIENTED_EDGE('',*,*,#2314,.T.);
#3186=ORIENTED_EDGE('',*,*,#2315,.T.);
#3187=ORIENTED_EDGE('',*,*,#2316,.T.);
#3188=ORIENTED_EDGE('',*,*,#2317,.T.);
#3189=ORIENTED_EDGE('',*,*,#2314,.F.);
#3190=ORIENTED_EDGE('',*,*,#2311,.F.);
#3191=ORIENTED_EDGE('',*,*,#2318,.T.);
#3192=ORIENTED_EDGE('',*,*,#2319,.T.);
#3193=ORIENTED_EDGE('',*,*,#2264,.T.);
#3194=ORIENTED_EDGE('',*,*,#2320,.T.);
#3195=ORIENTED_EDGE('',*,*,#2321,.T.);
#3196=ORIENTED_EDGE('',*,*,#2322,.T.);
#3197=ORIENTED_EDGE('',*,*,#2323,.T.);
#3198=ORIENTED_EDGE('',*,*,#2321,.F.);
#3199=ORIENTED_EDGE('',*,*,#2324,.F.);
#3200=ORIENTED_EDGE('',*,*,#2325,.T.);
#3201=ORIENTED_EDGE('',*,*,#2326,.T.);
#3202=ORIENTED_EDGE('',*,*,#2327,.T.);
#3203=ORIENTED_EDGE('',*,*,#2328,.T.);
#3204=ORIENTED_EDGE('',*,*,#2325,.F.);
#3205=ORIENTED_EDGE('',*,*,#2322,.F.);
#3206=ORIENTED_EDGE('',*,*,#2329,.T.);
#3207=ORIENTED_EDGE('',*,*,#2330,.F.);
#3208=ORIENTED_EDGE('',*,*,#2331,.T.);
#3209=ORIENTED_EDGE('',*,*,#2261,.T.);
#3210=ORIENTED_EDGE('',*,*,#2319,.F.);
#3211=ORIENTED_EDGE('',*,*,#2332,.T.);
#3212=ORIENTED_EDGE('',*,*,#2280,.F.);
#3213=ORIENTED_EDGE('',*,*,#2328,.F.);
#3214=ORIENTED_EDGE('',*,*,#2333,.T.);
#3215=ORIENTED_EDGE('',*,*,#2266,.T.);
#3216=ORIENTED_EDGE('',*,*,#2270,.T.);
#3217=ORIENTED_EDGE('',*,*,#2334,.T.);
#3218=ORIENTED_EDGE('',*,*,#2326,.F.);
#3219=ORIENTED_EDGE('',*,*,#2334,.F.);
#3220=ORIENTED_EDGE('',*,*,#2269,.F.);
#3221=ORIENTED_EDGE('',*,*,#2273,.F.);
#3222=ORIENTED_EDGE('',*,*,#2335,.F.);
#3223=ORIENTED_EDGE('',*,*,#2247,.F.);
#3224=ORIENTED_EDGE('',*,*,#2251,.F.);
#3225=ORIENTED_EDGE('',*,*,#2336,.F.);
#3226=ORIENTED_EDGE('',*,*,#2337,.F.);
#3227=ORIENTED_EDGE('',*,*,#2329,.F.);
#3228=ORIENTED_EDGE('',*,*,#2338,.T.);
#3229=ORIENTED_EDGE('',*,*,#2339,.F.);
#3230=ORIENTED_EDGE('',*,*,#2340,.F.);
#3231=ORIENTED_EDGE('',*,*,#2341,.T.);
#3232=ORIENTED_EDGE('',*,*,#2342,.T.);
#3233=ORIENTED_EDGE('',*,*,#2343,.F.);
#3234=ORIENTED_EDGE('',*,*,#2344,.F.);
#3235=ORIENTED_EDGE('',*,*,#2339,.T.);
#3236=ORIENTED_EDGE('',*,*,#2345,.F.);
#3237=ORIENTED_EDGE('',*,*,#2275,.F.);
#3238=ORIENTED_EDGE('',*,*,#2279,.F.);
#3239=ORIENTED_EDGE('',*,*,#2346,.F.);
#3240=ORIENTED_EDGE('',*,*,#2347,.F.);
#3241=ORIENTED_EDGE('',*,*,#2348,.T.);
#3242=ORIENTED_EDGE('',*,*,#2343,.T.);
#3243=ORIENTED_EDGE('',*,*,#2239,.T.);
#3244=ORIENTED_EDGE('',*,*,#2349,.F.);
#3245=ORIENTED_EDGE('',*,*,#2350,.T.);
#3246=ORIENTED_EDGE('',*,*,#2258,.F.);
#3247=ORIENTED_EDGE('',*,*,#2351,.T.);
#3248=ORIENTED_EDGE('',*,*,#2349,.T.);
#3249=ORIENTED_EDGE('',*,*,#2242,.T.);
#3250=ORIENTED_EDGE('',*,*,#2352,.T.);
#3251=ORIENTED_EDGE('',*,*,#2353,.F.);
#3252=ORIENTED_EDGE('',*,*,#2354,.F.);
#3253=ORIENTED_EDGE('',*,*,#2355,.F.);
#3254=ORIENTED_EDGE('',*,*,#2346,.T.);
#3255=ORIENTED_EDGE('',*,*,#2278,.T.);
#3256=ORIENTED_EDGE('',*,*,#2282,.T.);
#3257=ORIENTED_EDGE('',*,*,#2256,.T.);
#3258=ORIENTED_EDGE('',*,*,#2260,.T.);
#3259=ORIENTED_EDGE('',*,*,#2356,.T.);
#3260=ORIENTED_EDGE('',*,*,#2357,.T.);
#3261=ORIENTED_EDGE('',*,*,#2358,.T.);
#3262=ORIENTED_EDGE('',*,*,#2359,.T.);
#3263=ORIENTED_EDGE('',*,*,#2360,.T.);
#3264=ORIENTED_EDGE('',*,*,#2357,.F.);
#3265=ORIENTED_EDGE('',*,*,#2361,.T.);
#3266=ORIENTED_EDGE('',*,*,#2317,.F.);
#3267=ORIENTED_EDGE('',*,*,#2362,.T.);
#3268=ORIENTED_EDGE('',*,*,#2359,.F.);
#3269=ORIENTED_EDGE('',*,*,#2363,.T.);
#3270=ORIENTED_EDGE('',*,*,#2250,.T.);
#3271=ORIENTED_EDGE('',*,*,#2254,.T.);
#3272=ORIENTED_EDGE('',*,*,#2364,.T.);
#3273=ORIENTED_EDGE('',*,*,#2365,.T.);
#3274=ORIENTED_EDGE('',*,*,#2336,.T.);
#3275=ORIENTED_EDGE('',*,*,#2330,.T.);
#3276=ORIENTED_EDGE('',*,*,#2337,.T.);
#3277=ORIENTED_EDGE('',*,*,#2365,.F.);
#3278=ORIENTED_EDGE('',*,*,#2366,.T.);
#3279=ORIENTED_EDGE('',*,*,#2367,.T.);
#3280=ORIENTED_EDGE('',*,*,#2244,.T.);
#3281=ORIENTED_EDGE('',*,*,#2248,.T.);
#3282=ORIENTED_EDGE('',*,*,#2335,.T.);
#3283=ORIENTED_EDGE('',*,*,#2272,.T.);
#3284=ORIENTED_EDGE('',*,*,#2276,.T.);
#3285=ORIENTED_EDGE('',*,*,#2345,.T.);
#3286=ORIENTED_EDGE('',*,*,#2342,.F.);
#3287=ORIENTED_EDGE('',*,*,#2338,.F.);
#3288=ORIENTED_EDGE('',*,*,#2355,.T.);
#3289=ORIENTED_EDGE('',*,*,#2368,.F.);
#3290=ORIENTED_EDGE('',*,*,#2369,.F.);
#3291=ORIENTED_EDGE('',*,*,#2347,.T.);
#3292=ORIENTED_EDGE('',*,*,#2354,.T.);
#3293=ORIENTED_EDGE('',*,*,#2370,.F.);
#3294=ORIENTED_EDGE('',*,*,#2371,.T.);
#3295=ORIENTED_EDGE('',*,*,#2368,.T.);
#3296=ORIENTED_EDGE('',*,*,#2353,.T.);
#3297=ORIENTED_EDGE('',*,*,#2372,.F.);
#3298=ORIENTED_EDGE('',*,*,#2373,.F.);
#3299=ORIENTED_EDGE('',*,*,#2370,.T.);
#3300=ORIENTED_EDGE('',*,*,#2352,.F.);
#3301=ORIENTED_EDGE('',*,*,#2241,.F.);
#3302=ORIENTED_EDGE('',*,*,#2245,.F.);
#3303=ORIENTED_EDGE('',*,*,#2367,.F.);
#3304=ORIENTED_EDGE('',*,*,#2341,.F.);
#3305=ORIENTED_EDGE('',*,*,#2374,.T.);
#3306=ORIENTED_EDGE('',*,*,#2372,.T.);
#3307=ORIENTED_EDGE('',*,*,#2324,.T.);
#3308=ORIENTED_EDGE('',*,*,#2375,.T.);
#3309=ORIENTED_EDGE('',*,*,#2376,.T.);
#3310=ORIENTED_EDGE('',*,*,#2377,.T.);
#3311=ORIENTED_EDGE('',*,*,#2313,.T.);
#3312=ORIENTED_EDGE('',*,*,#2378,.T.);
#3313=ORIENTED_EDGE('',*,*,#2315,.F.);
#3314=ORIENTED_EDGE('',*,*,#2363,.F.);
#3315=ORIENTED_EDGE('',*,*,#2361,.F.);
#3316=ORIENTED_EDGE('',*,*,#2356,.F.);
#3317=ORIENTED_EDGE('',*,*,#2259,.F.);
#3318=ORIENTED_EDGE('',*,*,#2350,.F.);
#3319=ORIENTED_EDGE('',*,*,#2351,.F.);
#3320=ORIENTED_EDGE('',*,*,#2281,.F.);
#3321=ORIENTED_EDGE('',*,*,#2332,.F.);
#3322=ORIENTED_EDGE('',*,*,#2318,.F.);
#3323=ORIENTED_EDGE('',*,*,#2305,.T.);
#3324=ORIENTED_EDGE('',*,*,#2379,.T.);
#3325=ORIENTED_EDGE('',*,*,#2378,.F.);
#3326=ORIENTED_EDGE('',*,*,#2379,.F.);
#3327=ORIENTED_EDGE('',*,*,#2309,.T.);
#3328=ORIENTED_EDGE('',*,*,#2380,.T.);
#3329=ORIENTED_EDGE('',*,*,#2376,.F.);
#3330=ORIENTED_EDGE('',*,*,#2380,.F.);
#3331=ORIENTED_EDGE('',*,*,#2331,.F.);
#3332=ORIENTED_EDGE('',*,*,#2381,.T.);
#3333=ORIENTED_EDGE('',*,*,#2382,.F.);
#3334=ORIENTED_EDGE('',*,*,#2383,.F.);
#3335=ORIENTED_EDGE('',*,*,#2327,.F.);
#3336=ORIENTED_EDGE('',*,*,#2375,.F.);
#3337=ORIENTED_EDGE('',*,*,#2323,.F.);
#3338=ORIENTED_EDGE('',*,*,#2383,.T.);
#3339=ORIENTED_EDGE('',*,*,#2384,.F.);
#3340=ORIENTED_EDGE('',*,*,#2385,.F.);
#3341=ORIENTED_EDGE('',*,*,#2333,.F.);
#3342=ORIENTED_EDGE('',*,*,#2385,.T.);
#3343=ORIENTED_EDGE('',*,*,#2386,.F.);
#3344=ORIENTED_EDGE('',*,*,#2387,.F.);
#3345=ORIENTED_EDGE('',*,*,#2267,.F.);
#3346=ORIENTED_EDGE('',*,*,#2263,.F.);
#3347=ORIENTED_EDGE('',*,*,#2387,.T.);
#3348=ORIENTED_EDGE('',*,*,#2388,.F.);
#3349=ORIENTED_EDGE('',*,*,#2389,.F.);
#3350=ORIENTED_EDGE('',*,*,#2320,.F.);
#3351=ORIENTED_EDGE('',*,*,#2316,.F.);
#3352=ORIENTED_EDGE('',*,*,#2377,.F.);
#3353=ORIENTED_EDGE('',*,*,#2312,.F.);
#3354=ORIENTED_EDGE('',*,*,#2389,.T.);
#3355=ORIENTED_EDGE('',*,*,#2390,.F.);
#3356=ORIENTED_EDGE('',*,*,#2391,.F.);
#3357=ORIENTED_EDGE('',*,*,#2362,.F.);
#3358=ORIENTED_EDGE('',*,*,#2391,.T.);
#3359=ORIENTED_EDGE('',*,*,#2392,.F.);
#3360=ORIENTED_EDGE('',*,*,#2393,.F.);
#3361=ORIENTED_EDGE('',*,*,#2360,.F.);
#3362=ORIENTED_EDGE('',*,*,#2393,.T.);
#3363=ORIENTED_EDGE('',*,*,#2394,.F.);
#3364=ORIENTED_EDGE('',*,*,#2395,.F.);
#3365=ORIENTED_EDGE('',*,*,#2358,.F.);
#3366=ORIENTED_EDGE('',*,*,#2395,.T.);
#3367=ORIENTED_EDGE('',*,*,#2396,.F.);
#3368=ORIENTED_EDGE('',*,*,#2397,.F.);
#3369=ORIENTED_EDGE('',*,*,#2257,.F.);
#3370=ORIENTED_EDGE('',*,*,#2253,.F.);
#3371=ORIENTED_EDGE('',*,*,#2397,.T.);
#3372=ORIENTED_EDGE('',*,*,#2398,.F.);
#3373=ORIENTED_EDGE('',*,*,#2399,.F.);
#3374=ORIENTED_EDGE('',*,*,#2364,.F.);
#3375=ORIENTED_EDGE('',*,*,#2366,.F.);
#3376=ORIENTED_EDGE('',*,*,#2399,.T.);
#3377=ORIENTED_EDGE('',*,*,#2400,.F.);
#3378=ORIENTED_EDGE('',*,*,#2381,.F.);
#3379=ORIENTED_EDGE('',*,*,#2400,.T.);
#3380=ORIENTED_EDGE('',*,*,#2398,.T.);
#3381=ORIENTED_EDGE('',*,*,#2396,.T.);
#3382=ORIENTED_EDGE('',*,*,#2394,.T.);
#3383=ORIENTED_EDGE('',*,*,#2392,.T.);
#3384=ORIENTED_EDGE('',*,*,#2390,.T.);
#3385=ORIENTED_EDGE('',*,*,#2388,.T.);
#3386=ORIENTED_EDGE('',*,*,#2386,.T.);
#3387=ORIENTED_EDGE('',*,*,#2384,.T.);
#3388=ORIENTED_EDGE('',*,*,#2382,.T.);
#3389=ORIENTED_EDGE('',*,*,#2283,.T.);
#3390=ORIENTED_EDGE('',*,*,#2287,.T.);
#3391=ORIENTED_EDGE('',*,*,#2290,.T.);
#3392=ORIENTED_EDGE('',*,*,#2293,.T.);
#3393=ORIENTED_EDGE('',*,*,#2296,.T.);
#3394=ORIENTED_EDGE('',*,*,#2299,.T.);
#3395=ORIENTED_EDGE('',*,*,#2302,.T.);
#3396=ORIENTED_EDGE('',*,*,#2306,.T.);
#3397=ORIENTED_EDGE('',*,*,#2301,.T.);
#3398=ORIENTED_EDGE('',*,*,#2401,.T.);
#3399=ORIENTED_EDGE('',*,*,#2402,.T.);
#3400=ORIENTED_EDGE('',*,*,#2401,.F.);
#3401=ORIENTED_EDGE('',*,*,#2371,.F.);
#3402=ORIENTED_EDGE('',*,*,#2373,.T.);
#3403=ORIENTED_EDGE('',*,*,#2374,.F.);
#3404=ORIENTED_EDGE('',*,*,#2340,.T.);
#3405=ORIENTED_EDGE('',*,*,#2344,.T.);
#3406=ORIENTED_EDGE('',*,*,#2348,.F.);
#3407=ORIENTED_EDGE('',*,*,#2369,.T.);
#3408=ORIENTED_EDGE('',*,*,#2402,.F.);
#3409=ORIENTED_EDGE('',*,*,#2403,.T.);
#3410=ORIENTED_EDGE('',*,*,#2404,.T.);
#3411=ORIENTED_EDGE('',*,*,#2405,.T.);
#3412=ORIENTED_EDGE('',*,*,#2406,.T.);
#3413=ORIENTED_EDGE('',*,*,#2405,.F.);
#3414=ORIENTED_EDGE('',*,*,#2407,.F.);
#3415=ORIENTED_EDGE('',*,*,#2408,.T.);
#3416=ORIENTED_EDGE('',*,*,#2409,.F.);
#3417=ORIENTED_EDGE('',*,*,#2410,.F.);
#3418=ORIENTED_EDGE('',*,*,#2411,.T.);
#3419=ORIENTED_EDGE('',*,*,#2412,.F.);
#3420=ORIENTED_EDGE('',*,*,#2413,.F.);
#3421=ORIENTED_EDGE('',*,*,#2414,.F.);
#3422=ORIENTED_EDGE('',*,*,#2415,.F.);
#3423=ORIENTED_EDGE('',*,*,#2416,.T.);
#3424=ORIENTED_EDGE('',*,*,#2403,.F.);
#3425=ORIENTED_EDGE('',*,*,#2404,.F.);
#3426=ORIENTED_EDGE('',*,*,#2416,.F.);
#3427=ORIENTED_EDGE('',*,*,#2417,.F.);
#3428=ORIENTED_EDGE('',*,*,#2418,.F.);
#3429=ORIENTED_EDGE('',*,*,#2411,.F.);
#3430=ORIENTED_EDGE('',*,*,#2419,.F.);
#3431=ORIENTED_EDGE('',*,*,#2420,.F.);
#3432=ORIENTED_EDGE('',*,*,#2421,.F.);
#3433=ORIENTED_EDGE('',*,*,#2422,.F.);
#3434=ORIENTED_EDGE('',*,*,#2408,.F.);
#3435=ORIENTED_EDGE('',*,*,#2423,.F.);
#3436=ORIENTED_EDGE('',*,*,#2424,.F.);
#3437=ORIENTED_EDGE('',*,*,#2425,.F.);
#3438=ORIENTED_EDGE('',*,*,#2426,.F.);
#3439=ORIENTED_EDGE('',*,*,#2427,.F.);
#3440=ORIENTED_EDGE('',*,*,#2428,.F.);
#3441=ORIENTED_EDGE('',*,*,#2429,.F.);
#3442=ORIENTED_EDGE('',*,*,#2430,.F.);
#3443=ORIENTED_EDGE('',*,*,#2431,.F.);
#3444=ORIENTED_EDGE('',*,*,#2406,.F.);
#3445=ORIENTED_EDGE('',*,*,#2432,.F.);
#3446=ORIENTED_EDGE('',*,*,#2433,.T.);
#3447=ORIENTED_EDGE('',*,*,#2434,.T.);
#3448=ORIENTED_EDGE('',*,*,#2417,.T.);
#3449=ORIENTED_EDGE('',*,*,#2415,.T.);
#3450=ORIENTED_EDGE('',*,*,#2435,.T.);
#3451=ORIENTED_EDGE('',*,*,#2414,.T.);
#3452=ORIENTED_EDGE('',*,*,#2436,.T.);
#3453=ORIENTED_EDGE('',*,*,#2437,.T.);
#3454=ORIENTED_EDGE('',*,*,#2438,.T.);
#3455=ORIENTED_EDGE('',*,*,#2439,.F.);
#3456=ORIENTED_EDGE('',*,*,#2435,.F.);
#3457=ORIENTED_EDGE('',*,*,#2440,.T.);
#3458=ORIENTED_EDGE('',*,*,#2441,.F.);
#3459=ORIENTED_EDGE('',*,*,#2442,.T.);
#3460=ORIENTED_EDGE('',*,*,#2412,.T.);
#3461=ORIENTED_EDGE('',*,*,#2418,.T.);
#3462=ORIENTED_EDGE('',*,*,#2434,.F.);
#3463=ORIENTED_EDGE('',*,*,#2443,.F.);
#3464=ORIENTED_EDGE('',*,*,#2413,.T.);
#3465=ORIENTED_EDGE('',*,*,#2442,.F.);
#3466=ORIENTED_EDGE('',*,*,#2444,.T.);
#3467=ORIENTED_EDGE('',*,*,#2436,.F.);
#3468=ORIENTED_EDGE('',*,*,#2444,.F.);
#3469=ORIENTED_EDGE('',*,*,#2441,.T.);
#3470=ORIENTED_EDGE('',*,*,#2445,.T.);
#3471=ORIENTED_EDGE('',*,*,#2446,.F.);
#3472=ORIENTED_EDGE('',*,*,#2447,.F.);
#3473=ORIENTED_EDGE('',*,*,#2437,.F.);
#3474=ORIENTED_EDGE('',*,*,#2440,.F.);
#3475=ORIENTED_EDGE('',*,*,#2448,.F.);
#3476=ORIENTED_EDGE('',*,*,#2449,.F.);
#3477=ORIENTED_EDGE('',*,*,#2450,.F.);
#3478=ORIENTED_EDGE('',*,*,#2451,.F.);
#3479=ORIENTED_EDGE('',*,*,#2445,.F.);
#3480=ORIENTED_EDGE('',*,*,#2452,.T.);
#3481=ORIENTED_EDGE('',*,*,#2453,.T.);
#3482=ORIENTED_EDGE('',*,*,#2420,.T.);
#3483=ORIENTED_EDGE('',*,*,#2454,.T.);
#3484=ORIENTED_EDGE('',*,*,#2419,.T.);
#3485=ORIENTED_EDGE('',*,*,#2410,.T.);
#3486=ORIENTED_EDGE('',*,*,#2455,.T.);
#3487=ORIENTED_EDGE('',*,*,#2456,.T.);
#3488=ORIENTED_EDGE('',*,*,#2457,.T.);
#3489=ORIENTED_EDGE('',*,*,#2458,.F.);
#3490=ORIENTED_EDGE('',*,*,#2454,.F.);
#3491=ORIENTED_EDGE('',*,*,#2459,.T.);
#3492=ORIENTED_EDGE('',*,*,#2460,.F.);
#3493=ORIENTED_EDGE('',*,*,#2461,.T.);
#3494=ORIENTED_EDGE('',*,*,#2421,.T.);
#3495=ORIENTED_EDGE('',*,*,#2453,.F.);
#3496=ORIENTED_EDGE('',*,*,#2462,.F.);
#3497=ORIENTED_EDGE('',*,*,#2409,.T.);
#3498=ORIENTED_EDGE('',*,*,#2422,.T.);
#3499=ORIENTED_EDGE('',*,*,#2461,.F.);
#3500=ORIENTED_EDGE('',*,*,#2463,.T.);
#3501=ORIENTED_EDGE('',*,*,#2455,.F.);
#3502=ORIENTED_EDGE('',*,*,#2463,.F.);
#3503=ORIENTED_EDGE('',*,*,#2460,.T.);
#3504=ORIENTED_EDGE('',*,*,#2464,.T.);
#3505=ORIENTED_EDGE('',*,*,#2465,.F.);
#3506=ORIENTED_EDGE('',*,*,#2466,.F.);
#3507=ORIENTED_EDGE('',*,*,#2456,.F.);
#3508=ORIENTED_EDGE('',*,*,#2459,.F.);
#3509=ORIENTED_EDGE('',*,*,#2467,.F.);
#3510=ORIENTED_EDGE('',*,*,#2468,.F.);
#3511=ORIENTED_EDGE('',*,*,#2469,.F.);
#3512=ORIENTED_EDGE('',*,*,#2470,.F.);
#3513=ORIENTED_EDGE('',*,*,#2464,.F.);
#3514=ORIENTED_EDGE('',*,*,#2471,.T.);
#3515=ORIENTED_EDGE('',*,*,#2472,.T.);
#3516=ORIENTED_EDGE('',*,*,#2424,.T.);
#3517=ORIENTED_EDGE('',*,*,#2473,.T.);
#3518=ORIENTED_EDGE('',*,*,#2427,.T.);
#3519=ORIENTED_EDGE('',*,*,#2474,.T.);
#3520=ORIENTED_EDGE('',*,*,#2475,.T.);
#3521=ORIENTED_EDGE('',*,*,#2476,.T.);
#3522=ORIENTED_EDGE('',*,*,#2477,.F.);
#3523=ORIENTED_EDGE('',*,*,#2473,.F.);
#3524=ORIENTED_EDGE('',*,*,#2478,.T.);
#3525=ORIENTED_EDGE('',*,*,#2479,.F.);
#3526=ORIENTED_EDGE('',*,*,#2480,.T.);
#3527=ORIENTED_EDGE('',*,*,#2425,.T.);
#3528=ORIENTED_EDGE('',*,*,#2472,.F.);
#3529=ORIENTED_EDGE('',*,*,#2481,.F.);
#3530=ORIENTED_EDGE('',*,*,#2426,.T.);
#3531=ORIENTED_EDGE('',*,*,#2480,.F.);
#3532=ORIENTED_EDGE('',*,*,#2482,.T.);
#3533=ORIENTED_EDGE('',*,*,#2474,.F.);
#3534=ORIENTED_EDGE('',*,*,#2482,.F.);
#3535=ORIENTED_EDGE('',*,*,#2479,.T.);
#3536=ORIENTED_EDGE('',*,*,#2483,.T.);
#3537=ORIENTED_EDGE('',*,*,#2484,.F.);
#3538=ORIENTED_EDGE('',*,*,#2485,.F.);
#3539=ORIENTED_EDGE('',*,*,#2475,.F.);
#3540=ORIENTED_EDGE('',*,*,#2478,.F.);
#3541=ORIENTED_EDGE('',*,*,#2486,.F.);
#3542=ORIENTED_EDGE('',*,*,#2487,.F.);
#3543=ORIENTED_EDGE('',*,*,#2488,.F.);
#3544=ORIENTED_EDGE('',*,*,#2489,.F.);
#3545=ORIENTED_EDGE('',*,*,#2483,.F.);
#3546=ORIENTED_EDGE('',*,*,#2428,.T.);
#3547=ORIENTED_EDGE('',*,*,#2490,.T.);
#3548=ORIENTED_EDGE('',*,*,#2491,.T.);
#3549=ORIENTED_EDGE('',*,*,#2492,.T.);
#3550=ORIENTED_EDGE('',*,*,#2493,.T.);
#3551=ORIENTED_EDGE('',*,*,#2494,.F.);
#3552=ORIENTED_EDGE('',*,*,#2490,.F.);
#3553=ORIENTED_EDGE('',*,*,#2431,.T.);
#3554=ORIENTED_EDGE('',*,*,#2495,.T.);
#3555=ORIENTED_EDGE('',*,*,#2496,.T.);
#3556=ORIENTED_EDGE('',*,*,#2497,.T.);
#3557=ORIENTED_EDGE('',*,*,#2495,.F.);
#3558=ORIENTED_EDGE('',*,*,#2430,.T.);
#3559=ORIENTED_EDGE('',*,*,#2498,.F.);
#3560=ORIENTED_EDGE('',*,*,#2429,.T.);
#3561=ORIENTED_EDGE('',*,*,#2492,.F.);
#3562=ORIENTED_EDGE('',*,*,#2499,.F.);
#3563=ORIENTED_EDGE('',*,*,#2500,.T.);
#3564=ORIENTED_EDGE('',*,*,#2501,.F.);
#3565=ORIENTED_EDGE('',*,*,#2498,.T.);
#3566=ORIENTED_EDGE('',*,*,#2491,.F.);
#3567=ORIENTED_EDGE('',*,*,#2494,.T.);
#3568=ORIENTED_EDGE('',*,*,#2502,.T.);
#3569=ORIENTED_EDGE('',*,*,#2503,.F.);
#3570=ORIENTED_EDGE('',*,*,#2504,.T.);
#3571=ORIENTED_EDGE('',*,*,#2499,.T.);
#3572=ORIENTED_EDGE('',*,*,#2493,.F.);
#3573=ORIENTED_EDGE('',*,*,#2505,.T.);
#3574=ORIENTED_EDGE('',*,*,#2506,.T.);
#3575=ORIENTED_EDGE('',*,*,#2507,.F.);
#3576=ORIENTED_EDGE('',*,*,#2508,.F.);
#3577=ORIENTED_EDGE('',*,*,#2502,.F.);
#3578=ORIENTED_EDGE('',*,*,#2509,.T.);
#3579=ORIENTED_EDGE('',*,*,#2510,.T.);
#3580=ORIENTED_EDGE('',*,*,#2423,.T.);
#3581=ORIENTED_EDGE('',*,*,#2407,.T.);
#3582=ORIENTED_EDGE('',*,*,#2510,.F.);
#3583=ORIENTED_EDGE('',*,*,#2509,.F.);
#3584=ORIENTED_EDGE('',*,*,#2511,.F.);
#3585=ORIENTED_EDGE('',*,*,#2512,.T.);
#3586=ORIENTED_EDGE('',*,*,#2513,.T.);
#3587=ORIENTED_EDGE('',*,*,#2514,.T.);
#3588=ORIENTED_EDGE('',*,*,#2432,.T.);
#3589=ORIENTED_EDGE('',*,*,#2514,.F.);
#3590=ORIENTED_EDGE('',*,*,#2515,.F.);
#3591=ORIENTED_EDGE('',*,*,#2516,.F.);
#3592=ORIENTED_EDGE('',*,*,#2517,.T.);
#3593=ORIENTED_EDGE('',*,*,#2518,.F.);
#3594=ORIENTED_EDGE('',*,*,#2519,.F.);
#3595=ORIENTED_EDGE('',*,*,#2520,.F.);
#3596=ORIENTED_EDGE('',*,*,#2521,.F.);
#3597=ORIENTED_EDGE('',*,*,#2522,.T.);
#3598=ORIENTED_EDGE('',*,*,#2523,.F.);
#3599=ORIENTED_EDGE('',*,*,#2524,.F.);
#3600=ORIENTED_EDGE('',*,*,#2525,.T.);
#3601=ORIENTED_EDGE('',*,*,#2512,.F.);
#3602=ORIENTED_EDGE('',*,*,#2513,.F.);
#3603=ORIENTED_EDGE('',*,*,#2525,.F.);
#3604=ORIENTED_EDGE('',*,*,#2526,.F.);
#3605=ORIENTED_EDGE('',*,*,#2527,.F.);
#3606=ORIENTED_EDGE('',*,*,#2528,.F.);
#3607=ORIENTED_EDGE('',*,*,#2529,.F.);
#3608=ORIENTED_EDGE('',*,*,#2522,.F.);
#3609=ORIENTED_EDGE('',*,*,#2530,.F.);
#3610=ORIENTED_EDGE('',*,*,#2531,.F.);
#3611=ORIENTED_EDGE('',*,*,#2517,.F.);
#3612=ORIENTED_EDGE('',*,*,#2532,.F.);
#3613=ORIENTED_EDGE('',*,*,#2533,.F.);
#3614=ORIENTED_EDGE('',*,*,#2534,.F.);
#3615=ORIENTED_EDGE('',*,*,#2535,.F.);
#3616=ORIENTED_EDGE('',*,*,#2536,.F.);
#3617=ORIENTED_EDGE('',*,*,#2537,.F.);
#3618=ORIENTED_EDGE('',*,*,#2538,.F.);
#3619=ORIENTED_EDGE('',*,*,#2539,.F.);
#3620=ORIENTED_EDGE('',*,*,#2523,.T.);
#3621=ORIENTED_EDGE('',*,*,#2529,.T.);
#3622=ORIENTED_EDGE('',*,*,#2540,.T.);
#3623=ORIENTED_EDGE('',*,*,#2541,.T.);
#3624=ORIENTED_EDGE('',*,*,#2542,.T.);
#3625=ORIENTED_EDGE('',*,*,#2528,.T.);
#3626=ORIENTED_EDGE('',*,*,#2543,.T.);
#3627=ORIENTED_EDGE('',*,*,#2506,.F.);
#3628=ORIENTED_EDGE('',*,*,#2544,.T.);
#3629=ORIENTED_EDGE('',*,*,#2545,.T.);
#3630=ORIENTED_EDGE('',*,*,#2540,.F.);
#3631=ORIENTED_EDGE('',*,*,#2507,.T.);
#3632=ORIENTED_EDGE('',*,*,#2543,.F.);
#3633=ORIENTED_EDGE('',*,*,#2527,.T.);
#3634=ORIENTED_EDGE('',*,*,#2546,.T.);
#3635=ORIENTED_EDGE('',*,*,#2503,.T.);
#3636=ORIENTED_EDGE('',*,*,#2508,.T.);
#3637=ORIENTED_EDGE('',*,*,#2546,.F.);
#3638=ORIENTED_EDGE('',*,*,#2526,.T.);
#3639=ORIENTED_EDGE('',*,*,#2524,.T.);
#3640=ORIENTED_EDGE('',*,*,#2542,.F.);
#3641=ORIENTED_EDGE('',*,*,#2547,.T.);
#3642=ORIENTED_EDGE('',*,*,#2530,.T.);
#3643=ORIENTED_EDGE('',*,*,#2521,.T.);
#3644=ORIENTED_EDGE('',*,*,#2548,.T.);
#3645=ORIENTED_EDGE('',*,*,#2549,.T.);
#3646=ORIENTED_EDGE('',*,*,#2550,.F.);
#3647=ORIENTED_EDGE('',*,*,#2450,.T.);
#3648=ORIENTED_EDGE('',*,*,#2551,.T.);
#3649=ORIENTED_EDGE('',*,*,#2519,.T.);
#3650=ORIENTED_EDGE('',*,*,#2552,.T.);
#3651=ORIENTED_EDGE('',*,*,#2520,.T.);
#3652=ORIENTED_EDGE('',*,*,#2551,.F.);
#3653=ORIENTED_EDGE('',*,*,#2449,.T.);
#3654=ORIENTED_EDGE('',*,*,#2553,.T.);
#3655=ORIENTED_EDGE('',*,*,#2554,.T.);
#3656=ORIENTED_EDGE('',*,*,#2548,.F.);
#3657=ORIENTED_EDGE('',*,*,#2446,.T.);
#3658=ORIENTED_EDGE('',*,*,#2451,.T.);
#3659=ORIENTED_EDGE('',*,*,#2552,.F.);
#3660=ORIENTED_EDGE('',*,*,#2518,.T.);
#3661=ORIENTED_EDGE('',*,*,#2531,.T.);
#3662=ORIENTED_EDGE('',*,*,#2550,.T.);
#3663=ORIENTED_EDGE('',*,*,#2555,.F.);
#3664=ORIENTED_EDGE('',*,*,#2469,.T.);
#3665=ORIENTED_EDGE('',*,*,#2556,.T.);
#3666=ORIENTED_EDGE('',*,*,#2532,.T.);
#3667=ORIENTED_EDGE('',*,*,#2557,.T.);
#3668=ORIENTED_EDGE('',*,*,#2533,.T.);
#3669=ORIENTED_EDGE('',*,*,#2556,.F.);
#3670=ORIENTED_EDGE('',*,*,#2468,.T.);
#3671=ORIENTED_EDGE('',*,*,#2558,.T.);
#3672=ORIENTED_EDGE('',*,*,#2559,.T.);
#3673=ORIENTED_EDGE('',*,*,#2560,.T.);
#3674=ORIENTED_EDGE('',*,*,#2465,.T.);
#3675=ORIENTED_EDGE('',*,*,#2470,.T.);
#3676=ORIENTED_EDGE('',*,*,#2557,.F.);
#3677=ORIENTED_EDGE('',*,*,#2535,.T.);
#3678=ORIENTED_EDGE('',*,*,#2561,.T.);
#3679=ORIENTED_EDGE('',*,*,#2562,.F.);
#3680=ORIENTED_EDGE('',*,*,#2534,.T.);
#3681=ORIENTED_EDGE('',*,*,#2560,.F.);
#3682=ORIENTED_EDGE('',*,*,#2563,.T.);
#3683=ORIENTED_EDGE('',*,*,#2561,.F.);
#3684=ORIENTED_EDGE('',*,*,#2511,.T.);
#3685=ORIENTED_EDGE('',*,*,#2564,.T.);
#3686=ORIENTED_EDGE('',*,*,#2515,.T.);
#3687=ORIENTED_EDGE('',*,*,#2516,.T.);
#3688=ORIENTED_EDGE('',*,*,#2564,.F.);
#3689=ORIENTED_EDGE('',*,*,#2536,.T.);
#3690=ORIENTED_EDGE('',*,*,#2565,.T.);
#3691=ORIENTED_EDGE('',*,*,#2566,.T.);
#3692=ORIENTED_EDGE('',*,*,#2567,.F.);
#3693=ORIENTED_EDGE('',*,*,#2539,.T.);
#3694=ORIENTED_EDGE('',*,*,#2568,.T.);
#3695=ORIENTED_EDGE('',*,*,#2487,.T.);
#3696=ORIENTED_EDGE('',*,*,#2569,.T.);
#3697=ORIENTED_EDGE('',*,*,#2570,.T.);
#3698=ORIENTED_EDGE('',*,*,#2565,.F.);
#3699=ORIENTED_EDGE('',*,*,#2488,.T.);
#3700=ORIENTED_EDGE('',*,*,#2568,.F.);
#3701=ORIENTED_EDGE('',*,*,#2538,.T.);
#3702=ORIENTED_EDGE('',*,*,#2571,.T.);
#3703=ORIENTED_EDGE('',*,*,#2484,.T.);
#3704=ORIENTED_EDGE('',*,*,#2489,.T.);
#3705=ORIENTED_EDGE('',*,*,#2571,.F.);
#3706=ORIENTED_EDGE('',*,*,#2537,.T.);
#3707=ORIENTED_EDGE('',*,*,#2567,.T.);
#3708=ORIENTED_EDGE('',*,*,#2572,.F.);
#3709=ORIENTED_EDGE('',*,*,#2497,.F.);
#3710=ORIENTED_EDGE('',*,*,#2501,.T.);
#3711=ORIENTED_EDGE('',*,*,#2573,.T.);
#3712=ORIENTED_EDGE('',*,*,#2544,.F.);
#3713=ORIENTED_EDGE('',*,*,#2505,.F.);
#3714=ORIENTED_EDGE('',*,*,#2496,.F.);
#3715=ORIENTED_EDGE('',*,*,#2452,.F.);
#3716=ORIENTED_EDGE('',*,*,#2458,.T.);
#3717=ORIENTED_EDGE('',*,*,#2574,.T.);
#3718=ORIENTED_EDGE('',*,*,#2558,.F.);
#3719=ORIENTED_EDGE('',*,*,#2467,.T.);
#3720=ORIENTED_EDGE('',*,*,#2462,.T.);
#3721=ORIENTED_EDGE('',*,*,#2433,.F.);
#3722=ORIENTED_EDGE('',*,*,#2439,.T.);
#3723=ORIENTED_EDGE('',*,*,#2575,.T.);
#3724=ORIENTED_EDGE('',*,*,#2553,.F.);
#3725=ORIENTED_EDGE('',*,*,#2448,.T.);
#3726=ORIENTED_EDGE('',*,*,#2443,.T.);
#3727=ORIENTED_EDGE('',*,*,#2476,.F.);
#3728=ORIENTED_EDGE('',*,*,#2485,.T.);
#3729=ORIENTED_EDGE('',*,*,#2572,.T.);
#3730=ORIENTED_EDGE('',*,*,#2566,.F.);
#3731=ORIENTED_EDGE('',*,*,#2570,.F.);
#3732=ORIENTED_EDGE('',*,*,#2576,.F.);
#3733=ORIENTED_EDGE('',*,*,#2457,.F.);
#3734=ORIENTED_EDGE('',*,*,#2466,.T.);
#3735=ORIENTED_EDGE('',*,*,#2562,.T.);
#3736=ORIENTED_EDGE('',*,*,#2563,.F.);
#3737=ORIENTED_EDGE('',*,*,#2559,.F.);
#3738=ORIENTED_EDGE('',*,*,#2574,.F.);
#3739=ORIENTED_EDGE('',*,*,#2500,.F.);
#3740=ORIENTED_EDGE('',*,*,#2504,.F.);
#3741=ORIENTED_EDGE('',*,*,#2547,.F.);
#3742=ORIENTED_EDGE('',*,*,#2541,.F.);
#3743=ORIENTED_EDGE('',*,*,#2545,.F.);
#3744=ORIENTED_EDGE('',*,*,#2573,.F.);
#3745=ORIENTED_EDGE('',*,*,#2438,.F.);
#3746=ORIENTED_EDGE('',*,*,#2447,.T.);
#3747=ORIENTED_EDGE('',*,*,#2555,.T.);
#3748=ORIENTED_EDGE('',*,*,#2549,.F.);
#3749=ORIENTED_EDGE('',*,*,#2554,.F.);
#3750=ORIENTED_EDGE('',*,*,#2575,.F.);
#3751=ORIENTED_EDGE('',*,*,#2471,.F.);
#3752=ORIENTED_EDGE('',*,*,#2477,.T.);
#3753=ORIENTED_EDGE('',*,*,#2576,.T.);
#3754=ORIENTED_EDGE('',*,*,#2569,.F.);
#3755=ORIENTED_EDGE('',*,*,#2486,.T.);
#3756=ORIENTED_EDGE('',*,*,#2481,.T.);
#3757=ORIENTED_EDGE('',*,*,#2577,.F.);
#3758=ORIENTED_EDGE('',*,*,#2578,.T.);
#3759=ORIENTED_EDGE('',*,*,#2579,.F.);
#3760=ORIENTED_EDGE('',*,*,#2578,.F.);
#3761=ORIENTED_EDGE('',*,*,#2580,.T.);
#3762=ORIENTED_EDGE('',*,*,#2581,.T.);
#3763=ORIENTED_EDGE('',*,*,#2582,.T.);
#3764=ORIENTED_EDGE('',*,*,#2581,.F.);
#3765=ORIENTED_EDGE('',*,*,#2582,.F.);
#3766=ORIENTED_EDGE('',*,*,#2583,.T.);
#3767=ORIENTED_EDGE('',*,*,#2584,.T.);
#3768=ORIENTED_EDGE('',*,*,#2585,.T.);
#3769=ORIENTED_EDGE('',*,*,#2586,.T.);
#3770=ORIENTED_EDGE('',*,*,#2587,.T.);
#3771=ORIENTED_EDGE('',*,*,#2588,.T.);
#3772=ORIENTED_EDGE('',*,*,#2589,.F.);
#3773=ORIENTED_EDGE('',*,*,#2590,.T.);
#3774=ORIENTED_EDGE('',*,*,#2580,.F.);
#3775=ORIENTED_EDGE('',*,*,#2590,.F.);
#3776=ORIENTED_EDGE('',*,*,#2591,.F.);
#3777=ORIENTED_EDGE('',*,*,#2592,.F.);
#3778=ORIENTED_EDGE('',*,*,#2593,.T.);
#3779=ORIENTED_EDGE('',*,*,#2593,.F.);
#3780=ORIENTED_EDGE('',*,*,#2594,.F.);
#3781=ORIENTED_EDGE('',*,*,#2595,.T.);
#3782=ORIENTED_EDGE('',*,*,#2595,.F.);
#3783=ORIENTED_EDGE('',*,*,#2596,.F.);
#3784=ORIENTED_EDGE('',*,*,#2597,.T.);
#3785=ORIENTED_EDGE('',*,*,#2597,.F.);
#3786=ORIENTED_EDGE('',*,*,#2598,.F.);
#3787=ORIENTED_EDGE('',*,*,#2599,.T.);
#3788=ORIENTED_EDGE('',*,*,#2599,.F.);
#3789=ORIENTED_EDGE('',*,*,#2600,.F.);
#3790=ORIENTED_EDGE('',*,*,#2601,.T.);
#3791=ORIENTED_EDGE('',*,*,#2601,.F.);
#3792=ORIENTED_EDGE('',*,*,#2602,.F.);
#3793=ORIENTED_EDGE('',*,*,#2591,.T.);
#3794=ORIENTED_EDGE('',*,*,#2583,.F.);
#3795=ORIENTED_EDGE('',*,*,#2603,.T.);
#3796=ORIENTED_EDGE('',*,*,#2592,.T.);
#3797=ORIENTED_EDGE('',*,*,#2604,.F.);
#3798=ORIENTED_EDGE('',*,*,#2588,.F.);
#3799=ORIENTED_EDGE('',*,*,#2605,.T.);
#3800=ORIENTED_EDGE('',*,*,#2594,.T.);
#3801=ORIENTED_EDGE('',*,*,#2603,.F.);
#3802=ORIENTED_EDGE('',*,*,#2587,.F.);
#3803=ORIENTED_EDGE('',*,*,#2606,.T.);
#3804=ORIENTED_EDGE('',*,*,#2596,.T.);
#3805=ORIENTED_EDGE('',*,*,#2605,.F.);
#3806=ORIENTED_EDGE('',*,*,#2586,.F.);
#3807=ORIENTED_EDGE('',*,*,#2607,.T.);
#3808=ORIENTED_EDGE('',*,*,#2598,.T.);
#3809=ORIENTED_EDGE('',*,*,#2606,.F.);
#3810=ORIENTED_EDGE('',*,*,#2585,.F.);
#3811=ORIENTED_EDGE('',*,*,#2608,.T.);
#3812=ORIENTED_EDGE('',*,*,#2600,.T.);
#3813=ORIENTED_EDGE('',*,*,#2607,.F.);
#3814=ORIENTED_EDGE('',*,*,#2584,.F.);
#3815=ORIENTED_EDGE('',*,*,#2604,.T.);
#3816=ORIENTED_EDGE('',*,*,#2602,.T.);
#3817=ORIENTED_EDGE('',*,*,#2608,.F.);
#3818=ORIENTED_EDGE('',*,*,#2577,.T.);
#3819=ORIENTED_EDGE('',*,*,#2609,.T.);
#3820=ORIENTED_EDGE('',*,*,#2610,.T.);
#3821=ORIENTED_EDGE('',*,*,#2609,.F.);
#3822=ORIENTED_EDGE('',*,*,#2579,.T.);
#3823=ORIENTED_EDGE('',*,*,#2589,.T.);
#3824=ORIENTED_EDGE('',*,*,#2610,.F.);
#3825=CYLINDRICAL_SURFACE('',#4172,1.55);
#3826=CYLINDRICAL_SURFACE('',#4176,1.55);
#3827=CYLINDRICAL_SURFACE('',#4180,1.55);
#3828=CYLINDRICAL_SURFACE('',#4184,1.55);
#3829=CYLINDRICAL_SURFACE('',#4191,2.1);
#3830=CYLINDRICAL_SURFACE('',#4194,0.1);
#3831=CYLINDRICAL_SURFACE('',#4198,8.5);
#3832=CYLINDRICAL_SURFACE('',#4202,0.1);
#3833=CYLINDRICAL_SURFACE('',#4206,8.5);
#3834=CYLINDRICAL_SURFACE('',#4210,3.5);
#3835=CYLINDRICAL_SURFACE('',#4212,14.);
#3836=CYLINDRICAL_SURFACE('',#4216,15.);
#3837=CYLINDRICAL_SURFACE('',#4220,14.);
#3838=CYLINDRICAL_SURFACE('',#4224,15.);
#3839=CYLINDRICAL_SURFACE('',#4228,14.);
#3840=CYLINDRICAL_SURFACE('',#4232,15.);
#3841=CYLINDRICAL_SURFACE('',#4236,14.);
#3842=CYLINDRICAL_SURFACE('',#4240,15.);
#3843=CYLINDRICAL_SURFACE('',#4259,15.);
#3844=CYLINDRICAL_SURFACE('',#4284,0.099999999999999);
#3845=CYLINDRICAL_SURFACE('',#4294,0.099999999999999);
#3846=CYLINDRICAL_SURFACE('',#4299,12.5);
#3847=CYLINDRICAL_SURFACE('',#4303,0.0999999999999989);
#3848=CYLINDRICAL_SURFACE('',#4306,0.099999999999999);
#3849=CYLINDRICAL_SURFACE('',#4315,0.1);
#3850=CYLINDRICAL_SURFACE('',#4319,8.5);
#3851=CYLINDRICAL_SURFACE('',#4323,0.1);
#3852=CYLINDRICAL_SURFACE('',#4327,8.5);
#3853=CYLINDRICAL_SURFACE('',#4331,14.);
#3854=CYLINDRICAL_SURFACE('',#4335,14.);
#3855=CYLINDRICAL_SURFACE('',#4339,14.);
#3856=CYLINDRICAL_SURFACE('',#4343,14.);
#3857=CYLINDRICAL_SURFACE('',#4372,4.5);
#3858=CYLINDRICAL_SURFACE('',#4377,4.5);
#3859=CYLINDRICAL_SURFACE('',#4393,3.);
#3860=CYLINDRICAL_SURFACE('',#4400,12.25);
#3861=CYLINDRICAL_SURFACE('',#4412,3.);
#3862=CYLINDRICAL_SURFACE('',#4420,12.25);
#3863=CYLINDRICAL_SURFACE('',#4429,2.8);
#3864=CYLINDRICAL_SURFACE('',#4430,2.8);
#3865=CYLINDRICAL_SURFACE('',#4432,5.25);
#3866=CYLINDRICAL_SURFACE('',#4434,5.25);
#3867=CYLINDRICAL_SURFACE('',#4437,5.25);
#3868=CYLINDRICAL_SURFACE('',#4439,5.25);
#3869=CYLINDRICAL_SURFACE('',#4442,2.1);
#3870=CYLINDRICAL_SURFACE('',#4451,12.3);
#3871=CYLINDRICAL_SURFACE('',#4499,8.7);
#3872=CYLINDRICAL_SURFACE('',#4539,3.5);
#3873=CYLINDRICAL_SURFACE('',#4553,1.954);
#3874=ADVANCED_FACE('',(#424),#3825,.F.);
#3875=ADVANCED_FACE('',(#425),#324,.T.);
#3876=ADVANCED_FACE('',(#426),#3826,.F.);
#3877=ADVANCED_FACE('',(#427),#325,.T.);
#3878=ADVANCED_FACE('',(#428),#3827,.F.);
#3879=ADVANCED_FACE('',(#429),#326,.T.);
#3880=ADVANCED_FACE('',(#430),#3828,.F.);
#3881=ADVANCED_FACE('',(#431),#327,.T.);
#3882=ADVANCED_FACE('',(#432,#296),#328,.T.);
#3883=ADVANCED_FACE('',(#433),#3829,.F.);
#3884=ADVANCED_FACE('',(#434),#329,.T.);
#3885=ADVANCED_FACE('',(#435),#3830,.F.);
#3886=ADVANCED_FACE('',(#436),#330,.T.);
#3887=ADVANCED_FACE('',(#437),#3831,.T.);
#3888=ADVANCED_FACE('',(#438),#331,.T.);
#3889=ADVANCED_FACE('',(#439),#3832,.F.);
#3890=ADVANCED_FACE('',(#440),#332,.T.);
#3891=ADVANCED_FACE('',(#441),#3833,.T.);
#3892=ADVANCED_FACE('',(#442,#297),#333,.F.);
#3893=ADVANCED_FACE('',(#443),#3834,.F.);
#3894=ADVANCED_FACE('',(#444),#3835,.T.);
#3895=ADVANCED_FACE('',(#445),#334,.T.);
#3896=ADVANCED_FACE('',(#446),#3836,.T.);
#3897=ADVANCED_FACE('',(#447),#335,.T.);
#3898=ADVANCED_FACE('',(#448),#3837,.T.);
#3899=ADVANCED_FACE('',(#449),#336,.T.);
#3900=ADVANCED_FACE('',(#450),#3838,.T.);
#3901=ADVANCED_FACE('',(#451),#337,.T.);
#3902=ADVANCED_FACE('',(#452),#3839,.T.);
#3903=ADVANCED_FACE('',(#453),#338,.T.);
#3904=ADVANCED_FACE('',(#454),#3840,.T.);
#3905=ADVANCED_FACE('',(#455),#339,.T.);
#3906=ADVANCED_FACE('',(#456),#3841,.T.);
#3907=ADVANCED_FACE('',(#457),#340,.T.);
#3908=ADVANCED_FACE('',(#458),#3842,.T.);
#3909=ADVANCED_FACE('',(#459),#341,.T.);
#3910=ADVANCED_FACE('',(#460,#298,#299,#300,#301,#302),#342,.T.);
#3911=ADVANCED_FACE('',(#461,#303),#343,.F.);
#3912=ADVANCED_FACE('',(#462),#249,.F.);
#3913=ADVANCED_FACE('',(#463),#197,.T.);
#3914=ADVANCED_FACE('',(#464),#250,.F.);
#3915=ADVANCED_FACE('',(#465),#198,.T.);
#3916=ADVANCED_FACE('',(#466),#199,.F.);
#3917=ADVANCED_FACE('',(#467),#344,.F.);
#3918=ADVANCED_FACE('',(#468),#3843,.T.);
#3919=ADVANCED_FACE('',(#469),#200,.F.);
#3920=ADVANCED_FACE('',(#470,#304),#345,.T.);
#3921=ADVANCED_FACE('',(#471),#346,.F.);
#3922=ADVANCED_FACE('',(#472),#347,.T.);
#3923=ADVANCED_FACE('',(#473),#348,.F.);
#3924=ADVANCED_FACE('',(#474),#3844,.F.);
#3925=ADVANCED_FACE('',(#475),#349,.F.);
#3926=ADVANCED_FACE('',(#476),#350,.T.);
#3927=ADVANCED_FACE('',(#477),#351,.T.);
#3928=ADVANCED_FACE('',(#478),#352,.F.);
#3929=ADVANCED_FACE('',(#479),#3845,.F.);
#3930=ADVANCED_FACE('',(#480),#353,.F.);
#3931=ADVANCED_FACE('',(#481),#354,.T.);
#3932=ADVANCED_FACE('',(#482),#3846,.F.);
#3933=ADVANCED_FACE('',(#483),#355,.T.);
#3934=ADVANCED_FACE('',(#484),#356,.T.);
#3935=ADVANCED_FACE('',(#485),#3847,.F.);
#3936=ADVANCED_FACE('',(#486),#357,.T.);
#3937=ADVANCED_FACE('',(#487),#358,.T.);
#3938=ADVANCED_FACE('',(#488),#3848,.F.);
#3939=ADVANCED_FACE('',(#489),#359,.F.);
#3940=ADVANCED_FACE('',(#490),#360,.F.);
#3941=ADVANCED_FACE('',(#491),#361,.F.);
#3942=ADVANCED_FACE('',(#492),#362,.F.);
#3943=ADVANCED_FACE('',(#493),#3849,.T.);
#3944=ADVANCED_FACE('',(#494),#363,.T.);
#3945=ADVANCED_FACE('',(#495),#3850,.F.);
#3946=ADVANCED_FACE('',(#496),#364,.T.);
#3947=ADVANCED_FACE('',(#497),#3851,.T.);
#3948=ADVANCED_FACE('',(#498),#365,.T.);
#3949=ADVANCED_FACE('',(#499),#3852,.F.);
#3950=ADVANCED_FACE('',(#500),#366,.T.);
#3951=ADVANCED_FACE('',(#501),#3853,.T.);
#3952=ADVANCED_FACE('',(#502),#367,.T.);
#3953=ADVANCED_FACE('',(#503),#368,.T.);
#3954=ADVANCED_FACE('',(#504),#3854,.T.);
#3955=ADVANCED_FACE('',(#505),#369,.T.);
#3956=ADVANCED_FACE('',(#506),#370,.T.);
#3957=ADVANCED_FACE('',(#507),#3855,.T.);
#3958=ADVANCED_FACE('',(#508),#371,.T.);
#3959=ADVANCED_FACE('',(#509),#372,.T.);
#3960=ADVANCED_FACE('',(#510),#3856,.T.);
#3961=ADVANCED_FACE('',(#511),#373,.T.);
#3962=ADVANCED_FACE('',(#512),#374,.T.);
#3963=ADVANCED_FACE('',(#513,#305),#375,.T.);
#3964=ADVANCED_FACE('',(#514,#306),#376,.F.);
#3965=ADVANCED_FACE('',(#515),#201,.T.);
#3966=ADVANCED_FACE('',(#516),#202,.T.);
#3967=ADVANCED_FACE('',(#517),#203,.T.);
#3968=ADVANCED_FACE('',(#518),#204,.T.);
#3969=ADVANCED_FACE('',(#519),#205,.T.);
#3970=ADVANCED_FACE('',(#520),#206,.T.);
#3971=ADVANCED_FACE('',(#521),#207,.T.);
#3972=ADVANCED_FACE('',(#522),#208,.T.);
#3973=ADVANCED_FACE('',(#523),#209,.T.);
#3974=ADVANCED_FACE('',(#524),#210,.T.);
#3975=ADVANCED_FACE('',(#525),#211,.T.);
#3976=ADVANCED_FACE('',(#526),#212,.T.);
#3977=ADVANCED_FACE('',(#527),#213,.T.);
#3978=ADVANCED_FACE('',(#528),#214,.T.);
#3979=ADVANCED_FACE('',(#529),#377,.F.);
#3980=ADVANCED_FACE('',(#530),#378,.F.);
#3981=ADVANCED_FACE('',(#531),#379,.F.);
#3982=ADVANCED_FACE('',(#532),#380,.F.);
#3983=ADVANCED_FACE('',(#533),#381,.F.);
#3984=ADVANCED_FACE('',(#534),#382,.F.);
#3985=ADVANCED_FACE('',(#535,#307),#383,.T.);
#3986=ADVANCED_FACE('',(#536),#3857,.F.);
#3987=ADVANCED_FACE('',(#537,#308),#384,.T.);
#3988=ADVANCED_FACE('',(#538),#3858,.F.);
#3989=ADVANCED_FACE('',(#539,#309),#385,.T.);
#3990=ADVANCED_FACE('',(#540),#215,.T.);
#3991=ADVANCED_FACE('',(#541),#251,.F.);
#3992=ADVANCED_FACE('',(#542),#216,.T.);
#3993=ADVANCED_FACE('',(#543),#217,.F.);
#3994=ADVANCED_FACE('',(#544),#218,.T.);
#3995=ADVANCED_FACE('',(#545),#252,.F.);
#3996=ADVANCED_FACE('',(#546),#219,.T.);
#3997=ADVANCED_FACE('',(#547),#3859,.T.);
#3998=ADVANCED_FACE('',(#548),#220,.T.);
#3999=ADVANCED_FACE('',(#549),#221,.F.);
#4000=ADVANCED_FACE('',(#550),#386,.F.);
#4001=ADVANCED_FACE('',(#551),#387,.T.);
#4002=ADVANCED_FACE('',(#552),#388,.T.);
#4003=ADVANCED_FACE('',(#553),#3860,.T.);
#4004=ADVANCED_FACE('',(#554),#222,.T.);
#4005=ADVANCED_FACE('',(#555),#253,.F.);
#4006=ADVANCED_FACE('',(#556),#223,.F.);
#4007=ADVANCED_FACE('',(#557),#36,.F.);
#4008=ADVANCED_FACE('',(#558),#3861,.T.);
#4009=ADVANCED_FACE('',(#559),#224,.F.);
#4010=ADVANCED_FACE('',(#560),#37,.F.);
#4011=ADVANCED_FACE('',(#561),#254,.F.);
#4012=ADVANCED_FACE('',(#562),#389,.T.);
#4013=ADVANCED_FACE('',(#563),#390,.T.);
#4014=ADVANCED_FACE('',(#564),#391,.T.);
#4015=ADVANCED_FACE('',(#565),#3862,.T.);
#4016=ADVANCED_FACE('',(#566,#310),#392,.F.);
#4017=ADVANCED_FACE('',(#567,#311),#393,.F.);
#4018=ADVANCED_FACE('',(#568),#394,.F.);
#4019=ADVANCED_FACE('',(#569),#3863,.F.);
#4020=ADVANCED_FACE('',(#570),#3864,.F.);
#4021=ADVANCED_FACE('',(#571),#395,.T.);
#4022=ADVANCED_FACE('',(#572),#3865,.T.);
#4023=ADVANCED_FACE('',(#573),#38,.T.);
#4024=ADVANCED_FACE('',(#574),#39,.T.);
#4025=ADVANCED_FACE('',(#575),#3866,.T.);
#4026=ADVANCED_FACE('',(#576),#396,.T.);
#4027=ADVANCED_FACE('',(#577),#3867,.T.);
#4028=ADVANCED_FACE('',(#578),#40,.T.);
#4029=ADVANCED_FACE('',(#579),#41,.T.);
#4030=ADVANCED_FACE('',(#580),#3868,.T.);
#4031=ADVANCED_FACE('',(#581,#312,#313,#314),#397,.T.);
#4032=ADVANCED_FACE('',(#582),#3869,.F.);
#4033=ADVANCED_FACE('',(#583,#315),#398,.F.);
#4034=ADVANCED_FACE('',(#584),#255,.T.);
#4035=ADVANCED_FACE('',(#585,#316,#317),#3870,.T.);
#4036=ADVANCED_FACE('',(#586,#318),#399,.F.);
#4037=ADVANCED_FACE('',(#587),#256,.T.);
#4038=ADVANCED_FACE('',(#588),#225,.F.);
#4039=ADVANCED_FACE('',(#589),#226,.F.);
#4040=ADVANCED_FACE('',(#590),#257,.T.);
#4041=ADVANCED_FACE('',(#591),#400,.F.);
#4042=ADVANCED_FACE('',(#592),#227,.T.);
#4043=ADVANCED_FACE('',(#593),#258,.T.);
#4044=ADVANCED_FACE('',(#594),#228,.F.);
#4045=ADVANCED_FACE('',(#595),#229,.F.);
#4046=ADVANCED_FACE('',(#596),#259,.T.);
#4047=ADVANCED_FACE('',(#597),#401,.F.);
#4048=ADVANCED_FACE('',(#598),#230,.T.);
#4049=ADVANCED_FACE('',(#599),#260,.T.);
#4050=ADVANCED_FACE('',(#600),#231,.F.);
#4051=ADVANCED_FACE('',(#601),#232,.F.);
#4052=ADVANCED_FACE('',(#602),#261,.T.);
#4053=ADVANCED_FACE('',(#603),#402,.F.);
#4054=ADVANCED_FACE('',(#604),#233,.T.);
#4055=ADVANCED_FACE('',(#605),#262,.T.);
#4056=ADVANCED_FACE('',(#606),#234,.F.);
#4057=ADVANCED_FACE('',(#607),#263,.T.);
#4058=ADVANCED_FACE('',(#608),#235,.F.);
#4059=ADVANCED_FACE('',(#609),#403,.T.);
#4060=ADVANCED_FACE('',(#610),#236,.T.);
#4061=ADVANCED_FACE('',(#611),#264,.T.);
#4062=ADVANCED_FACE('',(#612,#319),#404,.T.);
#4063=ADVANCED_FACE('',(#613),#265,.T.);
#4064=ADVANCED_FACE('',(#614,#320,#321),#3871,.F.);
#4065=ADVANCED_FACE('',(#615),#237,.F.);
#4066=ADVANCED_FACE('',(#616),#266,.T.);
#4067=ADVANCED_FACE('',(#617),#238,.F.);
#4068=ADVANCED_FACE('',(#618),#267,.T.);
#4069=ADVANCED_FACE('',(#619),#239,.F.);
#4070=ADVANCED_FACE('',(#620),#240,.F.);
#4071=ADVANCED_FACE('',(#621),#268,.T.);
#4072=ADVANCED_FACE('',(#622),#269,.T.);
#4073=ADVANCED_FACE('',(#623),#241,.F.);
#4074=ADVANCED_FACE('',(#624),#270,.T.);
#4075=ADVANCED_FACE('',(#625),#271,.T.);
#4076=ADVANCED_FACE('',(#626),#242,.F.);
#4077=ADVANCED_FACE('',(#627),#272,.T.);
#4078=ADVANCED_FACE('',(#628),#243,.F.);
#4079=ADVANCED_FACE('',(#629),#273,.T.);
#4080=ADVANCED_FACE('',(#630),#244,.F.);
#4081=ADVANCED_FACE('',(#631),#274,.T.);
#4082=ADVANCED_FACE('',(#632),#405,.F.);
#4083=ADVANCED_FACE('',(#633),#406,.T.);
#4084=ADVANCED_FACE('',(#634),#407,.T.);
#4085=ADVANCED_FACE('',(#635),#245,.T.);
#4086=ADVANCED_FACE('',(#636),#246,.T.);
#4087=ADVANCED_FACE('',(#637),#247,.T.);
#4088=ADVANCED_FACE('',(#638),#248,.T.);
#4089=ADVANCED_FACE('',(#639),#408,.T.);
#4090=ADVANCED_FACE('',(#640),#31,.T.);
#4091=ADVANCED_FACE('',(#641),#275,.T.);
#4092=ADVANCED_FACE('',(#642,#322),#409,.T.);
#4093=ADVANCED_FACE('',(#643),#3872,.T.);
#4094=ADVANCED_FACE('',(#644),#410,.F.);
#4095=ADVANCED_FACE('',(#645),#411,.F.);
#4096=ADVANCED_FACE('',(#646),#412,.F.);
#4097=ADVANCED_FACE('',(#647),#413,.F.);
#4098=ADVANCED_FACE('',(#648),#414,.F.);
#4099=ADVANCED_FACE('',(#649),#415,.F.);
#4100=ADVANCED_FACE('',(#650),#416,.F.);
#4101=ADVANCED_FACE('',(#651),#417,.F.);
#4102=ADVANCED_FACE('',(#652),#418,.F.);
#4103=ADVANCED_FACE('',(#653),#419,.F.);
#4104=ADVANCED_FACE('',(#654),#420,.F.);
#4105=ADVANCED_FACE('',(#655),#421,.F.);
#4106=ADVANCED_FACE('',(#656),#3873,.T.);
#4107=ADVANCED_FACE('',(#657),#422,.T.);
#4108=ADVANCED_FACE('',(#658,#323),#423,.T.);
#4109=CLOSED_SHELL('',(#3874,#3875,#3876,#3877,#3878,#3879,#3880,#3881,
#3882,#3883,#3884,#3885,#3886,#3887,#3888,#3889,#3890,#3891,#3892,#3893,
#3894,#3895,#3896,#3897,#3898,#3899,#3900,#3901,#3902,#3903,#3904,#3905,
#3906,#3907,#3908,#3909,#3910,#3911));
#4110=CLOSED_SHELL('',(#3912,#3913,#3914,#3915,#3916,#3917,#3918,#3919,
#3920,#3921,#3922,#3923,#3924,#3925,#3926,#3927,#3928,#3929,#3930,#3931,
#3932,#3933,#3934,#3935,#3936,#3937,#3938,#3939,#3940,#3941,#3942,#3943,
#3944,#3945,#3946,#3947,#3948,#3949,#3950,#3951,#3952,#3953,#3954,#3955,
#3956,#3957,#3958,#3959,#3960,#3961,#3962,#3963,#3964));
#4111=CLOSED_SHELL('',(#3965,#3966,#3967,#3968,#3969,#3970,#3971,#3972,
#3973,#3974,#3975,#3976,#3977,#3978,#3979,#3980,#3981,#3982,#3983,#3984,
#3985,#3986,#3987,#3988,#3989,#3990,#3991,#3992,#3993,#3994,#3995,#3996,
#3997,#3998,#3999,#4000,#4001,#4002,#4003,#4004,#4005,#4006,#4007,#4008,
#4009,#4010,#4011,#4012,#4013,#4014,#4015,#4016,#4017,#4018,#4019,#4020,
#4021,#4022,#4023,#4024,#4025,#4026,#4027,#4028,#4029,#4030,#4031,#4032,
#4033));
#4112=CLOSED_SHELL('',(#4034,#4035,#4036,#4037,#4038,#4039,#4040,#4041,
#4042,#4043,#4044,#4045,#4046,#4047,#4048,#4049,#4050,#4051,#4052,#4053,
#4054,#4055,#4056,#4057,#4058,#4059,#4060,#4061,#4062,#4063,#4064,#4065,
#4066,#4067,#4068,#4069,#4070,#4071,#4072,#4073,#4074,#4075,#4076,#4077,
#4078,#4079,#4080,#4081,#4082,#4083,#4084,#4085,#4086,#4087,#4088,#4089));
#4113=CLOSED_SHELL('',(#4090,#4091,#4092,#4093,#4094,#4095,#4096,#4097,
#4098,#4099,#4100,#4101,#4102,#4103,#4104,#4105,#4106,#4107,#4108));
#4114=DERIVED_UNIT_ELEMENT(#4124,1.);
#4115=DERIVED_UNIT_ELEMENT(#13387,-3.);
#4116=DERIVED_UNIT_ELEMENT(#4124,1.);
#4117=DERIVED_UNIT_ELEMENT(#13387,-3.);
#4118=DERIVED_UNIT_ELEMENT(#4124,1.);
#4119=DERIVED_UNIT_ELEMENT(#13387,-3.);
#4120=DERIVED_UNIT_ELEMENT(#4124,1.);
#4121=DERIVED_UNIT_ELEMENT(#13387,-3.);
#4122=DERIVED_UNIT_ELEMENT(#4124,1.);
#4123=DERIVED_UNIT_ELEMENT(#13387,-3.);
#4124=(
MASS_UNIT()
NAMED_UNIT(*)
SI_UNIT(.KILO.,.GRAM.)
);
#4125=DERIVED_UNIT((#4114,#4115));
#4126=DERIVED_UNIT((#4116,#4117));
#4127=DERIVED_UNIT((#4118,#4119));
#4128=DERIVED_UNIT((#4120,#4121));
#4129=DERIVED_UNIT((#4122,#4123));
#4130=MEASURE_REPRESENTATION_ITEM('density measure',
POSITIVE_RATIO_MEASURE(7850.),#4125);
#4131=MEASURE_REPRESENTATION_ITEM('density measure',
POSITIVE_RATIO_MEASURE(7850.),#4126);
#4132=MEASURE_REPRESENTATION_ITEM('density measure',
POSITIVE_RATIO_MEASURE(7850.),#4127);
#4133=MEASURE_REPRESENTATION_ITEM('density measure',
POSITIVE_RATIO_MEASURE(7850.),#4128);
#4134=MEASURE_REPRESENTATION_ITEM('density measure',
POSITIVE_RATIO_MEASURE(7750.),#4129);
#4135=PROPERTY_DEFINITION_REPRESENTATION(#4160,#4145);
#4136=PROPERTY_DEFINITION_REPRESENTATION(#4161,#4146);
#4137=PROPERTY_DEFINITION_REPRESENTATION(#4162,#4147);
#4138=PROPERTY_DEFINITION_REPRESENTATION(#4163,#4148);
#4139=PROPERTY_DEFINITION_REPRESENTATION(#4164,#4149);
#4140=PROPERTY_DEFINITION_REPRESENTATION(#4165,#4150);
#4141=PROPERTY_DEFINITION_REPRESENTATION(#4166,#4151);
#4142=PROPERTY_DEFINITION_REPRESENTATION(#4167,#4152);
#4143=PROPERTY_DEFINITION_REPRESENTATION(#4168,#4153);
#4144=PROPERTY_DEFINITION_REPRESENTATION(#4169,#4154);
#4145=REPRESENTATION('material name',(#4155),#13380);
#4146=REPRESENTATION('density',(#4130),#13380);
#4147=REPRESENTATION('material name',(#4156),#13381);
#4148=REPRESENTATION('density',(#4131),#13381);
#4149=REPRESENTATION('material name',(#4157),#13382);
#4150=REPRESENTATION('density',(#4132),#13382);
#4151=REPRESENTATION('material name',(#4158),#13383);
#4152=REPRESENTATION('density',(#4133),#13383);
#4153=REPRESENTATION('material name',(#4159),#13384);
#4154=REPRESENTATION('density',(#4134),#13384);
#4155=DESCRIPTIVE_REPRESENTATION_ITEM('Steel','Steel');
#4156=DESCRIPTIVE_REPRESENTATION_ITEM('Steel','Steel');
#4157=DESCRIPTIVE_REPRESENTATION_ITEM('Steel','Steel');
#4158=DESCRIPTIVE_REPRESENTATION_ITEM('Steel','Steel');
#4159=DESCRIPTIVE_REPRESENTATION_ITEM('Steel Grade 2, Plain',
'Steel Grade 2, Plain');
#4160=PROPERTY_DEFINITION('material property','material name',#13415);
#4161=PROPERTY_DEFINITION('material property','density of part',#13415);
#4162=PROPERTY_DEFINITION('material property','material name',#13416);
#4163=PROPERTY_DEFINITION('material property','density of part',#13416);
#4164=PROPERTY_DEFINITION('material property','material name',#13417);
#4165=PROPERTY_DEFINITION('material property','density of part',#13417);
#4166=PROPERTY_DEFINITION('material property','material name',#13418);
#4167=PROPERTY_DEFINITION('material property','density of part',#13418);
#4168=PROPERTY_DEFINITION('material property','material name',#13419);
#4169=PROPERTY_DEFINITION('material property','density of part',#13419);
#4170=AXIS2_PLACEMENT_3D('',#5590,#4562,#4563);
#4171=AXIS2_PLACEMENT_3D('',#5591,#4564,#4565);
#4172=AXIS2_PLACEMENT_3D('',#5592,#4566,#4567);
#4173=AXIS2_PLACEMENT_3D('',#5594,#4568,#4569);
#4174=AXIS2_PLACEMENT_3D('',#5597,#4571,#4572);
#4175=AXIS2_PLACEMENT_3D('',#5598,#4573,#4574);
#4176=AXIS2_PLACEMENT_3D('',#5599,#4575,#4576);
#4177=AXIS2_PLACEMENT_3D('',#5601,#4577,#4578);
#4178=AXIS2_PLACEMENT_3D('',#5604,#4580,#4581);
#4179=AXIS2_PLACEMENT_3D('',#5605,#4582,#4583);
#4180=AXIS2_PLACEMENT_3D('',#5606,#4584,#4585);
#4181=AXIS2_PLACEMENT_3D('',#5608,#4586,#4587);
#4182=AXIS2_PLACEMENT_3D('',#5611,#4589,#4590);
#4183=AXIS2_PLACEMENT_3D('',#5612,#4591,#4592);
#4184=AXIS2_PLACEMENT_3D('',#5613,#4593,#4594);
#4185=AXIS2_PLACEMENT_3D('',#5615,#4595,#4596);
#4186=AXIS2_PLACEMENT_3D('',#5618,#4598,#4599);
#4187=AXIS2_PLACEMENT_3D('',#5619,#4600,#4601);
#4188=AXIS2_PLACEMENT_3D('',#5620,#4602,#4603);
#4189=AXIS2_PLACEMENT_3D('',#5622,#4604,#4605);
#4190=AXIS2_PLACEMENT_3D('',#5624,#4606,#4607);
#4191=AXIS2_PLACEMENT_3D('',#5625,#4608,#4609);
#4192=AXIS2_PLACEMENT_3D('',#5627,#4610,#4611);
#4193=AXIS2_PLACEMENT_3D('',#5629,#4613,#4614);
#4194=AXIS2_PLACEMENT_3D('',#5638,#4619,#4620);
#4195=AXIS2_PLACEMENT_3D('',#5640,#4621,#4622);
#4196=AXIS2_PLACEMENT_3D('',#5642,#4623,#4624);
#4197=AXIS2_PLACEMENT_3D('',#5644,#4626,#4627);
#4198=AXIS2_PLACEMENT_3D('',#5650,#4631,#4632);
#4199=AXIS2_PLACEMENT_3D('',#5652,#4633,#4634);
#4200=AXIS2_PLACEMENT_3D('',#5654,#4635,#4636);
#4201=AXIS2_PLACEMENT_3D('',#5656,#4638,#4639);
#4202=AXIS2_PLACEMENT_3D('',#5662,#4643,#4644);
#4203=AXIS2_PLACEMENT_3D('',#5664,#4645,#4646);
#4204=AXIS2_PLACEMENT_3D('',#5666,#4647,#4648);
#4205=AXIS2_PLACEMENT_3D('',#5668,#4650,#4651);
#4206=AXIS2_PLACEMENT_3D('',#5674,#4655,#4656);
#4207=AXIS2_PLACEMENT_3D('',#5675,#4657,#4658);
#4208=AXIS2_PLACEMENT_3D('',#5676,#4659,#4660);
#4209=AXIS2_PLACEMENT_3D('',#5677,#4661,#4662);
#4210=AXIS2_PLACEMENT_3D('',#5678,#4663,#4664);
#4211=AXIS2_PLACEMENT_3D('',#5680,#4665,#4666);
#4212=AXIS2_PLACEMENT_3D('',#5682,#4668,#4669);
#4213=AXIS2_PLACEMENT_3D('',#5685,#4670,#4671);
#4214=AXIS2_PLACEMENT_3D('',#5689,#4673,#4674);
#4215=AXIS2_PLACEMENT_3D('',#5691,#4676,#4677);
#4216=AXIS2_PLACEMENT_3D('',#5697,#4681,#4682);
#4217=AXIS2_PLACEMENT_3D('',#5699,#4683,#4684);
#4218=AXIS2_PLACEMENT_3D('',#5701,#4685,#4686);
#4219=AXIS2_PLACEMENT_3D('',#5703,#4688,#4689);
#4220=AXIS2_PLACEMENT_3D('',#5709,#4693,#4694);
#4221=AXIS2_PLACEMENT_3D('',#5711,#4695,#4696);
#4222=AXIS2_PLACEMENT_3D('',#5713,#4697,#4698);
#4223=AXIS2_PLACEMENT_3D('',#5715,#4700,#4701);
#4224=AXIS2_PLACEMENT_3D('',#5721,#4705,#4706);
#4225=AXIS2_PLACEMENT_3D('',#5723,#4707,#4708);
#4226=AXIS2_PLACEMENT_3D('',#5725,#4709,#4710);
#4227=AXIS2_PLACEMENT_3D('',#5727,#4712,#4713);
#4228=AXIS2_PLACEMENT_3D('',#5733,#4717,#4718);
#4229=AXIS2_PLACEMENT_3D('',#5735,#4719,#4720);
#4230=AXIS2_PLACEMENT_3D('',#5737,#4721,#4722);
#4231=AXIS2_PLACEMENT_3D('',#5739,#4724,#4725);
#4232=AXIS2_PLACEMENT_3D('',#5745,#4729,#4730);
#4233=AXIS2_PLACEMENT_3D('',#5747,#4731,#4732);
#4234=AXIS2_PLACEMENT_3D('',#5749,#4733,#4734);
#4235=AXIS2_PLACEMENT_3D('',#5751,#4736,#4737);
#4236=AXIS2_PLACEMENT_3D('',#5757,#4741,#4742);
#4237=AXIS2_PLACEMENT_3D('',#5759,#4743,#4744);
#4238=AXIS2_PLACEMENT_3D('',#5761,#4745,#4746);
#4239=AXIS2_PLACEMENT_3D('',#5763,#4748,#4749);
#4240=AXIS2_PLACEMENT_3D('',#5769,#4753,#4754);
#4241=AXIS2_PLACEMENT_3D('',#5771,#4755,#4756);
#4242=AXIS2_PLACEMENT_3D('',#5773,#4757,#4758);
#4243=AXIS2_PLACEMENT_3D('',#5775,#4760,#4761);
#4244=AXIS2_PLACEMENT_3D('',#5778,#4764,#4765);
#4245=AXIS2_PLACEMENT_3D('',#5779,#4766,#4767);
#4246=AXIS2_PLACEMENT_3D('',#5780,#4768,#4769);
#4247=AXIS2_PLACEMENT_3D('',#5781,#4770,#4771);
#4248=AXIS2_PLACEMENT_3D('',#5784,#4772,#4773);
#4249=AXIS2_PLACEMENT_3D('',#5786,#4774,#4775);
#4250=AXIS2_PLACEMENT_3D('',#5788,#4776,#4777);
#4251=AXIS2_PLACEMENT_3D('',#5789,#4778,#4779);
#4252=AXIS2_PLACEMENT_3D('',#5834,#4780,#4781);
#4253=AXIS2_PLACEMENT_3D('',#5849,#4782,#4783);
#4254=AXIS2_PLACEMENT_3D('',#5851,#4784,#4785);
#4255=AXIS2_PLACEMENT_3D('',#5853,#4786,#4787);
#4256=AXIS2_PLACEMENT_3D('',#5854,#4788,#4789);
#4257=AXIS2_PLACEMENT_3D('',#6072,#4790,#4791);
#4258=AXIS2_PLACEMENT_3D('',#6124,#4792,#4793);
#4259=AXIS2_PLACEMENT_3D('',#6125,#4794,#4795);
#4260=AXIS2_PLACEMENT_3D('',#6129,#4797,#4798);
#4261=AXIS2_PLACEMENT_3D('',#6133,#4800,#4801);
#4262=AXIS2_PLACEMENT_3D('',#6137,#4803,#4804);
#4263=AXIS2_PLACEMENT_3D('',#6141,#4806,#4807);
#4264=AXIS2_PLACEMENT_3D('',#6145,#4809,#4810);
#4265=AXIS2_PLACEMENT_3D('',#6149,#4812,#4813);
#4266=AXIS2_PLACEMENT_3D('',#6153,#4815,#4816);
#4267=AXIS2_PLACEMENT_3D('',#6157,#4818,#4819);
#4268=AXIS2_PLACEMENT_3D('',#6160,#4821,#4822);
#4269=AXIS2_PLACEMENT_3D('',#6307,#4823,#4824);
#4270=AXIS2_PLACEMENT_3D('',#6337,#4825,#4826);
#4271=AXIS2_PLACEMENT_3D('',#6342,#4828,#4829);
#4272=AXIS2_PLACEMENT_3D('',#6346,#4831,#4832);
#4273=AXIS2_PLACEMENT_3D('',#6350,#4834,#4835);
#4274=AXIS2_PLACEMENT_3D('',#6354,#4837,#4838);
#4275=AXIS2_PLACEMENT_3D('',#6358,#4840,#4841);
#4276=AXIS2_PLACEMENT_3D('',#6362,#4843,#4844);
#4277=AXIS2_PLACEMENT_3D('',#6366,#4846,#4847);
#4278=AXIS2_PLACEMENT_3D('',#6369,#4849,#4850);
#4279=AXIS2_PLACEMENT_3D('',#6370,#4851,#4852);
#4280=AXIS2_PLACEMENT_3D('',#6371,#4853,#4854);
#4281=AXIS2_PLACEMENT_3D('',#6374,#4855,#4856);
#4282=AXIS2_PLACEMENT_3D('',#6378,#4858,#4859);
#4283=AXIS2_PLACEMENT_3D('',#6380,#4861,#4862);
#4284=AXIS2_PLACEMENT_3D('',#6386,#4866,#4867);
#4285=AXIS2_PLACEMENT_3D('',#6389,#4869,#4870);
#4286=AXIS2_PLACEMENT_3D('',#6390,#4871,#4872);
#4287=AXIS2_PLACEMENT_3D('',#6394,#4875,#4876);
#4288=AXIS2_PLACEMENT_3D('',#6395,#4877,#4878);
#4289=AXIS2_PLACEMENT_3D('',#6396,#4879,#4880);
#4290=AXIS2_PLACEMENT_3D('',#6399,#4881,#4882);
#4291=AXIS2_PLACEMENT_3D('',#6403,#4884,#4885);
#4292=AXIS2_PLACEMENT_3D('',#6406,#4887,#4888);
#4293=AXIS2_PLACEMENT_3D('',#6407,#4889,#4890);
#4294=AXIS2_PLACEMENT_3D('',#6413,#4894,#4895);
#4295=AXIS2_PLACEMENT_3D('',#6416,#4897,#4898);
#4296=AXIS2_PLACEMENT_3D('',#6417,#4899,#4900);
#4297=AXIS2_PLACEMENT_3D('',#6421,#4903,#4904);
#4298=AXIS2_PLACEMENT_3D('',#6422,#4905,#4906);
#4299=AXIS2_PLACEMENT_3D('',#6423,#4907,#4908);
#4300=AXIS2_PLACEMENT_3D('',#6429,#4913,#4914);
#4301=AXIS2_PLACEMENT_3D('',#6431,#4916,#4917);
#4302=AXIS2_PLACEMENT_3D('',#6433,#4919,#4920);
#4303=AXIS2_PLACEMENT_3D('',#6435,#4922,#4923);
#4304=AXIS2_PLACEMENT_3D('',#6436,#4924,#4925);
#4305=AXIS2_PLACEMENT_3D('',#6438,#4927,#4928);
#4306=AXIS2_PLACEMENT_3D('',#6440,#4930,#4931);
#4307=AXIS2_PLACEMENT_3D('',#6441,#4932,#4933);
#4308=AXIS2_PLACEMENT_3D('',#6445,#4935,#4936);
#4309=AXIS2_PLACEMENT_3D('',#6447,#4938,#4939);
#4310=AXIS2_PLACEMENT_3D('',#6451,#4941,#4942);
#4311=AXIS2_PLACEMENT_3D('',#6453,#4944,#4945);
#4312=AXIS2_PLACEMENT_3D('',#6458,#4948,#4949);
#4313=AXIS2_PLACEMENT_3D('',#6459,#4950,#4951);
#4314=AXIS2_PLACEMENT_3D('',#6463,#4953,#4954);
#4315=AXIS2_PLACEMENT_3D('',#6465,#4956,#4957);
#4316=AXIS2_PLACEMENT_3D('',#6468,#4958,#4959);
#4317=AXIS2_PLACEMENT_3D('',#6472,#4961,#4962);
#4318=AXIS2_PLACEMENT_3D('',#6474,#4964,#4965);
#4319=AXIS2_PLACEMENT_3D('',#6480,#4969,#4970);
#4320=AXIS2_PLACEMENT_3D('',#6482,#4971,#4972);
#4321=AXIS2_PLACEMENT_3D('',#6484,#4973,#4974);
#4322=AXIS2_PLACEMENT_3D('',#6486,#4976,#4977);
#4323=AXIS2_PLACEMENT_3D('',#6492,#4981,#4982);
#4324=AXIS2_PLACEMENT_3D('',#6494,#4983,#4984);
#4325=AXIS2_PLACEMENT_3D('',#6496,#4985,#4986);
#4326=AXIS2_PLACEMENT_3D('',#6498,#4988,#4989);
#4327=AXIS2_PLACEMENT_3D('',#6504,#4993,#4994);
#4328=AXIS2_PLACEMENT_3D('',#6506,#4995,#4996);
#4329=AXIS2_PLACEMENT_3D('',#6508,#4997,#4998);
#4330=AXIS2_PLACEMENT_3D('',#6510,#5000,#5001);
#4331=AXIS2_PLACEMENT_3D('',#6513,#5004,#5005);
#4332=AXIS2_PLACEMENT_3D('',#6516,#5006,#5007);
#4333=AXIS2_PLACEMENT_3D('',#6519,#5010,#5011);
#4334=AXIS2_PLACEMENT_3D('',#6521,#5013,#5014);
#4335=AXIS2_PLACEMENT_3D('',#6525,#5017,#5018);
#4336=AXIS2_PLACEMENT_3D('',#6527,#5019,#5020);
#4337=AXIS2_PLACEMENT_3D('',#6529,#5022,#5023);
#4338=AXIS2_PLACEMENT_3D('',#6531,#5025,#5026);
#4339=AXIS2_PLACEMENT_3D('',#6535,#5029,#5030);
#4340=AXIS2_PLACEMENT_3D('',#6537,#5031,#5032);
#4341=AXIS2_PLACEMENT_3D('',#6539,#5034,#5035);
#4342=AXIS2_PLACEMENT_3D('',#6541,#5037,#5038);
#4343=AXIS2_PLACEMENT_3D('',#6545,#5041,#5042);
#4344=AXIS2_PLACEMENT_3D('',#6547,#5043,#5044);
#4345=AXIS2_PLACEMENT_3D('',#6549,#5046,#5047);
#4346=AXIS2_PLACEMENT_3D('',#6551,#5049,#5050);
#4347=AXIS2_PLACEMENT_3D('',#6553,#5052,#5053);
#4348=AXIS2_PLACEMENT_3D('',#6554,#5054,#5055);
#4349=AXIS2_PLACEMENT_3D('',#6555,#5056,#5057);
#4350=AXIS2_PLACEMENT_3D('',#6816,#5058,#5059);
#4351=AXIS2_PLACEMENT_3D('',#6969,#5060,#5061);
#4352=AXIS2_PLACEMENT_3D('',#7259,#5062,#5063);
#4353=AXIS2_PLACEMENT_3D('',#7352,#5064,#5065);
#4354=AXIS2_PLACEMENT_3D('',#7681,#5066,#5067);
#4355=AXIS2_PLACEMENT_3D('',#7774,#5068,#5069);
#4356=AXIS2_PLACEMENT_3D('',#8106,#5070,#5071);
#4357=AXIS2_PLACEMENT_3D('',#8444,#5072,#5073);
#4358=AXIS2_PLACEMENT_3D('',#8587,#5074,#5075);
#4359=AXIS2_PLACEMENT_3D('',#8958,#5076,#5077);
#4360=AXIS2_PLACEMENT_3D('',#9101,#5078,#5079);
#4361=AXIS2_PLACEMENT_3D('',#9379,#5080,#5081);
#4362=AXIS2_PLACEMENT_3D('',#9522,#5082,#5083);
#4363=AXIS2_PLACEMENT_3D('',#9800,#5084,#5085);
#4364=AXIS2_PLACEMENT_3D('',#9801,#5086,#5087);
#4365=AXIS2_PLACEMENT_3D('',#9810,#5092,#5093);
#4366=AXIS2_PLACEMENT_3D('',#9816,#5097,#5098);
#4367=AXIS2_PLACEMENT_3D('',#9822,#5102,#5103);
#4368=AXIS2_PLACEMENT_3D('',#9828,#5107,#5108);
#4369=AXIS2_PLACEMENT_3D('',#9834,#5112,#5113);
#4370=AXIS2_PLACEMENT_3D('',#9837,#5116,#5117);
#4371=AXIS2_PLACEMENT_3D('',#9839,#5118,#5119);
#4372=AXIS2_PLACEMENT_3D('',#9840,#5120,#5121);
#4373=AXIS2_PLACEMENT_3D('',#9842,#5122,#5123);
#4374=AXIS2_PLACEMENT_3D('',#9845,#5125,#5126);
#4375=AXIS2_PLACEMENT_3D('',#9846,#5127,#5128);
#4376=AXIS2_PLACEMENT_3D('',#9848,#5129,#5130);
#4377=AXIS2_PLACEMENT_3D('',#9849,#5131,#5132);
#4378=AXIS2_PLACEMENT_3D('',#9851,#5133,#5134);
#4379=AXIS2_PLACEMENT_3D('',#9854,#5136,#5137);
#4380=AXIS2_PLACEMENT_3D('',#9855,#5138,#5139);
#4381=AXIS2_PLACEMENT_3D('',#9857,#5140,#5141);
#4382=AXIS2_PLACEMENT_3D('',#9892,#5142,#5143);
#4383=AXIS2_PLACEMENT_3D('',#9910,#5144,#5145);
#4384=AXIS2_PLACEMENT_3D('',#9912,#5146,#5147);
#4385=AXIS2_PLACEMENT_3D('',#9914,#5148,#5149);
#4386=AXIS2_PLACEMENT_3D('',#9915,#5150,#5151);
#4387=AXIS2_PLACEMENT_3D('',#10049,#5152,#5153);
#4388=AXIS2_PLACEMENT_3D('',#10100,#5154,#5155);
#4389=AXIS2_PLACEMENT_3D('',#10122,#5156,#5157);
#4390=AXIS2_PLACEMENT_3D('',#10124,#5158,#5159);
#4391=AXIS2_PLACEMENT_3D('',#10126,#5160,#5161);
#4392=AXIS2_PLACEMENT_3D('',#10127,#5162,#5163);
#4393=AXIS2_PLACEMENT_3D('',#10213,#5164,#5165);
#4394=AXIS2_PLACEMENT_3D('',#10217,#5167,#5168);
#4395=AXIS2_PLACEMENT_3D('',#10442,#5170,#5171);
#4396=AXIS2_PLACEMENT_3D('',#10443,#5172,#5173);
#4397=AXIS2_PLACEMENT_3D('',#10453,#5174,#5175);
#4398=AXIS2_PLACEMENT_3D('',#10454,#5176,#5177);
#4399=AXIS2_PLACEMENT_3D('',#10470,#5181,#5182);
#4400=AXIS2_PLACEMENT_3D('',#10483,#5185,#5186);
#4401=AXIS2_PLACEMENT_3D('',#10484,#5187,#5188);
#4402=AXIS2_PLACEMENT_3D('',#10486,#5189,#5190);
#4403=AXIS2_PLACEMENT_3D('',#10489,#5192,#5193);
#4404=AXIS2_PLACEMENT_3D('',#10626,#5194,#5195);
#4405=AXIS2_PLACEMENT_3D('',#10670,#5196,#5197);
#4406=AXIS2_PLACEMENT_3D('',#10671,#5198,#5199);
#4407=AXIS2_PLACEMENT_3D('',#10673,#5200,#5201);
#4408=AXIS2_PLACEMENT_3D('',#10746,#5202,#5203);
#4409=AXIS2_PLACEMENT_3D('',#10766,#5204,#5205);
#4410=AXIS2_PLACEMENT_3D('',#10767,#5206,#5207);
#4411=AXIS2_PLACEMENT_3D('',#10768,#5208,#5209);
#4412=AXIS2_PLACEMENT_3D('',#10769,#5210,#5211);
#4413=AXIS2_PLACEMENT_3D('',#10821,#5214,#5215);
#4414=AXIS2_PLACEMENT_3D('',#10831,#5216,#5217);
#4415=AXIS2_PLACEMENT_3D('',#10832,#5218,#5219);
#4416=AXIS2_PLACEMENT_3D('',#10833,#5220,#5221);
#4417=AXIS2_PLACEMENT_3D('',#10834,#5222,#5223);
#4418=AXIS2_PLACEMENT_3D('',#10838,#5226,#5227);
#4419=AXIS2_PLACEMENT_3D('',#10842,#5230,#5231);
#4420=AXIS2_PLACEMENT_3D('',#10846,#5234,#5235);
#4421=AXIS2_PLACEMENT_3D('',#10847,#5236,#5237);
#4422=AXIS2_PLACEMENT_3D('',#10848,#5238,#5239);
#4423=AXIS2_PLACEMENT_3D('',#10849,#5240,#5241);
#4424=AXIS2_PLACEMENT_3D('',#10851,#5242,#5243);
#4425=AXIS2_PLACEMENT_3D('',#10852,#5244,#5245);
#4426=AXIS2_PLACEMENT_3D('',#10853,#5246,#5247);
#4427=AXIS2_PLACEMENT_3D('',#10855,#5248,#5249);
#4428=AXIS2_PLACEMENT_3D('',#10856,#5250,#5251);
#4429=AXIS2_PLACEMENT_3D('',#10857,#5252,#5253);
#4430=AXIS2_PLACEMENT_3D('',#10859,#5255,#5256);
#4431=AXIS2_PLACEMENT_3D('',#10861,#5258,#5259);
#4432=AXIS2_PLACEMENT_3D('',#10867,#5263,#5264);
#4433=AXIS2_PLACEMENT_3D('',#10869,#5265,#5266);
#4434=AXIS2_PLACEMENT_3D('',#10935,#5270,#5271);
#4435=AXIS2_PLACEMENT_3D('',#10937,#5272,#5273);
#4436=AXIS2_PLACEMENT_3D('',#10939,#5275,#5276);
#4437=AXIS2_PLACEMENT_3D('',#10943,#5279,#5280);
#4438=AXIS2_PLACEMENT_3D('',#10945,#5281,#5282);
#4439=AXIS2_PLACEMENT_3D('',#11011,#5286,#5287);
#4440=AXIS2_PLACEMENT_3D('',#11012,#5288,#5289);
#4441=AXIS2_PLACEMENT_3D('',#11013,#5290,#5291);
#4442=AXIS2_PLACEMENT_3D('',#11014,#5292,#5293);
#4443=AXIS2_PLACEMENT_3D('',#11017,#5295,#5296);
#4444=AXIS2_PLACEMENT_3D('',#11018,#5297,#5298);
#4445=AXIS2_PLACEMENT_3D('',#11019,#5299,#5300);
#4446=AXIS2_PLACEMENT_3D('',#11020,#5301,#5302);
#4447=AXIS2_PLACEMENT_3D('',#11023,#5303,#5304);
#4448=AXIS2_PLACEMENT_3D('',#11024,#5305,#5306);
#4449=AXIS2_PLACEMENT_3D('',#11026,#5307,#5308);
#4450=AXIS2_PLACEMENT_3D('',#11027,#5309,#5310);
#4451=AXIS2_PLACEMENT_3D('',#11028,#5311,#5312);
#4452=AXIS2_PLACEMENT_3D('',#11031,#5313,#5314);
#4453=AXIS2_PLACEMENT_3D('',#11035,#5316,#5317);
#4454=AXIS2_PLACEMENT_3D('',#11049,#5319,#5320);
#4455=AXIS2_PLACEMENT_3D('',#11059,#5321,#5322);
#4456=AXIS2_PLACEMENT_3D('',#11062,#5324,#5325);
#4457=AXIS2_PLACEMENT_3D('',#11079,#5326,#5327);
#4458=AXIS2_PLACEMENT_3D('',#11088,#5328,#5329);
#4459=AXIS2_PLACEMENT_3D('',#11089,#5330,#5331);
#4460=AXIS2_PLACEMENT_3D('',#11092,#5332,#5333);
#4461=AXIS2_PLACEMENT_3D('',#11102,#5334,#5335);
#4462=AXIS2_PLACEMENT_3D('',#11112,#5336,#5337);
#4463=AXIS2_PLACEMENT_3D('',#11122,#5338,#5339);
#4464=AXIS2_PLACEMENT_3D('',#11130,#5340,#5341);
#4465=AXIS2_PLACEMENT_3D('',#11132,#5342,#5343);
#4466=AXIS2_PLACEMENT_3D('',#11133,#5344,#5345);
#4467=AXIS2_PLACEMENT_3D('',#11136,#5346,#5347);
#4468=AXIS2_PLACEMENT_3D('',#11361,#5350,#5351);
#4469=AXIS2_PLACEMENT_3D('',#11362,#5352,#5353);
#4470=AXIS2_PLACEMENT_3D('',#11363,#5354,#5355);
#4471=AXIS2_PLACEMENT_3D('',#11367,#5357,#5358);
#4472=AXIS2_PLACEMENT_3D('',#11425,#5360,#5361);
#4473=AXIS2_PLACEMENT_3D('',#11428,#5362,#5363);
#4474=AXIS2_PLACEMENT_3D('',#11653,#5366,#5367);
#4475=AXIS2_PLACEMENT_3D('',#11654,#5368,#5369);
#4476=AXIS2_PLACEMENT_3D('',#11655,#5370,#5371);
#4477=AXIS2_PLACEMENT_3D('',#11659,#5373,#5374);
#4478=AXIS2_PLACEMENT_3D('',#11717,#5376,#5377);
#4479=AXIS2_PLACEMENT_3D('',#11720,#5378,#5379);
#4480=AXIS2_PLACEMENT_3D('',#11945,#5382,#5383);
#4481=AXIS2_PLACEMENT_3D('',#11946,#5384,#5385);
#4482=AXIS2_PLACEMENT_3D('',#11947,#5386,#5387);
#4483=AXIS2_PLACEMENT_3D('',#11951,#5389,#5390);
#4484=AXIS2_PLACEMENT_3D('',#12009,#5392,#5393);
#4485=AXIS2_PLACEMENT_3D('',#12058,#5394,#5395);
#4486=AXIS2_PLACEMENT_3D('',#12141,#5397,#5398);
#4487=AXIS2_PLACEMENT_3D('',#12143,#5399,#5400);
#4488=AXIS2_PLACEMENT_3D('',#12239,#5402,#5403);
#4489=AXIS2_PLACEMENT_3D('',#12243,#5405,#5406);
#4490=AXIS2_PLACEMENT_3D('',#12301,#5408,#5409);
#4491=AXIS2_PLACEMENT_3D('',#12303,#5410,#5411);
#4492=AXIS2_PLACEMENT_3D('',#12304,#5412,#5413);
#4493=AXIS2_PLACEMENT_3D('',#12305,#5414,#5415);
#4494=AXIS2_PLACEMENT_3D('',#12307,#5416,#5417);
#4495=AXIS2_PLACEMENT_3D('',#12308,#5418,#5419);
#4496=AXIS2_PLACEMENT_3D('',#12311,#5420,#5421);
#4497=AXIS2_PLACEMENT_3D('',#12312,#5422,#5423);
#4498=AXIS2_PLACEMENT_3D('',#12313,#5424,#5425);
#4499=AXIS2_PLACEMENT_3D('',#12314,#5426,#5427);
#4500=AXIS2_PLACEMENT_3D('',#12317,#5428,#5429);
#4501=AXIS2_PLACEMENT_3D('',#12318,#5430,#5431);
#4502=AXIS2_PLACEMENT_3D('',#12322,#5433,#5434);
#4503=AXIS2_PLACEMENT_3D('',#12331,#5435,#5436);
#4504=AXIS2_PLACEMENT_3D('',#12349,#5438,#5439);
#4505=AXIS2_PLACEMENT_3D('',#12352,#5441,#5442);
#4506=AXIS2_PLACEMENT_3D('',#12361,#5443,#5444);
#4507=AXIS2_PLACEMENT_3D('',#12371,#5445,#5446);
#4508=AXIS2_PLACEMENT_3D('',#12381,#5447,#5448);
#4509=AXIS2_PLACEMENT_3D('',#12389,#5449,#5450);
#4510=AXIS2_PLACEMENT_3D('',#12399,#5451,#5452);
#4511=AXIS2_PLACEMENT_3D('',#12407,#5453,#5454);
#4512=AXIS2_PLACEMENT_3D('',#12503,#5455,#5456);
#4513=AXIS2_PLACEMENT_3D('',#12519,#5457,#5458);
#4514=AXIS2_PLACEMENT_3D('',#12594,#5460,#5461);
#4515=AXIS2_PLACEMENT_3D('',#12781,#5462,#5463);
#4516=AXIS2_PLACEMENT_3D('',#12783,#5464,#5465);
#4517=AXIS2_PLACEMENT_3D('',#12785,#5467,#5468);
#4518=AXIS2_PLACEMENT_3D('',#12877,#5469,#5470);
#4519=AXIS2_PLACEMENT_3D('',#12879,#5471,#5472);
#4520=AXIS2_PLACEMENT_3D('',#12925,#5474,#5475);
#4521=AXIS2_PLACEMENT_3D('',#12981,#5476,#5477);
#4522=AXIS2_PLACEMENT_3D('',#12982,#5478,#5479);
#4523=AXIS2_PLACEMENT_3D('',#13078,#5480,#5481);
#4524=AXIS2_PLACEMENT_3D('',#13094,#5482,#5483);
#4525=AXIS2_PLACEMENT_3D('',#13169,#5485,#5486);
#4526=AXIS2_PLACEMENT_3D('',#13174,#5487,#5488);
#4527=AXIS2_PLACEMENT_3D('',#13176,#5490,#5491);
#4528=AXIS2_PLACEMENT_3D('',#13178,#5493,#5494);
#4529=AXIS2_PLACEMENT_3D('',#13293,#5497,#5498);
#4530=AXIS2_PLACEMENT_3D('',#13294,#5499,#5500);
#4531=AXIS2_PLACEMENT_3D('',#13295,#5501,#5502);
#4532=AXIS2_PLACEMENT_3D('',#13297,#5503,#5504);
#4533=AXIS2_PLACEMENT_3D('',#13300,#5506,#5507);
#4534=AXIS2_PLACEMENT_3D('',#13301,#5508,#5509);
#4535=AXIS2_PLACEMENT_3D('',#13303,#5510,#5511);
#4536=AXIS2_PLACEMENT_3D('',#13305,#5512,#5513);
#4537=AXIS2_PLACEMENT_3D('',#13306,#5514,#5515);
#4538=AXIS2_PLACEMENT_3D('',#13307,#5516,#5517);
#4539=AXIS2_PLACEMENT_3D('',#13320,#5524,#5525);
#4540=AXIS2_PLACEMENT_3D('',#13322,#5526,#5527);
#4541=AXIS2_PLACEMENT_3D('',#13324,#5529,#5530);
#4542=AXIS2_PLACEMENT_3D('',#13331,#5534,#5535);
#4543=AXIS2_PLACEMENT_3D('',#13335,#5538,#5539);
#4544=AXIS2_PLACEMENT_3D('',#13339,#5542,#5543);
#4545=AXIS2_PLACEMENT_3D('',#13343,#5546,#5547);
#4546=AXIS2_PLACEMENT_3D('',#13347,#5550,#5551);
#4547=AXIS2_PLACEMENT_3D('',#13349,#5553,#5554);
#4548=AXIS2_PLACEMENT_3D('',#13352,#5557,#5558);
#4549=AXIS2_PLACEMENT_3D('',#13354,#5560,#5561);
#4550=AXIS2_PLACEMENT_3D('',#13356,#5563,#5564);
#4551=AXIS2_PLACEMENT_3D('',#13358,#5566,#5567);
#4552=AXIS2_PLACEMENT_3D('',#13360,#5569,#5570);
#4553=AXIS2_PLACEMENT_3D('',#13361,#5571,#5572);
#4554=AXIS2_PLACEMENT_3D('',#13364,#5574,#5575);
#4555=AXIS2_PLACEMENT_3D('',#13365,#5576,#5577);
#4556=AXIS2_PLACEMENT_3D('',#13366,#5578,#5579);
#4557=AXIS2_PLACEMENT_3D('',#13367,#5580,#5581);
#4558=AXIS2_PLACEMENT_3D('',#13368,#5582,#5583);
#4559=AXIS2_PLACEMENT_3D('',#13369,#5584,#5585);
#4560=AXIS2_PLACEMENT_3D('',#13370,#5586,#5587);
#4561=AXIS2_PLACEMENT_3D('',#13371,#5588,#5589);
#4562=DIRECTION('axis',(0.,0.,1.));
#4563=DIRECTION('refdir',(1.,0.,0.));
#4564=DIRECTION('axis',(0.,0.,1.));
#4565=DIRECTION('refdir',(1.,0.,0.));
#4566=DIRECTION('center_axis',(0.,0.,-1.));
#4567=DIRECTION('ref_axis',(1.,0.,0.));
#4568=DIRECTION('center_axis',(0.,0.,-1.));
#4569=DIRECTION('ref_axis',(1.,0.,0.));
#4570=DIRECTION('',(0.,0.,-1.));
#4571=DIRECTION('center_axis',(0.,0.,-1.));
#4572=DIRECTION('ref_axis',(1.,0.,0.));
#4573=DIRECTION('center_axis',(0.,0.,1.));
#4574=DIRECTION('ref_axis',(1.,0.,0.));
#4575=DIRECTION('center_axis',(0.,0.,-1.));
#4576=DIRECTION('ref_axis',(1.,0.,0.));
#4577=DIRECTION('center_axis',(0.,0.,-1.));
#4578=DIRECTION('ref_axis',(1.,0.,0.));
#4579=DIRECTION('',(0.,0.,-1.));
#4580=DIRECTION('center_axis',(0.,0.,-1.));
#4581=DIRECTION('ref_axis',(1.,0.,0.));
#4582=DIRECTION('center_axis',(0.,0.,1.));
#4583=DIRECTION('ref_axis',(1.,0.,0.));
#4584=DIRECTION('center_axis',(0.,0.,-1.));
#4585=DIRECTION('ref_axis',(1.,0.,0.));
#4586=DIRECTION('center_axis',(0.,0.,-1.));
#4587=DIRECTION('ref_axis',(1.,0.,0.));
#4588=DIRECTION('',(0.,0.,-1.));
#4589=DIRECTION('center_axis',(0.,0.,-1.));
#4590=DIRECTION('ref_axis',(1.,0.,0.));
#4591=DIRECTION('center_axis',(0.,0.,1.));
#4592=DIRECTION('ref_axis',(1.,0.,0.));
#4593=DIRECTION('center_axis',(0.,0.,-1.));
#4594=DIRECTION('ref_axis',(1.,0.,0.));
#4595=DIRECTION('center_axis',(0.,0.,-1.));
#4596=DIRECTION('ref_axis',(1.,0.,0.));
#4597=DIRECTION('',(0.,0.,-1.));
#4598=DIRECTION('center_axis',(0.,0.,-1.));
#4599=DIRECTION('ref_axis',(1.,0.,0.));
#4600=DIRECTION('center_axis',(0.,0.,1.));
#4601=DIRECTION('ref_axis',(1.,0.,0.));
#4602=DIRECTION('center_axis',(0.,0.,1.));
#4603=DIRECTION('ref_axis',(1.,0.,0.));
#4604=DIRECTION('center_axis',(0.,0.,-1.));
#4605=DIRECTION('ref_axis',(0.707106781186547,0.707106781186548,0.));
#4606=DIRECTION('center_axis',(0.,0.,1.));
#4607=DIRECTION('ref_axis',(0.707106781186547,0.707106781186548,0.));
#4608=DIRECTION('center_axis',(0.,0.,-1.));
#4609=DIRECTION('ref_axis',(0.707106781186547,0.707106781186548,0.));
#4610=DIRECTION('center_axis',(0.,0.,1.));
#4611=DIRECTION('ref_axis',(0.707106781186547,0.707106781186548,0.));
#4612=DIRECTION('',(0.,0.,1.));
#4613=DIRECTION('center_axis',(0.866025403784438,-0.500000000000001,0.));
#4614=DIRECTION('ref_axis',(-0.500000000000001,-0.866025403784438,0.));
#4615=DIRECTION('',(0.500000000000001,0.866025403784438,0.));
#4616=DIRECTION('',(0.,0.,-1.));
#4617=DIRECTION('',(-0.500000000000001,-0.866025403784438,0.));
#4618=DIRECTION('',(0.,0.,-1.));
#4619=DIRECTION('center_axis',(0.,0.,-1.));
#4620=DIRECTION('ref_axis',(0.866025403784438,0.5,0.));
#4621=DIRECTION('center_axis',(0.,0.,-1.));
#4622=DIRECTION('ref_axis',(0.866025403784438,0.5,0.));
#4623=DIRECTION('center_axis',(0.,0.,1.));
#4624=DIRECTION('ref_axis',(0.866025403784438,0.5,0.));
#4625=DIRECTION('',(0.,0.,-1.));
#4626=DIRECTION('center_axis',(-0.866025403784438,-0.500000000000001,0.));
#4627=DIRECTION('ref_axis',(-0.500000000000001,0.866025403784438,0.));
#4628=DIRECTION('',(0.500000000000001,-0.866025403784438,0.));
#4629=DIRECTION('',(-0.500000000000001,0.866025403784438,0.));
#4630=DIRECTION('',(0.,0.,-1.));
#4631=DIRECTION('center_axis',(0.,0.,-1.));
#4632=DIRECTION('ref_axis',(0.707106781186547,0.707106781186548,0.));
#4633=DIRECTION('center_axis',(0.,0.,1.));
#4634=DIRECTION('ref_axis',(0.707106781186547,0.707106781186548,0.));
#4635=DIRECTION('center_axis',(0.,0.,-1.));
#4636=DIRECTION('ref_axis',(0.707106781186547,0.707106781186548,0.));
#4637=DIRECTION('',(0.,0.,-1.));
#4638=DIRECTION('center_axis',(-0.866025403784438,0.500000000000001,0.));
#4639=DIRECTION('ref_axis',(0.500000000000001,0.866025403784438,0.));
#4640=DIRECTION('',(-0.500000000000001,-0.866025403784438,0.));
#4641=DIRECTION('',(0.500000000000001,0.866025403784438,0.));
#4642=DIRECTION('',(0.,0.,-1.));
#4643=DIRECTION('center_axis',(0.,0.,-1.));
#4644=DIRECTION('ref_axis',(-0.866025403784438,-0.5,0.));
#4645=DIRECTION('center_axis',(0.,0.,-1.));
#4646=DIRECTION('ref_axis',(-0.866025403784438,-0.5,0.));
#4647=DIRECTION('center_axis',(0.,0.,1.));
#4648=DIRECTION('ref_axis',(-0.866025403784438,-0.5,0.));
#4649=DIRECTION('',(0.,0.,-1.));
#4650=DIRECTION('center_axis',(0.866025403784438,0.500000000000001,0.));
#4651=DIRECTION('ref_axis',(0.500000000000001,-0.866025403784438,0.));
#4652=DIRECTION('',(-0.500000000000001,0.866025403784438,0.));
#4653=DIRECTION('',(0.500000000000001,-0.866025403784438,0.));
#4654=DIRECTION('',(0.,0.,-1.));
#4655=DIRECTION('center_axis',(0.,0.,-1.));
#4656=DIRECTION('ref_axis',(-1.,-2.61228946970625E-16,0.));
#4657=DIRECTION('center_axis',(0.,0.,1.));
#4658=DIRECTION('ref_axis',(0.707106781186547,0.707106781186548,0.));
#4659=DIRECTION('center_axis',(0.,0.,-1.));
#4660=DIRECTION('ref_axis',(0.707106781186547,0.707106781186548,0.));
#4661=DIRECTION('center_axis',(0.,0.,1.));
#4662=DIRECTION('ref_axis',(1.,0.,0.));
#4663=DIRECTION('center_axis',(0.,0.,1.));
#4664=DIRECTION('ref_axis',(0.707106781186547,0.707106781186548,0.));
#4665=DIRECTION('center_axis',(0.,0.,-1.));
#4666=DIRECTION('ref_axis',(0.707106781186547,0.707106781186548,0.));
#4667=DIRECTION('',(0.,0.,-1.));
#4668=DIRECTION('center_axis',(0.,0.,1.));
#4669=DIRECTION('ref_axis',(0.707106781186547,0.707106781186548,0.));
#4670=DIRECTION('center_axis',(0.,0.,1.));
#4671=DIRECTION('ref_axis',(0.707106781186547,0.707106781186548,0.));
#4672=DIRECTION('',(0.,0.,1.));
#4673=DIRECTION('center_axis',(0.,0.,1.));
#4674=DIRECTION('ref_axis',(0.707106781186547,0.707106781186548,0.));
#4675=DIRECTION('',(0.,0.,1.));
#4676=DIRECTION('center_axis',(-0.866025403784436,-0.500000000000004,0.));
#4677=DIRECTION('ref_axis',(0.500000000000004,-0.866025403784436,0.));
#4678=DIRECTION('',(-0.500000000000004,0.866025403784436,0.));
#4679=DIRECTION('',(0.500000000000004,-0.866025403784436,0.));
#4680=DIRECTION('',(0.,0.,1.));
#4681=DIRECTION('center_axis',(0.,0.,1.));
#4682=DIRECTION('ref_axis',(0.707106781186547,0.707106781186548,0.));
#4683=DIRECTION('center_axis',(0.,0.,1.));
#4684=DIRECTION('ref_axis',(0.707106781186547,0.707106781186548,0.));
#4685=DIRECTION('center_axis',(0.,0.,1.));
#4686=DIRECTION('ref_axis',(0.707106781186547,0.707106781186548,0.));
#4687=DIRECTION('',(0.,0.,1.));
#4688=DIRECTION('center_axis',(0.500000000000004,0.866025403784436,0.));
#4689=DIRECTION('ref_axis',(-0.866025403784436,0.500000000000004,0.));
#4690=DIRECTION('',(-0.866025403784436,0.500000000000004,0.));
#4691=DIRECTION('',(-0.866025403784436,0.500000000000004,0.));
#4692=DIRECTION('',(0.,0.,1.));
#4693=DIRECTION('center_axis',(0.,0.,1.));
#4694=DIRECTION('ref_axis',(0.707106781186547,0.707106781186548,0.));
#4695=DIRECTION('center_axis',(0.,0.,1.));
#4696=DIRECTION('ref_axis',(0.707106781186547,0.707106781186548,0.));
#4697=DIRECTION('center_axis',(0.,0.,1.));
#4698=DIRECTION('ref_axis',(0.707106781186547,0.707106781186548,0.));
#4699=DIRECTION('',(0.,0.,1.));
#4700=DIRECTION('center_axis',(-0.500000000000005,0.866025403784436,0.));
#4701=DIRECTION('ref_axis',(-0.866025403784436,-0.500000000000005,0.));
#4702=DIRECTION('',(0.866025403784436,0.500000000000005,0.));
#4703=DIRECTION('',(-0.866025403784436,-0.500000000000005,0.));
#4704=DIRECTION('',(0.,0.,1.));
#4705=DIRECTION('center_axis',(0.,0.,1.));
#4706=DIRECTION('ref_axis',(0.707106781186547,0.707106781186548,0.));
#4707=DIRECTION('center_axis',(0.,0.,1.));
#4708=DIRECTION('ref_axis',(0.707106781186547,0.707106781186548,0.));
#4709=DIRECTION('center_axis',(0.,0.,1.));
#4710=DIRECTION('ref_axis',(0.707106781186547,0.707106781186548,0.));
#4711=DIRECTION('',(0.,0.,1.));
#4712=DIRECTION('center_axis',(0.866025403784437,-0.500000000000003,0.));
#4713=DIRECTION('ref_axis',(0.500000000000003,0.866025403784437,0.));
#4714=DIRECTION('',(0.500000000000003,0.866025403784437,0.));
#4715=DIRECTION('',(0.500000000000003,0.866025403784437,0.));
#4716=DIRECTION('',(0.,0.,1.));
#4717=DIRECTION('center_axis',(0.,0.,1.));
#4718=DIRECTION('ref_axis',(0.707106781186547,0.707106781186548,0.));
#4719=DIRECTION('center_axis',(0.,0.,1.));
#4720=DIRECTION('ref_axis',(0.707106781186547,0.707106781186548,0.));
#4721=DIRECTION('center_axis',(0.,0.,1.));
#4722=DIRECTION('ref_axis',(0.707106781186547,0.707106781186548,0.));
#4723=DIRECTION('',(0.,0.,1.));
#4724=DIRECTION('center_axis',(0.866025403784436,0.500000000000005,0.));
#4725=DIRECTION('ref_axis',(-0.500000000000005,0.866025403784436,0.));
#4726=DIRECTION('',(0.500000000000005,-0.866025403784435,0.));
#4727=DIRECTION('',(-0.500000000000005,0.866025403784435,0.));
#4728=DIRECTION('',(0.,0.,1.));
#4729=DIRECTION('center_axis',(0.,0.,1.));
#4730=DIRECTION('ref_axis',(0.707106781186547,0.707106781186548,0.));
#4731=DIRECTION('center_axis',(0.,0.,1.));
#4732=DIRECTION('ref_axis',(0.707106781186547,0.707106781186548,0.));
#4733=DIRECTION('center_axis',(0.,0.,1.));
#4734=DIRECTION('ref_axis',(0.707106781186547,0.707106781186548,0.));
#4735=DIRECTION('',(0.,0.,1.));
#4736=DIRECTION('center_axis',(-0.500000000000005,-0.866025403784436,0.));
#4737=DIRECTION('ref_axis',(0.866025403784436,-0.500000000000005,0.));
#4738=DIRECTION('',(0.866025403784435,-0.500000000000005,0.));
#4739=DIRECTION('',(0.866025403784435,-0.500000000000005,0.));
#4740=DIRECTION('',(0.,0.,1.));
#4741=DIRECTION('center_axis',(0.,0.,1.));
#4742=DIRECTION('ref_axis',(0.707106781186547,0.707106781186548,0.));
#4743=DIRECTION('center_axis',(0.,0.,1.));
#4744=DIRECTION('ref_axis',(0.707106781186547,0.707106781186548,0.));
#4745=DIRECTION('center_axis',(0.,0.,1.));
#4746=DIRECTION('ref_axis',(0.707106781186547,0.707106781186548,0.));
#4747=DIRECTION('',(0.,0.,1.));
#4748=DIRECTION('center_axis',(0.500000000000007,-0.866025403784435,0.));
#4749=DIRECTION('ref_axis',(0.866025403784435,0.500000000000007,0.));
#4750=DIRECTION('',(-0.866025403784435,-0.500000000000007,0.));
#4751=DIRECTION('',(0.866025403784435,0.500000000000007,0.));
#4752=DIRECTION('',(0.,0.,1.));
#4753=DIRECTION('center_axis',(0.,0.,1.));
#4754=DIRECTION('ref_axis',(-0.707106781186548,-0.707106781186547,0.));
#4755=DIRECTION('center_axis',(0.,0.,1.));
#4756=DIRECTION('ref_axis',(0.707106781186547,0.707106781186548,0.));
#4757=DIRECTION('center_axis',(0.,0.,1.));
#4758=DIRECTION('ref_axis',(0.707106781186547,0.707106781186548,0.));
#4759=DIRECTION('',(0.,0.,1.));
#4760=DIRECTION('center_axis',(-0.866025403784436,0.500000000000005,0.));
#4761=DIRECTION('ref_axis',(-0.500000000000005,-0.866025403784436,0.));
#4762=DIRECTION('',(-0.500000000000005,-0.866025403784436,0.));
#4763=DIRECTION('',(-0.500000000000005,-0.866025403784436,0.));
#4764=DIRECTION('center_axis',(0.,0.,1.));
#4765=DIRECTION('ref_axis',(1.,0.,0.));
#4766=DIRECTION('center_axis',(0.,0.,1.));
#4767=DIRECTION('ref_axis',(1.,0.,0.));
#4768=DIRECTION('axis',(0.,0.,1.));
#4769=DIRECTION('refdir',(1.,0.,0.));
#4770=DIRECTION('center_axis',(0.,0.,-1.));
#4771=DIRECTION('ref_axis',(-1.,0.,0.));
#4772=DIRECTION('center_axis',(-0.681919261307134,-0.731427454405653,-6.13579223205735E-16));
#4773=DIRECTION('ref_axis',(-4.89902785005825E-10,4.5674353188474E-10,-1.));
#4774=DIRECTION('center_axis',(0.,0.,-1.));
#4775=DIRECTION('ref_axis',(1.,0.,0.));
#4776=DIRECTION('center_axis',(0.681919260714813,-0.731427454957881,-3.24819040534888E-16));
#4777=DIRECTION('ref_axis',(-0.731427454957881,-0.681919260714813,0.));
#4778=DIRECTION('center_axis',(0.,0.,1.));
#4779=DIRECTION('ref_axis',(1.,0.,0.));
#4780=DIRECTION('center_axis',(-0.681919260714813,-0.731427454957881,-3.0283298567238E-16));
#4781=DIRECTION('ref_axis',(-0.731427454957881,0.681919260714813,0.));
#4782=DIRECTION('center_axis',(0.,0.,-1.));
#4783=DIRECTION('ref_axis',(-1.,0.,0.));
#4784=DIRECTION('center_axis',(0.,0.,-1.));
#4785=DIRECTION('ref_axis',(1.,0.,0.));
#4786=DIRECTION('center_axis',(-0.681919260714811,0.731427454957883,3.46805095397397E-16));
#4787=DIRECTION('ref_axis',(0.731427454957883,0.681919260714811,0.));
#4788=DIRECTION('center_axis',(0.,0.,1.));
#4789=DIRECTION('ref_axis',(1.,0.,0.));
#4790=DIRECTION('center_axis',(-1.,2.31296463463574E-16,0.));
#4791=DIRECTION('ref_axis',(0.,0.,1.));
#4792=DIRECTION('center_axis',(0.,0.,-1.));
#4793=DIRECTION('ref_axis',(-1.,0.,0.));
#4794=DIRECTION('center_axis',(0.,0.,-1.));
#4795=DIRECTION('ref_axis',(1.,0.,0.));
#4796=DIRECTION('',(0.,0.,1.));
#4797=DIRECTION('center_axis',(0.,0.,-1.));
#4798=DIRECTION('ref_axis',(1.,0.,0.));
#4799=DIRECTION('',(0.,0.,-1.));
#4800=DIRECTION('center_axis',(0.,0.,1.));
#4801=DIRECTION('ref_axis',(1.,0.,0.));
#4802=DIRECTION('',(0.,0.,-1.));
#4803=DIRECTION('center_axis',(0.,0.,-1.));
#4804=DIRECTION('ref_axis',(1.,0.,0.));
#4805=DIRECTION('',(0.,0.,-1.));
#4806=DIRECTION('center_axis',(0.,0.,1.));
#4807=DIRECTION('ref_axis',(1.,0.,0.));
#4808=DIRECTION('',(0.,0.,-1.));
#4809=DIRECTION('center_axis',(0.,0.,-1.));
#4810=DIRECTION('ref_axis',(1.,0.,0.));
#4811=DIRECTION('',(0.,0.,-1.));
#4812=DIRECTION('center_axis',(0.,0.,1.));
#4813=DIRECTION('ref_axis',(1.,0.,0.));
#4814=DIRECTION('',(0.,0.,-1.));
#4815=DIRECTION('center_axis',(0.,0.,-1.));
#4816=DIRECTION('ref_axis',(1.,0.,0.));
#4817=DIRECTION('',(0.,0.,-1.));
#4818=DIRECTION('center_axis',(0.,0.,1.));
#4819=DIRECTION('ref_axis',(1.,0.,0.));
#4820=DIRECTION('',(0.,0.,-1.));
#4821=DIRECTION('center_axis',(0.,0.,-1.));
#4822=DIRECTION('ref_axis',(1.,0.,0.));
#4823=DIRECTION('center_axis',(1.,-9.25185853854296E-16,0.));
#4824=DIRECTION('ref_axis',(0.,0.,-1.));
#4825=DIRECTION('center_axis',(0.,0.,-1.));
#4826=DIRECTION('ref_axis',(-1.,0.,0.));
#4827=DIRECTION('',(0.499999999999998,0.86602540378444,0.));
#4828=DIRECTION('center_axis',(0.,0.,1.));
#4829=DIRECTION('ref_axis',(1.,0.,0.));
#4830=DIRECTION('',(0.866025403784442,0.499999999999995,0.));
#4831=DIRECTION('center_axis',(0.,0.,1.));
#4832=DIRECTION('ref_axis',(0.499999999999995,0.866025403784442,0.));
#4833=DIRECTION('',(-0.86602540378444,0.499999999999998,0.));
#4834=DIRECTION('center_axis',(0.,0.,1.));
#4835=DIRECTION('ref_axis',(1.,0.,0.));
#4836=DIRECTION('',(-0.499999999999995,0.866025403784442,0.));
#4837=DIRECTION('center_axis',(0.,0.,1.));
#4838=DIRECTION('ref_axis',(-0.866025403784442,0.499999999999995,0.));
#4839=DIRECTION('',(-0.499999999999998,-0.86602540378444,0.));
#4840=DIRECTION('center_axis',(0.,0.,1.));
#4841=DIRECTION('ref_axis',(1.,0.,0.));
#4842=DIRECTION('',(-0.866025403784442,-0.499999999999995,0.));
#4843=DIRECTION('center_axis',(0.,0.,1.));
#4844=DIRECTION('ref_axis',(-0.499999999999995,-0.866025403784442,0.));
#4845=DIRECTION('',(0.86602540378444,-0.499999999999998,0.));
#4846=DIRECTION('center_axis',(0.,0.,1.));
#4847=DIRECTION('ref_axis',(1.,0.,0.));
#4848=DIRECTION('',(0.499999999999995,-0.866025403784442,0.));
#4849=DIRECTION('center_axis',(0.,0.,1.));
#4850=DIRECTION('ref_axis',(0.866025403784442,-0.499999999999995,0.));
#4851=DIRECTION('center_axis',(0.,0.,-1.));
#4852=DIRECTION('ref_axis',(-1.,0.,0.));
#4853=DIRECTION('center_axis',(0.,0.,-1.));
#4854=DIRECTION('ref_axis',(-1.,0.,0.));
#4855=DIRECTION('center_axis',(0.,0.,-1.));
#4856=DIRECTION('ref_axis',(1.,0.,0.));
#4857=DIRECTION('',(0.499999999999998,0.86602540378444,0.));
#4858=DIRECTION('center_axis',(0.,0.,1.));
#4859=DIRECTION('ref_axis',(0.866025403784442,-0.499999999999995,0.));
#4860=DIRECTION('',(0.499999999999995,-0.866025403784442,0.));
#4861=DIRECTION('center_axis',(-0.86602540378444,0.499999999999998,0.));
#4862=DIRECTION('ref_axis',(-0.499999999999998,-0.86602540378444,0.));
#4863=DIRECTION('',(0.,0.,1.));
#4864=DIRECTION('',(-0.499999999999998,-0.86602540378444,0.));
#4865=DIRECTION('',(0.,0.,1.));
#4866=DIRECTION('center_axis',(0.,0.,1.));
#4867=DIRECTION('ref_axis',(-0.866025403784442,0.499999999999995,0.));
#4868=DIRECTION('',(0.,0.,1.));
#4869=DIRECTION('center_axis',(0.,0.,1.));
#4870=DIRECTION('ref_axis',(-0.866025403784442,0.499999999999995,0.));
#4871=DIRECTION('center_axis',(0.866025403784442,0.499999999999995,0.));
#4872=DIRECTION('ref_axis',(-0.499999999999995,0.866025403784442,0.));
#4873=DIRECTION('',(0.,0.,-1.));
#4874=DIRECTION('',(-0.499999999999995,0.866025403784442,0.));
#4875=DIRECTION('center_axis',(0.,0.,-1.));
#4876=DIRECTION('ref_axis',(-1.,0.,0.));
#4877=DIRECTION('center_axis',(0.,0.,-1.));
#4878=DIRECTION('ref_axis',(1.,0.,0.));
#4879=DIRECTION('center_axis',(0.,0.,-1.));
#4880=DIRECTION('ref_axis',(-1.,0.,0.));
#4881=DIRECTION('center_axis',(0.,0.,-1.));
#4882=DIRECTION('ref_axis',(1.,0.,0.));
#4883=DIRECTION('',(0.86602540378444,-0.499999999999998,0.));
#4884=DIRECTION('center_axis',(0.,0.,1.));
#4885=DIRECTION('ref_axis',(-0.499999999999995,-0.866025403784442,0.));
#4886=DIRECTION('',(-0.866025403784442,-0.499999999999995,0.));
#4887=DIRECTION('center_axis',(0.,0.,-1.));
#4888=DIRECTION('ref_axis',(1.,0.,0.));
#4889=DIRECTION('center_axis',(0.499999999999998,0.86602540378444,0.));
#4890=DIRECTION('ref_axis',(-0.86602540378444,0.499999999999998,0.));
#4891=DIRECTION('',(0.,0.,1.));
#4892=DIRECTION('',(-0.86602540378444,0.499999999999998,0.));
#4893=DIRECTION('',(0.,0.,1.));
#4894=DIRECTION('center_axis',(0.,0.,1.));
#4895=DIRECTION('ref_axis',(0.499999999999995,0.866025403784442,0.));
#4896=DIRECTION('',(0.,0.,1.));
#4897=DIRECTION('center_axis',(0.,0.,1.));
#4898=DIRECTION('ref_axis',(0.499999999999995,0.866025403784442,0.));
#4899=DIRECTION('center_axis',(0.499999999999995,-0.866025403784442,0.));
#4900=DIRECTION('ref_axis',(0.866025403784442,0.499999999999995,0.));
#4901=DIRECTION('',(0.,0.,-1.));
#4902=DIRECTION('',(0.866025403784442,0.499999999999995,0.));
#4903=DIRECTION('center_axis',(0.,0.,-1.));
#4904=DIRECTION('ref_axis',(-1.,0.,0.));
#4905=DIRECTION('center_axis',(0.,0.,-1.));
#4906=DIRECTION('ref_axis',(1.,0.,0.));
#4907=DIRECTION('center_axis',(0.,0.,-1.));
#4908=DIRECTION('ref_axis',(1.,0.,0.));
#4909=DIRECTION('',(0.,0.,1.));
#4910=DIRECTION('',(0.,0.,-1.));
#4911=DIRECTION('',(0.,0.,1.));
#4912=DIRECTION('',(0.,0.,1.));
#4913=DIRECTION('center_axis',(0.,0.,-1.));
#4914=DIRECTION('ref_axis',(1.,0.,0.));
#4915=DIRECTION('',(0.,0.,-1.));
#4916=DIRECTION('center_axis',(0.866025403784442,0.499999999999995,0.));
#4917=DIRECTION('ref_axis',(0.499999999999995,-0.866025403784442,0.));
#4918=DIRECTION('',(0.,0.,-1.));
#4919=DIRECTION('center_axis',(-0.86602540378444,0.499999999999998,0.));
#4920=DIRECTION('ref_axis',(0.499999999999998,0.86602540378444,0.));
#4921=DIRECTION('',(0.,0.,1.));
#4922=DIRECTION('center_axis',(0.,0.,-1.));
#4923=DIRECTION('ref_axis',(0.866025403784442,-0.499999999999995,0.));
#4924=DIRECTION('center_axis',(0.499999999999995,-0.866025403784442,0.));
#4925=DIRECTION('ref_axis',(-0.866025403784442,-0.499999999999995,0.));
#4926=DIRECTION('',(0.,0.,-1.));
#4927=DIRECTION('center_axis',(0.499999999999998,0.86602540378444,0.));
#4928=DIRECTION('ref_axis',(0.86602540378444,-0.499999999999998,0.));
#4929=DIRECTION('',(0.,0.,1.));
#4930=DIRECTION('center_axis',(0.,0.,-1.));
#4931=DIRECTION('ref_axis',(-0.499999999999995,-0.866025403784442,0.));
#4932=DIRECTION('center_axis',(0.,0.,-1.));
#4933=DIRECTION('ref_axis',(-1.,0.,0.));
#4934=DIRECTION('',(0.258819045102515,-0.96592582628907,0.));
#4935=DIRECTION('center_axis',(0.,0.,-1.));
#4936=DIRECTION('ref_axis',(1.,0.,0.));
#4937=DIRECTION('',(0.96592582628907,-0.258819045102516,0.));
#4938=DIRECTION('center_axis',(0.,0.,-1.));
#4939=DIRECTION('ref_axis',(-1.,0.,0.));
#4940=DIRECTION('',(-0.96592582628907,-0.258819045102515,0.));
#4941=DIRECTION('center_axis',(0.,0.,-1.));
#4942=DIRECTION('ref_axis',(1.,0.,0.));
#4943=DIRECTION('',(-0.258819045102515,-0.96592582628907,0.));
#4944=DIRECTION('center_axis',(0.,0.,-1.));
#4945=DIRECTION('ref_axis',(-1.,0.,0.));
#4946=DIRECTION('',(-0.96592582628907,0.258819045102515,0.));
#4947=DIRECTION('',(-0.258819045102516,0.96592582628907,0.));
#4948=DIRECTION('center_axis',(0.,0.,-1.));
#4949=DIRECTION('ref_axis',(1.,0.,0.));
#4950=DIRECTION('center_axis',(0.,0.,-1.));
#4951=DIRECTION('ref_axis',(-1.,0.,0.));
#4952=DIRECTION('',(0.96592582628907,0.258819045102515,0.));
#4953=DIRECTION('center_axis',(0.,0.,-1.));
#4954=DIRECTION('ref_axis',(1.,0.,0.));
#4955=DIRECTION('',(0.258819045102515,0.96592582628907,0.));
#4956=DIRECTION('center_axis',(0.,0.,-1.));
#4957=DIRECTION('ref_axis',(0.86602540378444,-0.499999999999998,0.));
#4958=DIRECTION('center_axis',(0.,0.,-1.));
#4959=DIRECTION('ref_axis',(0.86602540378444,-0.499999999999998,0.));
#4960=DIRECTION('',(0.,0.,-1.));
#4961=DIRECTION('center_axis',(0.,0.,-1.));
#4962=DIRECTION('ref_axis',(0.86602540378444,-0.499999999999998,0.));
#4963=DIRECTION('',(0.,0.,-1.));
#4964=DIRECTION('center_axis',(0.866025403784438,-0.500000000000001,0.));
#4965=DIRECTION('ref_axis',(-0.500000000000001,-0.866025403784438,0.));
#4966=DIRECTION('',(-0.500000000000001,-0.866025403784438,0.));
#4967=DIRECTION('',(-0.500000000000001,-0.866025403784438,0.));
#4968=DIRECTION('',(0.,0.,-1.));
#4969=DIRECTION('center_axis',(0.,0.,-1.));
#4970=DIRECTION('ref_axis',(1.,0.,0.));
#4971=DIRECTION('center_axis',(0.,0.,1.));
#4972=DIRECTION('ref_axis',(1.,0.,0.));
#4973=DIRECTION('center_axis',(0.,0.,1.));
#4974=DIRECTION('ref_axis',(1.,0.,0.));
#4975=DIRECTION('',(0.,0.,-1.));
#4976=DIRECTION('center_axis',(0.866025403784438,0.500000000000001,0.));
#4977=DIRECTION('ref_axis',(0.500000000000001,-0.866025403784438,0.));
#4978=DIRECTION('',(0.500000000000001,-0.866025403784438,0.));
#4979=DIRECTION('',(0.500000000000001,-0.866025403784438,0.));
#4980=DIRECTION('',(0.,0.,-1.));
#4981=DIRECTION('center_axis',(0.,0.,-1.));
#4982=DIRECTION('ref_axis',(-0.86602540378444,0.499999999999998,0.));
#4983=DIRECTION('center_axis',(0.,0.,-1.));
#4984=DIRECTION('ref_axis',(-0.86602540378444,0.499999999999998,0.));
#4985=DIRECTION('center_axis',(0.,0.,-1.));
#4986=DIRECTION('ref_axis',(-0.86602540378444,0.499999999999998,0.));
#4987=DIRECTION('',(0.,0.,-1.));
#4988=DIRECTION('center_axis',(-0.866025403784438,0.500000000000001,0.));
#4989=DIRECTION('ref_axis',(0.500000000000001,0.866025403784438,0.));
#4990=DIRECTION('',(0.500000000000001,0.866025403784438,0.));
#4991=DIRECTION('',(0.500000000000001,0.866025403784438,0.));
#4992=DIRECTION('',(0.,0.,-1.));
#4993=DIRECTION('center_axis',(0.,0.,-1.));
#4994=DIRECTION('ref_axis',(-1.,-1.22464679914735E-16,0.));
#4995=DIRECTION('center_axis',(0.,0.,1.));
#4996=DIRECTION('ref_axis',(1.,0.,0.));
#4997=DIRECTION('center_axis',(0.,0.,1.));
#4998=DIRECTION('ref_axis',(1.,0.,0.));
#4999=DIRECTION('',(0.,0.,-1.));
#5000=DIRECTION('center_axis',(-0.866025403784438,-0.500000000000001,0.));
#5001=DIRECTION('ref_axis',(-0.500000000000001,0.866025403784438,0.));
#5002=DIRECTION('',(-0.500000000000001,0.866025403784438,0.));
#5003=DIRECTION('',(-0.500000000000001,0.866025403784438,0.));
#5004=DIRECTION('center_axis',(0.,0.,-1.));
#5005=DIRECTION('ref_axis',(1.,0.,0.));
#5006=DIRECTION('center_axis',(0.,0.,-1.));
#5007=DIRECTION('ref_axis',(1.,0.,0.));
#5008=DIRECTION('',(0.,0.,-1.));
#5009=DIRECTION('',(0.,0.,-1.));
#5010=DIRECTION('center_axis',(0.258819045102515,-0.96592582628907,0.));
#5011=DIRECTION('ref_axis',(-0.96592582628907,-0.258819045102515,0.));
#5012=DIRECTION('',(0.96592582628907,0.258819045102515,0.));
#5013=DIRECTION('center_axis',(0.258819045102516,0.96592582628907,0.));
#5014=DIRECTION('ref_axis',(0.96592582628907,-0.258819045102516,0.));
#5015=DIRECTION('',(0.96592582628907,-0.258819045102516,0.));
#5016=DIRECTION('',(0.,0.,-1.));
#5017=DIRECTION('center_axis',(0.,0.,-1.));
#5018=DIRECTION('ref_axis',(1.,0.,0.));
#5019=DIRECTION('center_axis',(0.,0.,-1.));
#5020=DIRECTION('ref_axis',(1.,0.,0.));
#5021=DIRECTION('',(0.,0.,-1.));
#5022=DIRECTION('center_axis',(0.96592582628907,0.258819045102515,0.));
#5023=DIRECTION('ref_axis',(0.258819045102515,-0.96592582628907,0.));
#5024=DIRECTION('',(-0.258819045102515,0.96592582628907,0.));
#5025=DIRECTION('center_axis',(-0.96592582628907,0.258819045102515,0.));
#5026=DIRECTION('ref_axis',(0.258819045102515,0.96592582628907,0.));
#5027=DIRECTION('',(0.258819045102515,0.96592582628907,0.));
#5028=DIRECTION('',(0.,0.,-1.));
#5029=DIRECTION('center_axis',(0.,0.,-1.));
#5030=DIRECTION('ref_axis',(1.,0.,0.));
#5031=DIRECTION('center_axis',(0.,0.,-1.));
#5032=DIRECTION('ref_axis',(1.,0.,0.));
#5033=DIRECTION('',(0.,0.,-1.));
#5034=DIRECTION('center_axis',(-0.258819045102515,0.96592582628907,0.));
#5035=DIRECTION('ref_axis',(0.96592582628907,0.258819045102515,0.));
#5036=DIRECTION('',(-0.96592582628907,-0.258819045102515,0.));
#5037=DIRECTION('center_axis',(-0.258819045102515,-0.96592582628907,0.));
#5038=DIRECTION('ref_axis',(-0.96592582628907,0.258819045102515,0.));
#5039=DIRECTION('',(-0.96592582628907,0.258819045102515,0.));
#5040=DIRECTION('',(0.,0.,-1.));
#5041=DIRECTION('center_axis',(0.,0.,-1.));
#5042=DIRECTION('ref_axis',(1.,0.,0.));
#5043=DIRECTION('center_axis',(0.,0.,-1.));
#5044=DIRECTION('ref_axis',(1.,0.,0.));
#5045=DIRECTION('',(0.,0.,-1.));
#5046=DIRECTION('center_axis',(-0.96592582628907,-0.258819045102516,0.));
#5047=DIRECTION('ref_axis',(-0.258819045102516,0.96592582628907,0.));
#5048=DIRECTION('',(0.258819045102516,-0.96592582628907,0.));
#5049=DIRECTION('center_axis',(0.96592582628907,-0.258819045102515,0.));
#5050=DIRECTION('ref_axis',(-0.258819045102515,-0.96592582628907,0.));
#5051=DIRECTION('',(-0.258819045102515,-0.96592582628907,0.));
#5052=DIRECTION('center_axis',(0.,0.,-1.));
#5053=DIRECTION('ref_axis',(1.,0.,0.));
#5054=DIRECTION('center_axis',(0.,0.,-1.));
#5055=DIRECTION('ref_axis',(1.,0.,0.));
#5056=DIRECTION('axis',(0.,0.,1.));
#5057=DIRECTION('refdir',(1.,0.,0.));
#5058=DIRECTION('center_axis',(0.399257822142539,-0.916838694350319,0.));
#5059=DIRECTION('ref_axis',(0.,0.,-1.));
#5060=DIRECTION('center_axis',(-0.399257822142539,-0.916838694350319,0.));
#5061=DIRECTION('ref_axis',(-0.916838694350319,0.399257822142539,0.));
#5062=DIRECTION('center_axis',(-0.399257822142539,-0.916838694350319,0.));
#5063=DIRECTION('ref_axis',(-0.916838694350319,0.399257822142539,0.));
#5064=DIRECTION('center_axis',(0.994397546830862,0.105704866760067,0.));
#5065=DIRECTION('ref_axis',(0.,0.,1.));
#5066=DIRECTION('center_axis',(0.994397546830862,0.105704866760067,0.));
#5067=DIRECTION('ref_axis',(0.,0.,1.));
#5068=DIRECTION('center_axis',(-0.994397546830862,0.105704866760069,0.));
#5069=DIRECTION('ref_axis',(-0.105704866760069,-0.994397546830862,0.));
#5070=DIRECTION('center_axis',(-0.994397546830862,0.105704866760069,0.));
#5071=DIRECTION('ref_axis',(-0.105704866760069,-0.994397546830862,0.));
#5072=DIRECTION('center_axis',(-0.998744050299554,0.0501031135883016,0.));
#5073=DIRECTION('ref_axis',(0.,0.,1.));
#5074=DIRECTION('center_axis',(0.998744050299553,0.0501031135883097,0.));
#5075=DIRECTION('ref_axis',(-0.0501031135883097,0.998744050299553,0.));
#5076=DIRECTION('center_axis',(0.998744050299553,0.0501031135883097,0.));
#5077=DIRECTION('ref_axis',(-0.0501031135883097,0.998744050299553,0.));
#5078=DIRECTION('center_axis',(-0.4612123973038,0.887289763590949,0.));
#5079=DIRECTION('ref_axis',(0.,0.,-1.));
#5080=DIRECTION('center_axis',(-0.4612123973038,0.887289763590949,0.));
#5081=DIRECTION('ref_axis',(0.,0.,-1.));
#5082=DIRECTION('center_axis',(0.4612123973038,0.887289763590949,0.));
#5083=DIRECTION('ref_axis',(0.887289763590949,-0.4612123973038,0.));
#5084=DIRECTION('center_axis',(0.4612123973038,0.887289763590949,0.));
#5085=DIRECTION('ref_axis',(0.887289763590949,-0.4612123973038,0.));
#5086=DIRECTION('center_axis',(-0.499999999999999,-0.866025403784439,0.));
#5087=DIRECTION('ref_axis',(-0.866025403784439,0.499999999999999,0.));
#5088=DIRECTION('',(0.866025403784439,-0.499999999999999,0.));
#5089=DIRECTION('',(0.,0.,-1.));
#5090=DIRECTION('',(-0.866025403784439,0.499999999999999,0.));
#5091=DIRECTION('',(0.,0.,-1.));
#5092=DIRECTION('center_axis',(0.500000000000001,-0.866025403784438,0.));
#5093=DIRECTION('ref_axis',(-0.866025403784438,-0.500000000000001,0.));
#5094=DIRECTION('',(0.866025403784438,0.500000000000001,0.));
#5095=DIRECTION('',(-0.866025403784438,-0.500000000000001,0.));
#5096=DIRECTION('',(0.,0.,-1.));
#5097=DIRECTION('center_axis',(1.,1.44222201478767E-15,0.));
#5098=DIRECTION('ref_axis',(1.44222201478767E-15,-1.,0.));
#5099=DIRECTION('',(-1.44222201478767E-15,1.,0.));
#5100=DIRECTION('',(1.44222201478767E-15,-1.,0.));
#5101=DIRECTION('',(0.,0.,-1.));
#5102=DIRECTION('center_axis',(0.499999999999999,0.866025403784439,0.));
#5103=DIRECTION('ref_axis',(0.866025403784439,-0.499999999999999,0.));
#5104=DIRECTION('',(-0.866025403784439,0.499999999999999,0.));
#5105=DIRECTION('',(0.866025403784439,-0.499999999999999,0.));
#5106=DIRECTION('',(0.,0.,-1.));
#5107=DIRECTION('center_axis',(-0.500000000000001,0.866025403784438,0.));
#5108=DIRECTION('ref_axis',(0.866025403784438,0.500000000000001,0.));
#5109=DIRECTION('',(-0.866025403784438,-0.500000000000001,0.));
#5110=DIRECTION('',(0.866025403784438,0.500000000000001,0.));
#5111=DIRECTION('',(0.,0.,-1.));
#5112=DIRECTION('center_axis',(-1.,-1.44222201478767E-15,0.));
#5113=DIRECTION('ref_axis',(-1.44222201478767E-15,1.,0.));
#5114=DIRECTION('',(1.44222201478767E-15,-1.,0.));
#5115=DIRECTION('',(-1.44222201478767E-15,1.,0.));
#5116=DIRECTION('center_axis',(0.,0.,-1.));
#5117=DIRECTION('ref_axis',(1.,0.,0.));
#5118=DIRECTION('center_axis',(0.,0.,-1.));
#5119=DIRECTION('ref_axis',(1.,0.,0.));
#5120=DIRECTION('center_axis',(0.,0.,1.));
#5121=DIRECTION('ref_axis',(1.,0.,0.));
#5122=DIRECTION('center_axis',(0.,0.,1.));
#5123=DIRECTION('ref_axis',(1.,0.,0.));
#5124=DIRECTION('',(0.,0.,1.));
#5125=DIRECTION('center_axis',(0.,0.,1.));
#5126=DIRECTION('ref_axis',(1.,0.,0.));
#5127=DIRECTION('center_axis',(0.,0.,-1.));
#5128=DIRECTION('ref_axis',(-1.,0.,0.));
#5129=DIRECTION('center_axis',(0.,0.,-1.));
#5130=DIRECTION('ref_axis',(1.,0.,0.));
#5131=DIRECTION('center_axis',(0.,0.,1.));
#5132=DIRECTION('ref_axis',(1.,0.,0.));
#5133=DIRECTION('center_axis',(0.,0.,1.));
#5134=DIRECTION('ref_axis',(1.,0.,0.));
#5135=DIRECTION('',(0.,0.,1.));
#5136=DIRECTION('center_axis',(0.,0.,1.));
#5137=DIRECTION('ref_axis',(1.,0.,0.));
#5138=DIRECTION('center_axis',(0.,0.,-1.));
#5139=DIRECTION('ref_axis',(-1.,0.,0.));
#5140=DIRECTION('center_axis',(0.,0.,-1.));
#5141=DIRECTION('ref_axis',(1.,0.,0.));
#5142=DIRECTION('center_axis',(0.360451173263893,-0.932778082768181,3.99088774314624E-14));
#5143=DIRECTION('ref_axis',(-0.932778082768181,-0.360451173263893,0.));
#5144=DIRECTION('center_axis',(0.,0.,-1.));
#5145=DIRECTION('ref_axis',(0.695237065745701,-0.71878051059646,0.));
#5146=DIRECTION('center_axis',(0.,0.,1.));
#5147=DIRECTION('ref_axis',(1.,0.,0.));
#5148=DIRECTION('center_axis',(-0.920261325587685,0.391304347826083,-1.30330528977735E-15));
#5149=DIRECTION('ref_axis',(0.391304347826083,0.920261325587685,0.));
#5150=DIRECTION('center_axis',(0.,0.,1.));
#5151=DIRECTION('ref_axis',(0.695938032325903,-0.718101841776186,0.));
#5152=DIRECTION('center_axis',(-0.998744050299554,0.0501031135883016,0.));
#5153=DIRECTION('ref_axis',(0.,0.,1.));
#5154=DIRECTION('center_axis',(-0.920261325586282,-0.391304347829384,1.99434924968366E-11));
#5155=DIRECTION('ref_axis',(-0.391304347829384,0.920261325586282,0.));
#5156=DIRECTION('center_axis',(0.,0.,-1.));
#5157=DIRECTION('ref_axis',(-1.,0.,0.));
#5158=DIRECTION('center_axis',(0.,0.,1.));
#5159=DIRECTION('ref_axis',(1.,0.,0.));
#5160=DIRECTION('center_axis',(0.360451173263867,0.932778082768191,2.26053225155134E-15));
#5161=DIRECTION('ref_axis',(0.932778082768191,-0.360451173263867,0.));
#5162=DIRECTION('center_axis',(0.,0.,1.));
#5163=DIRECTION('ref_axis',(-0.695938032325905,-0.718101841776184,0.));
#5164=DIRECTION('center_axis',(5.32907051820075E-15,1.,0.));
#5165=DIRECTION('ref_axis',(0.707106781186548,-3.66354907026213E-15,0.707106781186548));
#5166=DIRECTION('',(-5.32907051820075E-15,-1.,0.));
#5167=DIRECTION('center_axis',(-1.48571567315895E-15,-1.,0.));
#5168=DIRECTION('ref_axis',(1.,-1.48571567315895E-15,0.));
#5169=DIRECTION('',(5.32907051820075E-15,1.,0.));
#5170=DIRECTION('center_axis',(0.,0.,-1.));
#5171=DIRECTION('ref_axis',(1.,0.,0.));
#5172=DIRECTION('center_axis',(0.,0.,1.));
#5173=DIRECTION('ref_axis',(0.682142301632424,-0.731219447446264,0.));
#5174=DIRECTION('center_axis',(0.,0.,-1.));
#5175=DIRECTION('ref_axis',(0.707106781186546,-0.707106781186549,0.));
#5176=DIRECTION('center_axis',(0.500028964792061,-0.866008680308102,0.));
#5177=DIRECTION('ref_axis',(-0.866008680308102,-0.500028964792061,0.));
#5178=DIRECTION('',(0.,0.,-1.));
#5179=DIRECTION('',(0.866008680308102,0.500028964792061,0.));
#5180=DIRECTION('',(0.,0.,-1.));
#5181=DIRECTION('center_axis',(0.499987867164048,0.866032408567224,0.));
#5182=DIRECTION('ref_axis',(0.866032408567224,-0.499987867164048,0.));
#5183=DIRECTION('',(0.,0.,-1.));
#5184=DIRECTION('',(-0.866032408567224,0.499987867164048,0.));
#5185=DIRECTION('center_axis',(0.,0.,-1.));
#5186=DIRECTION('ref_axis',(1.,0.,0.));
#5187=DIRECTION('center_axis',(0.,0.,-1.));
#5188=DIRECTION('ref_axis',(0.642189253000559,0.766546126029337,0.));
#5189=DIRECTION('center_axis',(0.,0.,-1.));
#5190=DIRECTION('ref_axis',(-0.642184677481513,0.766549959238121,0.));
#5191=DIRECTION('',(0.,0.,-1.));
#5192=DIRECTION('center_axis',(0.,0.,-1.));
#5193=DIRECTION('ref_axis',(1.,0.,0.));
#5194=DIRECTION('center_axis',(0.399257822142539,-0.916838694350319,0.));
#5195=DIRECTION('ref_axis',(0.,0.,-1.));
#5196=DIRECTION('center_axis',(0.,0.,-1.));
#5197=DIRECTION('ref_axis',(-1.,0.,0.));
#5198=DIRECTION('center_axis',(0.,0.,1.));
#5199=DIRECTION('ref_axis',(-0.682146666263221,-0.731215375731373,0.));
#5200=DIRECTION('center_axis',(0.,0.,-1.));
#5201=DIRECTION('ref_axis',(-0.682146666263221,-0.731215375731373,0.));
#5202=DIRECTION('center_axis',(1.,0.,0.));
#5203=DIRECTION('ref_axis',(0.,0.,1.));
#5204=DIRECTION('center_axis',(1.40045209391874E-15,-1.,0.));
#5205=DIRECTION('ref_axis',(0.,0.,1.));
#5206=DIRECTION('center_axis',(0.,0.,1.));
#5207=DIRECTION('ref_axis',(-0.707106781186547,-0.707106781186548,0.));
#5208=DIRECTION('center_axis',(0.,0.,-1.));
#5209=DIRECTION('ref_axis',(-0.707106781186547,-0.707106781186548,0.));
#5210=DIRECTION('center_axis',(-5.32907051820075E-15,1.,0.));
#5211=DIRECTION('ref_axis',(-0.707106781186548,-3.72896958937398E-15,0.707106781186548));
#5212=DIRECTION('',(5.32907051820075E-15,-1.,0.));
#5213=DIRECTION('',(-5.32907051820075E-15,1.,0.));
#5214=DIRECTION('center_axis',(-1.,0.,0.));
#5215=DIRECTION('ref_axis',(0.,-1.,0.));
#5216=DIRECTION('center_axis',(0.,0.,1.));
#5217=DIRECTION('ref_axis',(0.707106781186546,-0.707106781186549,0.));
#5218=DIRECTION('center_axis',(0.,0.,-1.));
#5219=DIRECTION('ref_axis',(0.999410887886905,0.0343202152252659,0.));
#5220=DIRECTION('center_axis',(0.,0.,-1.));
#5221=DIRECTION('ref_axis',(0.682142301632424,-0.731219447446264,0.));
#5222=DIRECTION('center_axis',(-0.499999999999996,0.866025403784441,0.));
#5223=DIRECTION('ref_axis',(0.866025403784441,0.499999999999996,0.));
#5224=DIRECTION('',(0.,0.,-1.));
#5225=DIRECTION('',(-0.866025403784441,-0.499999999999996,0.));
#5226=DIRECTION('center_axis',(-0.500038363577031,-0.866003253429919,0.));
#5227=DIRECTION('ref_axis',(-0.866003253429919,0.500038363577031,0.));
#5228=DIRECTION('',(0.,0.,-1.));
#5229=DIRECTION('',(-0.866003253429919,0.500038363577031,0.));
#5230=DIRECTION('center_axis',(-0.499999999999993,-0.866025403784443,0.));
#5231=DIRECTION('ref_axis',(-0.866025403784443,0.499999999999993,0.));
#5232=DIRECTION('',(0.,0.,-1.));
#5233=DIRECTION('',(0.866025403784443,-0.499999999999993,0.));
#5234=DIRECTION('center_axis',(0.,0.,-1.));
#5235=DIRECTION('ref_axis',(0.99759226175113,-0.0693518514119475,0.));
#5236=DIRECTION('center_axis',(0.,0.,-1.));
#5237=DIRECTION('ref_axis',(0.99759226175113,-0.0693518514119475,0.));
#5238=DIRECTION('center_axis',(0.,0.,-1.));
#5239=DIRECTION('ref_axis',(1.,0.,0.));
#5240=DIRECTION('center_axis',(0.,0.,1.));
#5241=DIRECTION('ref_axis',(1.,0.,0.));
#5242=DIRECTION('center_axis',(0.,0.,-1.));
#5243=DIRECTION('ref_axis',(1.,0.,0.));
#5244=DIRECTION('center_axis',(0.,0.,-1.));
#5245=DIRECTION('ref_axis',(1.,0.,0.));
#5246=DIRECTION('center_axis',(0.,0.,1.));
#5247=DIRECTION('ref_axis',(1.,0.,0.));
#5248=DIRECTION('center_axis',(0.,0.,-1.));
#5249=DIRECTION('ref_axis',(1.,0.,0.));
#5250=DIRECTION('center_axis',(0.,0.,-1.));
#5251=DIRECTION('ref_axis',(1.,0.,0.));
#5252=DIRECTION('center_axis',(0.,0.,-1.));
#5253=DIRECTION('ref_axis',(1.,0.,0.));
#5254=DIRECTION('',(0.,0.,1.));
#5255=DIRECTION('center_axis',(0.,0.,-1.));
#5256=DIRECTION('ref_axis',(1.,0.,0.));
#5257=DIRECTION('',(0.,0.,1.));
#5258=DIRECTION('center_axis',(1.,-5.32907051820075E-15,0.));
#5259=DIRECTION('ref_axis',(-5.32907051820075E-15,-1.,0.));
#5260=DIRECTION('',(0.,0.,-1.));
#5261=DIRECTION('',(-5.32907051820075E-15,-1.,0.));
#5262=DIRECTION('',(0.,0.,-1.));
#5263=DIRECTION('center_axis',(0.,0.,-1.));
#5264=DIRECTION('ref_axis',(1.,0.,0.));
#5265=DIRECTION('center_axis',(0.,0.,-1.));
#5266=DIRECTION('ref_axis',(1.,0.,0.));
#5267=DIRECTION('',(0.,0.,-1.));
#5268=DIRECTION('',(0.,0.,-1.));
#5269=DIRECTION('',(0.,0.,-1.));
#5270=DIRECTION('center_axis',(0.,0.,-1.));
#5271=DIRECTION('ref_axis',(-0.695237065745701,0.71878051059646,0.));
#5272=DIRECTION('center_axis',(0.,0.,-1.));
#5273=DIRECTION('ref_axis',(1.,0.,0.));
#5274=DIRECTION('',(0.,0.,-1.));
#5275=DIRECTION('center_axis',(-1.,-5.32907051820075E-15,0.));
#5276=DIRECTION('ref_axis',(-5.32907051820075E-15,1.,0.));
#5277=DIRECTION('',(-5.32907051820075E-15,1.,0.));
#5278=DIRECTION('',(0.,0.,-1.));
#5279=DIRECTION('center_axis',(0.,0.,-1.));
#5280=DIRECTION('ref_axis',(3.38353683695286E-15,-1.,0.));
#5281=DIRECTION('center_axis',(0.,0.,-1.));
#5282=DIRECTION('ref_axis',(3.38353683695286E-15,-1.,0.));
#5283=DIRECTION('',(0.,0.,-1.));
#5284=DIRECTION('',(0.,0.,-1.));
#5285=DIRECTION('',(0.,0.,-1.));
#5286=DIRECTION('center_axis',(0.,0.,-1.));
#5287=DIRECTION('ref_axis',(1.,-1.44222201478767E-15,0.));
#5288=DIRECTION('center_axis',(0.,0.,-1.));
#5289=DIRECTION('ref_axis',(1.,-1.44222201478767E-15,0.));
#5290=DIRECTION('center_axis',(0.,0.,-1.));
#5291=DIRECTION('ref_axis',(1.,0.,0.));
#5292=DIRECTION('center_axis',(0.,0.,-1.));
#5293=DIRECTION('ref_axis',(1.,0.,0.));
#5294=DIRECTION('',(0.,0.,1.));
#5295=DIRECTION('center_axis',(0.,0.,1.));
#5296=DIRECTION('ref_axis',(1.,0.,0.));
#5297=DIRECTION('center_axis',(0.,0.,-1.));
#5298=DIRECTION('ref_axis',(1.,0.,0.));
#5299=DIRECTION('axis',(0.,0.,1.));
#5300=DIRECTION('refdir',(1.,0.,0.));
#5301=DIRECTION('center_axis',(0.,0.,-1.));
#5302=DIRECTION('ref_axis',(-1.,0.,0.));
#5303=DIRECTION('center_axis',(0.,0.,1.));
#5304=DIRECTION('ref_axis',(-1.83697019872103E-16,-1.,0.));
#5305=DIRECTION('center_axis',(0.,0.,1.));
#5306=DIRECTION('ref_axis',(-1.83697019872103E-16,-1.,0.));
#5307=DIRECTION('center_axis',(-1.22464679914735E-16,-1.,0.));
#5308=DIRECTION('ref_axis',(1.,-1.22464679914735E-16,0.));
#5309=DIRECTION('center_axis',(0.,0.,-1.));
#5310=DIRECTION('ref_axis',(-1.83697019872103E-16,-1.,0.));
#5311=DIRECTION('center_axis',(0.,0.,-1.));
#5312=DIRECTION('ref_axis',(1.,0.,0.));
#5313=DIRECTION('center_axis',(0.,0.,-1.));
#5314=DIRECTION('ref_axis',(1.,0.,0.));
#5315=DIRECTION('',(0.,0.,1.));
#5316=DIRECTION('center_axis',(0.,0.,1.));
#5317=DIRECTION('ref_axis',(-0.825471896962774,-0.564443218866769,0.));
#5318=DIRECTION('',(0.,0.,1.));
#5319=DIRECTION('center_axis',(0.,0.,1.));
#5320=DIRECTION('ref_axis',(-0.564443218866769,0.825471896962774,0.));
#5321=DIRECTION('center_axis',(0.,0.,-1.));
#5322=DIRECTION('ref_axis',(-0.791902245922275,-0.610647879635438,0.));
#5323=DIRECTION('',(0.,0.,1.));
#5324=DIRECTION('center_axis',(0.,0.,-1.));
#5325=DIRECTION('ref_axis',(-0.791902245922275,-0.610647879635438,0.));
#5326=DIRECTION('center_axis',(0.,0.,-1.));
#5327=DIRECTION('ref_axis',(0.610647879635438,-0.791902245922275,0.));
#5328=DIRECTION('center_axis',(0.,0.,1.));
#5329=DIRECTION('ref_axis',(-0.825471896962774,-0.564443218866769,0.));
#5330=DIRECTION('center_axis',(0.,0.,-1.));
#5331=DIRECTION('ref_axis',(1.,0.,0.));
#5332=DIRECTION('center_axis',(0.,0.,-1.));
#5333=DIRECTION('ref_axis',(0.791902245922275,0.610647879635438,0.));
#5334=DIRECTION('center_axis',(0.,0.,1.));
#5335=DIRECTION('ref_axis',(0.564443218866769,-0.825471896962774,0.));
#5336=DIRECTION('center_axis',(0.,0.,-1.));
#5337=DIRECTION('ref_axis',(-0.610647879635438,0.791902245922275,0.));
#5338=DIRECTION('center_axis',(0.,0.,1.));
#5339=DIRECTION('ref_axis',(0.825471896962774,0.564443218866769,0.));
#5340=DIRECTION('center_axis',(0.,0.,-1.));
#5341=DIRECTION('ref_axis',(1.,0.,0.));
#5342=DIRECTION('center_axis',(0.,0.,1.));
#5343=DIRECTION('ref_axis',(1.,-1.27611841910938E-16,0.));
#5344=DIRECTION('center_axis',(0.,0.,-1.));
#5345=DIRECTION('ref_axis',(-1.,0.,0.));
#5346=DIRECTION('center_axis',(0.,0.,1.));
#5347=DIRECTION('ref_axis',(-0.791902245922275,-0.610647879635438,0.));
#5348=DIRECTION('',(1.,0.,0.));
#5349=DIRECTION('',(0.951056516295154,-0.309016994374947,0.));
#5350=DIRECTION('center_axis',(0.,0.,-1.));
#5351=DIRECTION('ref_axis',(-1.,0.,0.));
#5352=DIRECTION('center_axis',(0.,0.,-1.));
#5353=DIRECTION('ref_axis',(-0.564443218866769,0.825471896962774,0.));
#5354=DIRECTION('center_axis',(0.,0.,-1.));
#5355=DIRECTION('ref_axis',(1.,0.,0.));
#5356=DIRECTION('',(0.951056516295154,-0.309016994374947,0.));
#5357=DIRECTION('center_axis',(0.,0.,1.));
#5358=DIRECTION('ref_axis',(-0.564443218866769,0.825471896962774,0.));
#5359=DIRECTION('',(0.951056516295154,-0.309016994374947,0.));
#5360=DIRECTION('center_axis',(0.,0.,-1.));
#5361=DIRECTION('ref_axis',(-1.,0.,0.));
#5362=DIRECTION('center_axis',(0.,0.,1.));
#5363=DIRECTION('ref_axis',(0.610647879635438,-0.791902245922275,0.));
#5364=DIRECTION('',(6.12323399573677E-17,1.,0.));
#5365=DIRECTION('',(0.309016994374947,0.951056516295154,0.));
#5366=DIRECTION('center_axis',(0.,0.,-1.));
#5367=DIRECTION('ref_axis',(-1.,0.,0.));
#5368=DIRECTION('center_axis',(0.,0.,-1.));
#5369=DIRECTION('ref_axis',(-0.825471896962774,-0.564443218866769,0.));
#5370=DIRECTION('center_axis',(0.,0.,-1.));
#5371=DIRECTION('ref_axis',(1.,0.,0.));
#5372=DIRECTION('',(0.309016994374947,0.951056516295154,0.));
#5373=DIRECTION('center_axis',(0.,0.,1.));
#5374=DIRECTION('ref_axis',(-0.825471896962774,-0.564443218866769,0.));
#5375=DIRECTION('',(0.309016994374947,0.951056516295154,0.));
#5376=DIRECTION('center_axis',(0.,0.,-1.));
#5377=DIRECTION('ref_axis',(0.736741137876403,0.676174900274021,0.));
#5378=DIRECTION('center_axis',(0.,0.,1.));
#5379=DIRECTION('ref_axis',(0.791902245922275,0.610647879635438,0.));
#5380=DIRECTION('',(-1.,1.22464679914735E-16,0.));
#5381=DIRECTION('',(-0.951056516295154,0.309016994374948,0.));
#5382=DIRECTION('center_axis',(0.,0.,-1.));
#5383=DIRECTION('ref_axis',(-1.,0.,0.));
#5384=DIRECTION('center_axis',(0.,0.,-1.));
#5385=DIRECTION('ref_axis',(0.564443218866769,-0.825471896962774,0.));
#5386=DIRECTION('center_axis',(0.,0.,-1.));
#5387=DIRECTION('ref_axis',(1.,0.,0.));
#5388=DIRECTION('',(-0.951056516295154,0.309016994374948,0.));
#5389=DIRECTION('center_axis',(0.,0.,1.));
#5390=DIRECTION('ref_axis',(0.564443218866769,-0.825471896962774,0.));
#5391=DIRECTION('',(-0.951056516295154,0.309016994374948,0.));
#5392=DIRECTION('center_axis',(0.,0.,-1.));
#5393=DIRECTION('ref_axis',(-1.,0.,0.));
#5394=DIRECTION('center_axis',(0.,0.,1.));
#5395=DIRECTION('ref_axis',(-0.610647879635438,0.791902245922275,0.));
#5396=DIRECTION('',(-1.83697019872103E-16,-1.,0.));
#5397=DIRECTION('center_axis',(0.,0.,-1.));
#5398=DIRECTION('ref_axis',(0.870746077119647,0.491732924645835,0.));
#5399=DIRECTION('center_axis',(0.,0.,-1.));
#5400=DIRECTION('ref_axis',(0.825471896962774,0.564443218866769,0.));
#5401=DIRECTION('',(-0.309016994374947,-0.951056516295154,0.));
#5402=DIRECTION('center_axis',(0.,0.,-1.));
#5403=DIRECTION('ref_axis',(1.,0.,0.));
#5404=DIRECTION('',(-1.83697019872103E-16,-1.,0.));
#5405=DIRECTION('center_axis',(0.,0.,-1.));
#5406=DIRECTION('ref_axis',(-0.610647879635438,0.791902245922275,0.));
#5407=DIRECTION('',(-1.83697019872103E-16,-1.,0.));
#5408=DIRECTION('center_axis',(0.,0.,-1.));
#5409=DIRECTION('ref_axis',(-1.,0.,0.));
#5410=DIRECTION('center_axis',(0.,0.,1.));
#5411=DIRECTION('ref_axis',(1.,0.,0.));
#5412=DIRECTION('center_axis',(-1.22464679914735E-16,-1.,0.));
#5413=DIRECTION('ref_axis',(1.,-1.22464679914735E-16,0.));
#5414=DIRECTION('center_axis',(0.,0.,-1.));
#5415=DIRECTION('ref_axis',(1.,0.,0.));
#5416=DIRECTION('center_axis',(0.,0.,-1.));
#5417=DIRECTION('ref_axis',(1.,-1.27611841910938E-16,0.));
#5418=DIRECTION('center_axis',(0.,0.,1.));
#5419=DIRECTION('ref_axis',(1.,0.,0.));
#5420=DIRECTION('center_axis',(0.,0.,-1.));
#5421=DIRECTION('ref_axis',(1.,-1.27611841910938E-16,0.));
#5422=DIRECTION('center_axis',(0.,0.,-1.));
#5423=DIRECTION('ref_axis',(1.,-1.27611841910938E-16,0.));
#5424=DIRECTION('center_axis',(1.22464679914735E-16,-1.,0.));
#5425=DIRECTION('ref_axis',(-1.,-1.22464679914735E-16,0.));
#5426=DIRECTION('center_axis',(0.,0.,-1.));
#5427=DIRECTION('ref_axis',(-6.12323399573677E-17,-1.,0.));
#5428=DIRECTION('center_axis',(0.,0.,1.));
#5429=DIRECTION('ref_axis',(1.,-1.27611841910938E-16,0.));
#5430=DIRECTION('center_axis',(0.,0.,1.));
#5431=DIRECTION('ref_axis',(1.,-1.27611841910938E-16,0.));
#5432=DIRECTION('',(0.,0.,1.));
#5433=DIRECTION('center_axis',(0.,0.,-1.));
#5434=DIRECTION('ref_axis',(-0.564443218866769,0.825471896962774,0.));
#5435=DIRECTION('center_axis',(0.,0.,1.));
#5436=DIRECTION('ref_axis',(-0.791902245922275,-0.610647879635438,0.));
#5437=DIRECTION('',(0.,0.,1.));
#5438=DIRECTION('center_axis',(0.,0.,1.));
#5439=DIRECTION('ref_axis',(-0.610647879635438,0.791902245922275,0.));
#5440=DIRECTION('',(0.,0.,1.));
#5441=DIRECTION('center_axis',(0.,0.,1.));
#5442=DIRECTION('ref_axis',(-0.610647879635438,0.791902245922275,0.));
#5443=DIRECTION('center_axis',(0.,0.,-1.));
#5444=DIRECTION('ref_axis',(0.825471896962774,0.564443218866769,0.));
#5445=DIRECTION('center_axis',(0.,0.,-1.));
#5446=DIRECTION('ref_axis',(-0.564443218866769,0.825471896962774,0.));
#5447=DIRECTION('center_axis',(0.,0.,1.));
#5448=DIRECTION('ref_axis',(0.610647879635438,-0.791902245922275,0.));
#5449=DIRECTION('center_axis',(0.,0.,-1.));
#5450=DIRECTION('ref_axis',(-0.825471896962774,-0.564443218866769,0.));
#5451=DIRECTION('center_axis',(0.,0.,-1.));
#5452=DIRECTION('ref_axis',(0.564443218866769,-0.825471896962774,0.));
#5453=DIRECTION('center_axis',(0.,0.,1.));
#5454=DIRECTION('ref_axis',(0.791902245922275,0.610647879635438,0.));
#5455=DIRECTION('center_axis',(0.,0.,1.));
#5456=DIRECTION('ref_axis',(1.,0.,0.));
#5457=DIRECTION('center_axis',(0.,0.,1.));
#5458=DIRECTION('ref_axis',(0.825471896962774,0.564443218866769,0.));
#5459=DIRECTION('',(-0.309016994374947,-0.951056516295154,0.));
#5460=DIRECTION('center_axis',(0.,0.,1.));
#5461=DIRECTION('ref_axis',(1.,0.,0.));
#5462=DIRECTION('center_axis',(0.,0.,1.));
#5463=DIRECTION('ref_axis',(0.122898795493559,-0.992419208835778,0.));
#5464=DIRECTION('center_axis',(0.,0.,-1.));
#5465=DIRECTION('ref_axis',(-0.791902245922275,-0.610647879635438,0.));
#5466=DIRECTION('',(1.,0.,0.));
#5467=DIRECTION('center_axis',(0.,0.,1.));
#5468=DIRECTION('ref_axis',(1.,0.,0.));
#5469=DIRECTION('center_axis',(0.,0.,1.));
#5470=DIRECTION('ref_axis',(1.,0.,0.));
#5471=DIRECTION('center_axis',(0.,0.,-1.));
#5472=DIRECTION('ref_axis',(0.610647879635438,-0.791902245922275,0.));
#5473=DIRECTION('',(6.12323399573677E-17,1.,0.));
#5474=DIRECTION('center_axis',(0.,0.,1.));
#5475=DIRECTION('ref_axis',(-0.870746077119754,-0.491732924645646,0.));
#5476=DIRECTION('center_axis',(0.,0.,1.));
#5477=DIRECTION('ref_axis',(1.,0.,0.));
#5478=DIRECTION('center_axis',(1.22464679914735E-16,-1.,0.));
#5479=DIRECTION('ref_axis',(-1.,-1.22464679914735E-16,0.));
#5480=DIRECTION('center_axis',(0.,0.,1.));
#5481=DIRECTION('ref_axis',(1.,0.,0.));
#5482=DIRECTION('center_axis',(0.,0.,-1.));
#5483=DIRECTION('ref_axis',(0.791902245922275,0.610647879635438,0.));
#5484=DIRECTION('',(-1.,1.22464679914735E-16,0.));
#5485=DIRECTION('center_axis',(0.,0.,1.));
#5486=DIRECTION('ref_axis',(1.,0.,0.));
#5487=DIRECTION('center_axis',(0.,0.,-1.));
#5488=DIRECTION('ref_axis',(1.,0.,0.));
#5489=DIRECTION('',(-0.309016994374947,-0.951056516295154,0.));
#5490=DIRECTION('center_axis',(0.,0.,-1.));
#5491=DIRECTION('ref_axis',(1.,0.,0.));
#5492=DIRECTION('',(6.12323399573677E-17,1.,0.));
#5493=DIRECTION('center_axis',(0.,0.,-1.));
#5494=DIRECTION('ref_axis',(1.,0.,0.));
#5495=DIRECTION('',(1.,0.,0.));
#5496=DIRECTION('',(-1.,1.22464679914735E-16,0.));
#5497=DIRECTION('center_axis',(0.,0.,-1.));
#5498=DIRECTION('ref_axis',(1.,0.,0.));
#5499=DIRECTION('axis',(0.,0.,1.));
#5500=DIRECTION('refdir',(1.,0.,0.));
#5501=DIRECTION('center_axis',(0.,0.,1.));
#5502=DIRECTION('ref_axis',(-1.,0.,0.));
#5503=DIRECTION('center_axis',(-1.06387651071382E-15,0.,1.));
#5504=DIRECTION('ref_axis',(-1.,0.,-8.3742557291326E-16));
#5505=DIRECTION('',(-0.737844385259701,9.0359876467714E-17,-0.674970860956777));
#5506=DIRECTION('center_axis',(1.06387651071382E-15,0.,-1.));
#5507=DIRECTION('ref_axis',(-1.,0.,0.));
#5508=DIRECTION('center_axis',(1.06387651071382E-15,0.,-1.));
#5509=DIRECTION('ref_axis',(-1.,0.,-1.01506105108586E-15));
#5510=DIRECTION('center_axis',(-1.06387651071382E-15,0.,1.));
#5511=DIRECTION('ref_axis',(1.,0.,1.07057220231712E-15));
#5512=DIRECTION('center_axis',(-1.22464679914735E-16,-1.,-1.30287296353374E-31));
#5513=DIRECTION('ref_axis',(1.,-1.22464679914735E-16,1.11022302462516E-15));
#5514=DIRECTION('center_axis',(1.06387651071382E-15,0.,-1.));
#5515=DIRECTION('ref_axis',(1.,0.,1.06387651071382E-15));
#5516=DIRECTION('center_axis',(-1.06387651071382E-15,0.,1.));
#5517=DIRECTION('ref_axis',(1.,0.,1.06387651071382E-15));
#5518=DIRECTION('',(-0.866025403784439,-0.5,-9.21344084767719E-16));
#5519=DIRECTION('',(-0.866025403784439,0.5,-9.21344084767719E-16));
#5520=DIRECTION('',(6.40987562127855E-16,1.,6.81931611007542E-31));
#5521=DIRECTION('',(0.866025403784439,0.5,9.21344084767719E-16));
#5522=DIRECTION('',(0.866025403784439,-0.5,9.21344084767719E-16));
#5523=DIRECTION('',(0.,-1.,0.));
#5524=DIRECTION('center_axis',(1.06387651071382E-15,0.,-1.));
#5525=DIRECTION('ref_axis',(-1.,0.,-8.3742557291326E-16));
#5526=DIRECTION('center_axis',(1.06387651071382E-15,0.,-1.));
#5527=DIRECTION('ref_axis',(1.,0.,1.06387651071382E-15));
#5528=DIRECTION('',(-1.06387651071382E-15,0.,1.));
#5529=DIRECTION('center_axis',(0.0435778713738291,-0.0754790873051733,-0.996194698091746));
#5530=DIRECTION('ref_axis',(-0.866025403784439,-0.5,0.));
#5531=DIRECTION('',(3.1876232916583E-16,0.997141949694316,-0.0755508581011305));
#5532=DIRECTION('',(-0.866025403784439,-0.5,0.));
#5533=DIRECTION('',(-0.863550259614423,0.498570974847158,-0.0755508581011305));
#5534=DIRECTION('center_axis',(0.0871557427476581,0.,-0.996194698091746));
#5535=DIRECTION('ref_axis',(0.,-1.,0.));
#5536=DIRECTION('',(0.,-1.,0.));
#5537=DIRECTION('',(-0.863550259614423,-0.498570974847158,-0.0755508581011305));
#5538=DIRECTION('center_axis',(0.0435778713738291,0.0754790873051733,-0.996194698091746));
#5539=DIRECTION('ref_axis',(0.866025403784439,-0.5,0.));
#5540=DIRECTION('',(0.866025403784439,-0.5,0.));
#5541=DIRECTION('',(-1.59381164582915E-16,-0.997141949694316,-0.0755508581011305));
#5542=DIRECTION('center_axis',(-0.043577871373829,0.0754790873051733,-0.996194698091746));
#5543=DIRECTION('ref_axis',(0.866025403784439,0.5,0.));
#5544=DIRECTION('',(0.866025403784439,0.5,0.));
#5545=DIRECTION('',(0.863550259614423,-0.498570974847159,-0.0755508581011305));
#5546=DIRECTION('center_axis',(-0.0871557427476581,5.58657470692638E-17,
-0.996194698091746));
#5547=DIRECTION('ref_axis',(6.40987562127855E-16,1.,0.));
#5548=DIRECTION('',(6.40987562127855E-16,1.,0.));
#5549=DIRECTION('',(0.863550259614423,0.498570974847158,-0.0755508581011305));
#5550=DIRECTION('center_axis',(-0.0435778713738291,-0.0754790873051733,
-0.996194698091746));
#5551=DIRECTION('ref_axis',(-0.866025403784439,0.5,0.));
#5552=DIRECTION('',(-0.866025403784439,0.5,0.));
#5553=DIRECTION('center_axis',(0.5,-0.866025403784439,0.));
#5554=DIRECTION('ref_axis',(-0.866025403784439,-0.5,0.));
#5555=DIRECTION('',(0.,0.,-1.));
#5556=DIRECTION('',(0.,0.,-1.));
#5557=DIRECTION('center_axis',(1.,0.,0.));
#5558=DIRECTION('ref_axis',(0.,-1.,0.));
#5559=DIRECTION('',(0.,0.,-1.));
#5560=DIRECTION('center_axis',(0.5,0.866025403784439,0.));
#5561=DIRECTION('ref_axis',(0.866025403784439,-0.5,0.));
#5562=DIRECTION('',(0.,0.,-1.));
#5563=DIRECTION('center_axis',(-0.5,0.866025403784439,0.));
#5564=DIRECTION('ref_axis',(0.866025403784439,0.5,0.));
#5565=DIRECTION('',(0.,0.,-1.));
#5566=DIRECTION('center_axis',(-1.,6.40987562127855E-16,0.));
#5567=DIRECTION('ref_axis',(6.40987562127855E-16,1.,0.));
#5568=DIRECTION('',(0.,0.,-1.));
#5569=DIRECTION('center_axis',(-0.5,-0.866025403784439,0.));
#5570=DIRECTION('ref_axis',(-0.866025403784439,0.5,0.));
#5571=DIRECTION('center_axis',(1.06387651071382E-15,0.,-1.));
#5572=DIRECTION('ref_axis',(-1.,0.,-8.3742557291326E-16));
#5573=DIRECTION('',(-1.06387651071382E-15,0.,1.));
#5574=DIRECTION('center_axis',(-1.06387651071382E-15,0.,1.));
#5575=DIRECTION('ref_axis',(-1.,0.,-8.3742557291326E-16));
#5576=DIRECTION('center_axis',(1.06387651071382E-15,0.,-1.));
#5577=DIRECTION('ref_axis',(-1.,0.,-1.06387651071382E-15));
#5578=DIRECTION('center_axis',(1.06387651071382E-15,0.,-1.));
#5579=DIRECTION('ref_axis',(-1.,0.,-1.06387651071382E-15));
#5580=DIRECTION('',(0.,0.,1.));
#5581=DIRECTION('',(-1.83697019872103E-16,-1.,0.));
#5582=DIRECTION('',(0.,0.,1.));
#5583=DIRECTION('',(6.12323399573677E-17,1.,0.));
#5584=DIRECTION('',(0.,0.,1.));
#5585=DIRECTION('',(1.,0.,0.));
#5586=DIRECTION('',(0.,0.,1.));
#5587=DIRECTION('',(1.,0.,0.));
#5588=DIRECTION('',(0.,0.,1.));
#5589=DIRECTION('',(-1.83697019872103E-16,-1.,0.));
#5590=CARTESIAN_POINT('',(0.,0.,0.));
#5591=CARTESIAN_POINT('',(0.,0.,0.));
#5592=CARTESIAN_POINT('Origin',(-4.24264068711929,-4.24264068711929,2.));
#5593=CARTESIAN_POINT('',(-5.79264068711929,-4.24264068711929,2.));
#5594=CARTESIAN_POINT('Origin',(-4.24264068711929,-4.24264068711929,2.));
#5595=CARTESIAN_POINT('',(-5.79264068711929,-4.24264068711929,-1.4));
#5596=CARTESIAN_POINT('',(-5.79264068711929,-4.24264068711929,2.));
#5597=CARTESIAN_POINT('Origin',(-4.24264068711929,-4.24264068711929,-1.4));
#5598=CARTESIAN_POINT('Origin',(5.55111512312578E-16,0.,-1.4));
#5599=CARTESIAN_POINT('Origin',(4.24264068711928,-4.24264068711929,2.));
#5600=CARTESIAN_POINT('',(2.69264068711928,-4.24264068711929,2.));
#5601=CARTESIAN_POINT('Origin',(4.24264068711928,-4.24264068711929,2.));
#5602=CARTESIAN_POINT('',(2.69264068711928,-4.24264068711929,-1.4));
#5603=CARTESIAN_POINT('',(2.69264068711928,-4.24264068711929,2.));
#5604=CARTESIAN_POINT('Origin',(4.24264068711928,-4.24264068711929,-1.4));
#5605=CARTESIAN_POINT('Origin',(5.55111512312578E-16,0.,-1.4));
#5606=CARTESIAN_POINT('Origin',(-4.24264068711928,4.24264068711929,2.));
#5607=CARTESIAN_POINT('',(-5.79264068711928,4.24264068711929,2.));
#5608=CARTESIAN_POINT('Origin',(-4.24264068711928,4.24264068711929,2.));
#5609=CARTESIAN_POINT('',(-5.79264068711928,4.24264068711929,-1.4));
#5610=CARTESIAN_POINT('',(-5.79264068711928,4.24264068711929,2.));
#5611=CARTESIAN_POINT('Origin',(-4.24264068711928,4.24264068711929,-1.4));
#5612=CARTESIAN_POINT('Origin',(5.55111512312578E-16,0.,-1.4));
#5613=CARTESIAN_POINT('Origin',(4.24264068711929,4.24264068711928,2.));
#5614=CARTESIAN_POINT('',(2.69264068711929,4.24264068711928,2.));
#5615=CARTESIAN_POINT('Origin',(4.24264068711929,4.24264068711928,2.));
#5616=CARTESIAN_POINT('',(2.69264068711929,4.24264068711928,-1.4));
#5617=CARTESIAN_POINT('',(2.69264068711929,4.24264068711928,2.));
#5618=CARTESIAN_POINT('Origin',(4.24264068711929,4.24264068711928,-1.4));
#5619=CARTESIAN_POINT('Origin',(5.55111512312578E-16,0.,-1.4));
#5620=CARTESIAN_POINT('Origin',(5.55111512312578E-16,5.55111512312578E-16,
-2.));
#5621=CARTESIAN_POINT('',(-2.47487373415292,-2.47487373415292,-2.));
#5622=CARTESIAN_POINT('Origin',(0.,0.,-2.));
#5623=CARTESIAN_POINT('',(-1.48492424049175,-1.48492424049175,-2.));
#5624=CARTESIAN_POINT('Origin',(0.,0.,-2.));
#5625=CARTESIAN_POINT('Origin',(0.,0.,0.));
#5626=CARTESIAN_POINT('',(-1.48492424049175,-1.48492424049175,-12.));
#5627=CARTESIAN_POINT('Origin',(0.,0.,-12.));
#5628=CARTESIAN_POINT('',(-1.48492424049175,-1.48492424049175,0.));
#5629=CARTESIAN_POINT('Origin',(-0.0866025403784436,-6.85892070049819,0.));
#5630=CARTESIAN_POINT('',(-1.,-8.44097150806707,0.));
#5631=CARTESIAN_POINT('',(-0.0866025403784435,-6.85892070049819,0.));
#5632=CARTESIAN_POINT('',(1.40922266946246,-4.26807543781137,0.));
#5633=CARTESIAN_POINT('',(-1.,-8.44097150806707,-12.));
#5634=CARTESIAN_POINT('',(-1.,-8.44097150806707,0.));
#5635=CARTESIAN_POINT('',(-0.0866025403784434,-6.85892070049819,-12.));
#5636=CARTESIAN_POINT('',(-0.0866025403784436,-6.85892070049819,-12.));
#5637=CARTESIAN_POINT('',(-0.0866025403784435,-6.85892070049819,0.));
#5638=CARTESIAN_POINT('Origin',(3.11769600652707E-16,-6.90892070049819,
0.));
#5639=CARTESIAN_POINT('',(0.0866025403784442,-6.85892070049819,0.));
#5640=CARTESIAN_POINT('Origin',(3.11769600652707E-16,-6.90892070049819,
0.));
#5641=CARTESIAN_POINT('',(0.0866025403784443,-6.85892070049819,-12.));
#5642=CARTESIAN_POINT('Origin',(3.11769600652707E-16,-6.90892070049819,
-12.));
#5643=CARTESIAN_POINT('',(0.0866025403784442,-6.85892070049819,0.));
#5644=CARTESIAN_POINT('Origin',(1.,-8.44097150806707,0.));
#5645=CARTESIAN_POINT('',(1.,-8.44097150806707,0.));
#5646=CARTESIAN_POINT('',(-0.952523939651683,-5.05910084159581,0.));
#5647=CARTESIAN_POINT('',(1.,-8.44097150806707,-12.));
#5648=CARTESIAN_POINT('',(1.,-8.44097150806707,-12.));
#5649=CARTESIAN_POINT('',(1.,-8.44097150806707,0.));
#5650=CARTESIAN_POINT('Origin',(0.,0.,0.));
#5651=CARTESIAN_POINT('',(1.,8.44097150806707,0.));
#5652=CARTESIAN_POINT('Origin',(0.,0.,0.));
#5653=CARTESIAN_POINT('',(1.,8.44097150806707,-12.));
#5654=CARTESIAN_POINT('Origin',(0.,0.,-12.));
#5655=CARTESIAN_POINT('',(1.,8.44097150806707,0.));
#5656=CARTESIAN_POINT('Origin',(0.0866025403784443,6.85892070049819,0.));
#5657=CARTESIAN_POINT('',(0.0866025403784442,6.85892070049819,0.));
#5658=CARTESIAN_POINT('',(-1.40922266946246,4.26807543781137,0.));
#5659=CARTESIAN_POINT('',(0.0866025403784443,6.85892070049819,-12.));
#5660=CARTESIAN_POINT('',(1.,8.44097150806707,-12.));
#5661=CARTESIAN_POINT('',(0.0866025403784442,6.85892070049819,0.));
#5662=CARTESIAN_POINT('Origin',(3.11769600652707E-16,6.90892070049819,0.));
#5663=CARTESIAN_POINT('',(-0.0866025403784436,6.85892070049819,0.));
#5664=CARTESIAN_POINT('Origin',(3.11769600652707E-16,6.90892070049819,0.));
#5665=CARTESIAN_POINT('',(-0.0866025403784434,6.85892070049819,-12.));
#5666=CARTESIAN_POINT('Origin',(3.11769600652707E-16,6.90892070049819,-12.));
#5667=CARTESIAN_POINT('',(-0.0866025403784436,6.85892070049819,0.));
#5668=CARTESIAN_POINT('Origin',(-1.,8.44097150806707,0.));
#5669=CARTESIAN_POINT('',(-1.,8.44097150806707,0.));
#5670=CARTESIAN_POINT('',(0.952523939651684,5.05910084159581,0.));
#5671=CARTESIAN_POINT('',(-1.,8.44097150806707,-12.));
#5672=CARTESIAN_POINT('',(-0.0866025403784436,6.85892070049819,-12.));
#5673=CARTESIAN_POINT('',(-1.,8.44097150806707,0.));
#5674=CARTESIAN_POINT('Origin',(0.,0.,0.));
#5675=CARTESIAN_POINT('Origin',(0.,0.,0.));
#5676=CARTESIAN_POINT('Origin',(0.,0.,-12.));
#5677=CARTESIAN_POINT('Origin',(0.,0.,-12.));
#5678=CARTESIAN_POINT('Origin',(0.,0.,0.));
#5679=CARTESIAN_POINT('',(-2.47487373415292,-2.47487373415292,2.));
#5680=CARTESIAN_POINT('Origin',(0.,0.,2.));
#5681=CARTESIAN_POINT('',(-2.47487373415292,-2.47487373415292,0.));
#5682=CARTESIAN_POINT('Origin',(0.,0.,0.));
#5683=CARTESIAN_POINT('',(-12.934313455158,5.35756805311126,0.));
#5684=CARTESIAN_POINT('',(-12.934313455158,-5.35756805311125,0.));
#5685=CARTESIAN_POINT('Origin',(0.,0.,0.));
#5686=CARTESIAN_POINT('',(-12.934313455158,-5.35756805311125,2.));
#5687=CARTESIAN_POINT('',(-12.934313455158,-5.35756805311125,0.));
#5688=CARTESIAN_POINT('',(-12.934313455158,5.35756805311126,2.));
#5689=CARTESIAN_POINT('Origin',(0.,0.,2.));
#5690=CARTESIAN_POINT('',(-12.934313455158,5.35756805311126,0.));
#5691=CARTESIAN_POINT('Origin',(-13.5526361330206,6.42853434664119,0.));
#5692=CARTESIAN_POINT('',(-13.5526361330206,6.42853434664119,0.));
#5693=CARTESIAN_POINT('',(-12.934313455158,5.35756805311126,0.));
#5694=CARTESIAN_POINT('',(-13.5526361330206,6.42853434664119,2.));
#5695=CARTESIAN_POINT('',(-12.934313455158,5.35756805311126,2.));
#5696=CARTESIAN_POINT('',(-13.5526361330206,6.42853434664119,0.));
#5697=CARTESIAN_POINT('Origin',(0.,0.,0.));
#5698=CARTESIAN_POINT('',(-6.42853434664119,13.5526361330206,0.));
#5699=CARTESIAN_POINT('Origin',(0.,0.,0.));
#5700=CARTESIAN_POINT('',(-6.42853434664119,13.5526361330206,2.));
#5701=CARTESIAN_POINT('Origin',(0.,0.,2.));
#5702=CARTESIAN_POINT('',(-6.42853434664119,13.5526361330206,0.));
#5703=CARTESIAN_POINT('Origin',(-5.35756805311126,12.934313455158,0.));
#5704=CARTESIAN_POINT('',(-5.35756805311125,12.934313455158,0.));
#5705=CARTESIAN_POINT('',(-5.35756805311126,12.934313455158,0.));
#5706=CARTESIAN_POINT('',(-5.35756805311125,12.934313455158,2.));
#5707=CARTESIAN_POINT('',(-5.35756805311126,12.934313455158,2.));
#5708=CARTESIAN_POINT('',(-5.35756805311125,12.934313455158,0.));
#5709=CARTESIAN_POINT('Origin',(0.,0.,0.));
#5710=CARTESIAN_POINT('',(5.35756805311125,12.934313455158,0.));
#5711=CARTESIAN_POINT('Origin',(0.,0.,0.));
#5712=CARTESIAN_POINT('',(5.35756805311125,12.934313455158,2.));
#5713=CARTESIAN_POINT('Origin',(0.,0.,2.));
#5714=CARTESIAN_POINT('',(5.35756805311125,12.934313455158,0.));
#5715=CARTESIAN_POINT('Origin',(6.42853434664119,13.5526361330206,0.));
#5716=CARTESIAN_POINT('',(6.42853434664119,13.5526361330206,0.));
#5717=CARTESIAN_POINT('',(5.35756805311126,12.934313455158,0.));
#5718=CARTESIAN_POINT('',(6.42853434664119,13.5526361330206,2.));
#5719=CARTESIAN_POINT('',(5.35756805311126,12.934313455158,2.));
#5720=CARTESIAN_POINT('',(6.42853434664119,13.5526361330206,0.));
#5721=CARTESIAN_POINT('Origin',(0.,0.,0.));
#5722=CARTESIAN_POINT('',(13.5526361330206,6.4285343466412,0.));
#5723=CARTESIAN_POINT('Origin',(0.,0.,0.));
#5724=CARTESIAN_POINT('',(13.5526361330206,6.4285343466412,2.));
#5725=CARTESIAN_POINT('Origin',(0.,0.,2.));
#5726=CARTESIAN_POINT('',(13.5526361330206,6.4285343466412,0.));
#5727=CARTESIAN_POINT('Origin',(12.934313455158,5.35756805311126,0.));
#5728=CARTESIAN_POINT('',(12.934313455158,5.35756805311125,0.));
#5729=CARTESIAN_POINT('',(12.934313455158,5.35756805311126,0.));
#5730=CARTESIAN_POINT('',(12.934313455158,5.35756805311125,2.));
#5731=CARTESIAN_POINT('',(12.934313455158,5.35756805311126,2.));
#5732=CARTESIAN_POINT('',(12.934313455158,5.35756805311125,0.));
#5733=CARTESIAN_POINT('Origin',(0.,0.,0.));
#5734=CARTESIAN_POINT('',(12.934313455158,-5.35756805311125,0.));
#5735=CARTESIAN_POINT('Origin',(0.,0.,0.));
#5736=CARTESIAN_POINT('',(12.934313455158,-5.35756805311125,2.));
#5737=CARTESIAN_POINT('Origin',(0.,0.,2.));
#5738=CARTESIAN_POINT('',(12.934313455158,-5.35756805311125,0.));
#5739=CARTESIAN_POINT('Origin',(13.5526361330206,-6.42853434664119,0.));
#5740=CARTESIAN_POINT('',(13.5526361330206,-6.42853434664119,0.));
#5741=CARTESIAN_POINT('',(12.934313455158,-5.35756805311126,0.));
#5742=CARTESIAN_POINT('',(13.5526361330206,-6.42853434664119,2.));
#5743=CARTESIAN_POINT('',(12.934313455158,-5.35756805311126,2.));
#5744=CARTESIAN_POINT('',(13.5526361330206,-6.42853434664119,0.));
#5745=CARTESIAN_POINT('Origin',(0.,0.,0.));
#5746=CARTESIAN_POINT('',(6.42853434664119,-13.5526361330206,0.));
#5747=CARTESIAN_POINT('Origin',(0.,0.,0.));
#5748=CARTESIAN_POINT('',(6.42853434664119,-13.5526361330206,2.));
#5749=CARTESIAN_POINT('Origin',(0.,0.,2.));
#5750=CARTESIAN_POINT('',(6.42853434664119,-13.5526361330206,0.));
#5751=CARTESIAN_POINT('Origin',(5.35756805311126,-12.934313455158,0.));
#5752=CARTESIAN_POINT('',(5.35756805311126,-12.934313455158,0.));
#5753=CARTESIAN_POINT('',(5.35756805311126,-12.934313455158,0.));
#5754=CARTESIAN_POINT('',(5.35756805311126,-12.934313455158,2.));
#5755=CARTESIAN_POINT('',(5.35756805311126,-12.934313455158,2.));
#5756=CARTESIAN_POINT('',(5.35756805311126,-12.934313455158,0.));
#5757=CARTESIAN_POINT('Origin',(0.,0.,0.));
#5758=CARTESIAN_POINT('',(-5.35756805311126,-12.934313455158,0.));
#5759=CARTESIAN_POINT('Origin',(0.,0.,0.));
#5760=CARTESIAN_POINT('',(-5.35756805311126,-12.934313455158,2.));
#5761=CARTESIAN_POINT('Origin',(0.,0.,2.));
#5762=CARTESIAN_POINT('',(-5.35756805311126,-12.934313455158,0.));
#5763=CARTESIAN_POINT('Origin',(-6.42853434664119,-13.5526361330206,0.));
#5764=CARTESIAN_POINT('',(-6.42853434664119,-13.5526361330206,0.));
#5765=CARTESIAN_POINT('',(-5.35756805311126,-12.934313455158,0.));
#5766=CARTESIAN_POINT('',(-6.42853434664119,-13.5526361330206,2.));
#5767=CARTESIAN_POINT('',(-5.35756805311126,-12.934313455158,2.));
#5768=CARTESIAN_POINT('',(-6.42853434664119,-13.5526361330206,0.));
#5769=CARTESIAN_POINT('Origin',(0.,0.,0.));
#5770=CARTESIAN_POINT('',(-13.5526361330206,-6.42853434664119,0.));
#5771=CARTESIAN_POINT('Origin',(0.,0.,0.));
#5772=CARTESIAN_POINT('',(-13.5526361330206,-6.42853434664119,2.));
#5773=CARTESIAN_POINT('Origin',(0.,0.,2.));
#5774=CARTESIAN_POINT('',(-13.5526361330206,-6.42853434664119,0.));
#5775=CARTESIAN_POINT('Origin',(-12.934313455158,-5.35756805311126,0.));
#5776=CARTESIAN_POINT('',(-12.934313455158,-5.35756805311126,0.));
#5777=CARTESIAN_POINT('',(-12.934313455158,-5.35756805311126,2.));
#5778=CARTESIAN_POINT('Origin',(0.,0.,2.));
#5779=CARTESIAN_POINT('Origin',(0.,0.,0.));
#5780=CARTESIAN_POINT('',(0.,0.,0.));
#5781=CARTESIAN_POINT('Origin',(0.,0.,-13.));
#5782=CARTESIAN_POINT('',(-14.6285490905626,13.6383852284264,-18.));
#5783=CARTESIAN_POINT('',(-10.9714118160848,10.228788919607,-13.));
#5784=CARTESIAN_POINT('Origin',(-14.6285490881131,13.6383852261427,-13.));
#5785=CARTESIAN_POINT('',(10.9714118243682,10.2287889107222,-13.));
#5786=CARTESIAN_POINT('Origin',(0.,0.,-13.));
#5787=CARTESIAN_POINT('',(14.6285490991576,13.6383852142963,-18.));
#5788=CARTESIAN_POINT('Origin',(14.6285490991576,13.6383852142963,-13.));
#5789=CARTESIAN_POINT('Origin',(0.,0.,-18.));
#5790=CARTESIAN_POINT('Ctrl Pts',(14.6285490991576,13.6383852142963,-18.));
#5791=CARTESIAN_POINT('Ctrl Pts',(15.2841050735726,12.4721867271143,-18.));
#5792=CARTESIAN_POINT('Ctrl Pts',(16.9814233008256,8.81924505985822,-18.0633178441926));
#5793=CARTESIAN_POINT('Ctrl Pts',(18.4437192230303,2.09468224567499,-18.268359223691));
#5794=CARTESIAN_POINT('Ctrl Pts',(17.8511808833922,-6.21893235189251,-18.1678365134066));
#5795=CARTESIAN_POINT('Ctrl Pts',(15.9396610479875,-11.3059882399323,-18.));
#5796=CARTESIAN_POINT('Ctrl Pts',(14.6285490991576,-13.6383852142963,-18.));
#5797=CARTESIAN_POINT('Ctrl Pts',(14.081442642222,13.1283108000574,-18.));
#5798=CARTESIAN_POINT('Ctrl Pts',(14.7224832494939,12.0217965874483,-17.952632838031));
#5799=CARTESIAN_POINT('Ctrl Pts',(16.4153517170414,8.54151967836109,-17.9024788046324));
#5800=CARTESIAN_POINT('Ctrl Pts',(17.9338269614657,2.0388757923999,-18.0439033889269));
#5801=CARTESIAN_POINT('Ctrl Pts',(17.313199440814,-6.04216979552602,-17.9641795848247));
#5802=CARTESIAN_POINT('Ctrl Pts',(15.3635238567657,-10.9152823748393,-17.9052656760621));
#5803=CARTESIAN_POINT('Ctrl Pts',(14.081442642222,-13.1283108000574,-18.));
#5804=CARTESIAN_POINT('Ctrl Pts',(12.9893897961783,12.110175830707,-17.6577881156738));
#5805=CARTESIAN_POINT('Ctrl Pts',(13.6232308828176,11.1308735814496,-17.5440372066429));
#5806=CARTESIAN_POINT('Ctrl Pts',(15.3506269684627,8.00248412186257,-17.3462303942904));
#5807=CARTESIAN_POINT('Ctrl Pts',(16.9879412845791,1.93017201245415,-17.4309096795171));
#5808=CARTESIAN_POINT('Ctrl Pts',(16.3120336336497,-5.69890730531879,-17.3649475025675));
#5809=CARTESIAN_POINT('Ctrl Pts',(14.2570719694566,-10.1515713321925,-17.430286297612));
#5810=CARTESIAN_POINT('Ctrl Pts',(12.9893897961784,-12.110175830707,-17.6577881156738));
#5811=CARTESIAN_POINT('Ctrl Pts',(11.4509958305463,10.6759112722453,-15.9851817238237));
#5812=CARTESIAN_POINT('Ctrl Pts',(12.121403390152,9.87645411425033,-15.8662273619759));
#5813=CARTESIAN_POINT('Ctrl Pts',(13.9748867945927,7.23170854695914,-15.6959097982508));
#5814=CARTESIAN_POINT('Ctrl Pts',(15.7615217567778,1.76690765525066,-15.8971827011371));
#5815=CARTESIAN_POINT('Ctrl Pts',(15.0232888894567,-5.19423069685584,-15.7735877017528));
#5816=CARTESIAN_POINT('Ctrl Pts',(12.7918109497572,-9.0769969562558,-15.747273000128));
#5817=CARTESIAN_POINT('Ctrl Pts',(11.4509958305463,-10.6759112722453,-15.9851817238237));
#5818=CARTESIAN_POINT('Ctrl Pts',(10.9714118243682,10.2287889107222,-14.1219973762821));
#5819=CARTESIAN_POINT('Ctrl Pts',(11.6834707487256,9.4664124553363,-14.0765711169095));
#5820=CARTESIAN_POINT('Ctrl Pts',(13.60741952793,6.92599381522933,-14.1175567862988));
#5821=CARTESIAN_POINT('Ctrl Pts',(15.392056238446,1.68738406957962,-14.5339975048117));
#5822=CARTESIAN_POINT('Ctrl Pts',(14.6595682154291,-4.96581695788612,-14.3207763530529));
#5823=CARTESIAN_POINT('Ctrl Pts',(12.3955296730826,-8.70403599995094,-14.0311448575369));
#5824=CARTESIAN_POINT('Ctrl Pts',(10.9714118243682,-10.2287889107222,-14.1219973762821));
#5825=CARTESIAN_POINT('Ctrl Pts',(10.9714118243682,10.2287889107222,-13.));
#5826=CARTESIAN_POINT('Ctrl Pts',(11.7030809306867,9.44399970892603,-13.));
#5827=CARTESIAN_POINT('Ctrl Pts',(13.6446186058553,6.85715507781432,-13.1688475845137));
#5828=CARTESIAN_POINT('Ctrl Pts',(15.3790069339634,1.6583543159031,-13.7156245965094));
#5829=CARTESIAN_POINT('Ctrl Pts',(14.6733151239863,-4.89362303274978,-13.4475640357511));
#5830=CARTESIAN_POINT('Ctrl Pts',(12.4347500370046,-8.65921050713038,-13.));
#5831=CARTESIAN_POINT('Ctrl Pts',(10.9714118243682,-10.2287889107222,-13.));
#5832=CARTESIAN_POINT('',(10.9714118243682,-10.2287889107222,-13.));
#5833=CARTESIAN_POINT('',(14.6285490991576,-13.6383852142963,-18.));
#5834=CARTESIAN_POINT('Origin',(14.6285490991576,-13.6383852142963,-13.));
#5835=CARTESIAN_POINT('Ctrl Pts',(14.6285490991576,-13.6383852142963,-18.));
#5836=CARTESIAN_POINT('Ctrl Pts',(15.9396610479875,-11.3059882399323,-18.));
#5837=CARTESIAN_POINT('Ctrl Pts',(17.8511808833922,-6.21893235189251,-18.1678365134066));
#5838=CARTESIAN_POINT('Ctrl Pts',(18.4437192230303,2.09468224567499,-18.268359223691));
#5839=CARTESIAN_POINT('Ctrl Pts',(16.9814233008256,8.81924505985822,-18.0633178441926));
#5840=CARTESIAN_POINT('Ctrl Pts',(15.2841050735726,12.4721867271143,-18.));
#5841=CARTESIAN_POINT('Ctrl Pts',(14.6285490991576,13.6383852142963,-18.));
#5842=CARTESIAN_POINT('Ctrl Pts',(10.9714118243682,10.2287889107222,-13.));
#5843=CARTESIAN_POINT('Ctrl Pts',(11.7030809306867,9.44399970892603,-13.));
#5844=CARTESIAN_POINT('Ctrl Pts',(13.6446186058553,6.85715507781432,-13.1688475845137));
#5845=CARTESIAN_POINT('Ctrl Pts',(15.3790069339634,1.6583543159031,-13.7156245965094));
#5846=CARTESIAN_POINT('Ctrl Pts',(14.6733151239863,-4.89362303274978,-13.4475640357511));
#5847=CARTESIAN_POINT('Ctrl Pts',(12.4347500370046,-8.65921050713038,-13.));
#5848=CARTESIAN_POINT('Ctrl Pts',(10.9714118243682,-10.2287889107222,-13.));
#5849=CARTESIAN_POINT('Origin',(0.,0.,-13.));
#5850=CARTESIAN_POINT('',(-10.9714118243682,-10.2287889107222,-13.));
#5851=CARTESIAN_POINT('Origin',(0.,0.,-13.));
#5852=CARTESIAN_POINT('',(-14.6285490991576,-13.6383852142962,-18.));
#5853=CARTESIAN_POINT('Origin',(-14.6285490991576,-13.6383852142962,-13.));
#5854=CARTESIAN_POINT('Origin',(0.,0.,-18.));
#5855=CARTESIAN_POINT('Ctrl Pts',(-14.6285490991576,-13.6383852142962,-18.));
#5856=CARTESIAN_POINT('Ctrl Pts',(-15.9396610517452,-11.3059882332476,-18.));
#5857=CARTESIAN_POINT('Ctrl Pts',(-17.8512048746587,-6.21878122031729,-18.1678398564963));
#5858=CARTESIAN_POINT('Ctrl Pts',(-18.4437244305503,2.09469906943029,-18.2683584029782));
#5859=CARTESIAN_POINT('Ctrl Pts',(-16.981365078634,8.81942064876683,-18.0633139498306));
#5860=CARTESIAN_POINT('Ctrl Pts',(-15.2841050750952,12.4721867244902,-17.9999999999916));
#5861=CARTESIAN_POINT('Ctrl Pts',(-14.6285490987657,13.6383852149935,-18.));
#5862=CARTESIAN_POINT('Ctrl Pts',(-14.081442642222,-13.1283108000574,-18.));
#5863=CARTESIAN_POINT('Ctrl Pts',(-15.3635238604403,-10.9152823684966,-17.9052656757906));
#5864=CARTESIAN_POINT('Ctrl Pts',(-17.3132243671623,-6.04202439147393,-17.9641818671467));
#5865=CARTESIAN_POINT('Ctrl Pts',(-17.9338317434118,2.03889344578408,-18.0439019926745));
#5866=CARTESIAN_POINT('Ctrl Pts',(-16.4152929452286,8.54168780946242,-17.902478424418));
#5867=CARTESIAN_POINT('Ctrl Pts',(-14.7224832509784,12.0217965849605,-17.9526328379114));
#5868=CARTESIAN_POINT('Ctrl Pts',(-14.0814426418387,13.128310800719,-18.0000000000282));
#5869=CARTESIAN_POINT('Ctrl Pts',(-12.9893897961784,-12.110175830707,-17.6577881156738));
#5870=CARTESIAN_POINT('Ctrl Pts',(-14.2570719730901,-10.1515713265787,-17.43028629696));
#5871=CARTESIAN_POINT('Ctrl Pts',(-16.3120605383685,-5.69877323140235,-17.3649488284169));
#5872=CARTESIAN_POINT('Ctrl Pts',(-16.9879455598776,1.93019155886461,-17.4309073631526));
#5873=CARTESIAN_POINT('Ctrl Pts',(-15.3505659581358,8.00263731765481,-17.3462342771361));
#5874=CARTESIAN_POINT('Ctrl Pts',(-13.6232308842784,11.1308735792543,-17.5440372063659));
#5875=CARTESIAN_POINT('Ctrl Pts',(-12.9893897957994,12.1101758312927,-17.6577881157417));
#5876=CARTESIAN_POINT('Ctrl Pts',(-11.4509958305463,-10.6759112722452,-15.9851817238237));
#5877=CARTESIAN_POINT('Ctrl Pts',(-12.7918109536006,-9.07699695167268,-15.7472729994462));
#5878=CARTESIAN_POINT('Ctrl Pts',(-15.0233182821951,-5.19411239165708,-15.7735909308162));
#5879=CARTESIAN_POINT('Ctrl Pts',(-15.7615261216832,1.76692927259162,-15.8971798440594));
#5880=CARTESIAN_POINT('Ctrl Pts',(-13.9748209821406,7.23184121238833,-15.6959116656784));
#5881=CARTESIAN_POINT('Ctrl Pts',(-12.1214033916935,9.87645411247034,-15.8662273616815));
#5882=CARTESIAN_POINT('Ctrl Pts',(-11.4509958301454,10.6759112727232,-15.9851817238948));
#5883=CARTESIAN_POINT('Ctrl Pts',(-10.9714118243682,-10.2287889107222,-14.1219973762821));
#5884=CARTESIAN_POINT('Ctrl Pts',(-12.3955296771648,-8.70403599558029,-14.0311448572765));
#5885=CARTESIAN_POINT('Ctrl Pts',(-14.6595975432097,-4.96570348097979,-14.3207831326902));
#5886=CARTESIAN_POINT('Ctrl Pts',(-15.3920612686011,1.68740452084854,-14.5339950540191));
#5887=CARTESIAN_POINT('Ctrl Pts',(-13.6073520125097,6.92612117067978,-14.1175510338106));
#5888=CARTESIAN_POINT('Ctrl Pts',(-11.6834707503687,9.46641245364166,-14.076571116783));
#5889=CARTESIAN_POINT('Ctrl Pts',(-10.9714118239427,10.2287889111786,-14.121997376309));
#5890=CARTESIAN_POINT('Ctrl Pts',(-10.9714118243682,-10.2287889107222,-13.));
#5891=CARTESIAN_POINT('Ctrl Pts',(-12.4347500411992,-8.65921050263126,-13.));
#5892=CARTESIAN_POINT('Ctrl Pts',(-14.6733436309739,-4.89350946673677,-13.4475729506569));
#5893=CARTESIAN_POINT('Ctrl Pts',(-15.3790124475705,1.65837284938942,-13.7156224079418));
#5894=CARTESIAN_POINT('Ctrl Pts',(-13.6445512735315,6.85728360556571,-13.1688371995482));
#5895=CARTESIAN_POINT('Ctrl Pts',(-11.7030809323795,9.44399970717756,-12.9999999999777));
#5896=CARTESIAN_POINT('Ctrl Pts',(-10.9714118239308,10.2287889111914,-13.));
#5897=CARTESIAN_POINT('Ctrl Pts',(-14.6285490987657,13.6383852149935,-18.));
#5898=CARTESIAN_POINT('Ctrl Pts',(-15.2841050750952,12.4721867244902,-17.9999999999916));
#5899=CARTESIAN_POINT('Ctrl Pts',(-16.981365078634,8.81942064876683,-18.0633139498306));
#5900=CARTESIAN_POINT('Ctrl Pts',(-18.4437244305503,2.09469906943029,-18.2683584029782));
#5901=CARTESIAN_POINT('Ctrl Pts',(-17.8512048746587,-6.21878122031729,-18.1678398564963));
#5902=CARTESIAN_POINT('Ctrl Pts',(-15.9396610517452,-11.3059882332476,-18.));
#5903=CARTESIAN_POINT('Ctrl Pts',(-14.6285490991576,-13.6383852142962,-18.));
#5904=CARTESIAN_POINT('',(-14.9997545292626,-2.32972082082311E-7,-13.5827054003132));
#5905=CARTESIAN_POINT('Ctrl Pts',(-10.9714118243682,-10.2287889107222,-13.));
#5906=CARTESIAN_POINT('Ctrl Pts',(-12.4347500411992,-8.65921050263126,-13.));
#5907=CARTESIAN_POINT('Ctrl Pts',(-14.393391802906,-5.3644367908259,-13.3916008142662));
#5908=CARTESIAN_POINT('Ctrl Pts',(-14.998471880358,-1.60864808586941,-13.5773723241169));
#5909=CARTESIAN_POINT('Ctrl Pts',(-14.9997253622871,-2.60653960304502E-7,
-13.5825751595791));
#5910=CARTESIAN_POINT('Ctrl Pts',(-14.9997253622871,-2.60653960304502E-7,
-13.5825751595791));
#5911=CARTESIAN_POINT('Ctrl Pts',(-15.0001434437332,0.53654182536452,-13.584310492912));
#5912=CARTESIAN_POINT('Ctrl Pts',(-14.8587532050807,3.21780895108199,-13.5516117845959));
#5913=CARTESIAN_POINT('Ctrl Pts',(-13.6445512735315,6.85728360556571,-13.1688371995482));
#5914=CARTESIAN_POINT('Ctrl Pts',(-11.7030809323795,9.44399970717756,-12.9999999999777));
#5915=CARTESIAN_POINT('Ctrl Pts',(-10.9714118239308,10.2287889111914,-13.));
#5916=CARTESIAN_POINT('Ctrl Pts',(4.16333634234434E-15,30.,-21.));
#5917=CARTESIAN_POINT('Ctrl Pts',(-1.07382574101054,30.,-21.));
#5918=CARTESIAN_POINT('Ctrl Pts',(-3.21921077444119,29.7358102800495,-21.));
#5919=CARTESIAN_POINT('Ctrl Pts',(-7.1728895963597,28.2751106899258,-21.));
#5920=CARTESIAN_POINT('Ctrl Pts',(-11.176645395744,25.2379444158604,-21.));
#5921=CARTESIAN_POINT('Ctrl Pts',(-14.6625092248057,20.7427063950679,-21.));
#5922=CARTESIAN_POINT('Ctrl Pts',(-17.9755376535938,14.1606455227749,-21.));
#5923=CARTESIAN_POINT('Ctrl Pts',(-20.1043044343146,5.37426841663502,-21.));
#5924=CARTESIAN_POINT('Ctrl Pts',(-20.1099174250082,-4.17946978775708,-21.));
#5925=CARTESIAN_POINT('Ctrl Pts',(-18.4413252905992,-12.4040504639106,-21.));
#5926=CARTESIAN_POINT('Ctrl Pts',(-15.7097526132987,-19.1710262410059,-21.));
#5927=CARTESIAN_POINT('Ctrl Pts',(-12.0690748615894,-24.3203626549615,-21.));
#5928=CARTESIAN_POINT('Ctrl Pts',(-8.00357580684567,-27.6773616098624,-21.));
#5929=CARTESIAN_POINT('Ctrl Pts',(-4.28984075943645,-29.5195878949287,-21.));
#5930=CARTESIAN_POINT('Ctrl Pts',(-0.0003175600513614,-30.2410450222944,
-21.));
#5931=CARTESIAN_POINT('Ctrl Pts',(4.29106661685378,-29.5209522622624,-21.));
#5932=CARTESIAN_POINT('Ctrl Pts',(8.00294902838378,-27.6772083508189,-21.));
#5933=CARTESIAN_POINT('Ctrl Pts',(12.0716781657774,-24.3216429575048,-21.));
#5934=CARTESIAN_POINT('Ctrl Pts',(17.1544711004536,-17.1033989460581,-21.));
#5935=CARTESIAN_POINT('Ctrl Pts',(19.430149491602,-8.89696483235015,-21.));
#5936=CARTESIAN_POINT('Ctrl Pts',(20.0151803522676,-1.78448884603749,-21.));
#5937=CARTESIAN_POINT('Ctrl Pts',(19.9988887913999,5.34742240384865,-21.));
#5938=CARTESIAN_POINT('Ctrl Pts',(18.5208871068822,13.0596234392818,-21.));
#5939=CARTESIAN_POINT('Ctrl Pts',(14.6646959606853,20.7437353008871,-21.));
#5940=CARTESIAN_POINT('Ctrl Pts',(11.1754806214047,25.2375983064717,-21.));
#5941=CARTESIAN_POINT('Ctrl Pts',(7.17306184034105,28.2753337589743,-21.));
#5942=CARTESIAN_POINT('Ctrl Pts',(3.2190768168834,29.7357628773729,-21.));
#5943=CARTESIAN_POINT('Ctrl Pts',(1.07382574101055,30.,-21.));
#5944=CARTESIAN_POINT('Ctrl Pts',(4.44089209850063E-15,30.,-21.));
#5945=CARTESIAN_POINT('Ctrl Pts',(4.16333634234434E-15,30.,-20.1024020989743));
#5946=CARTESIAN_POINT('Ctrl Pts',(-1.07453350807331,30.,-20.1024020989743));
#5947=CARTESIAN_POINT('Ctrl Pts',(-3.21965960988583,29.7360305470633,-20.1024020989743));
#5948=CARTESIAN_POINT('Ctrl Pts',(-7.17450995184094,28.27488404003,-20.1024020989744));
#5949=CARTESIAN_POINT('Ctrl Pts',(-11.1769696090363,25.2379610537353,-20.1024020989743));
#5950=CARTESIAN_POINT('Ctrl Pts',(-14.6629447138082,20.7425461402591,-20.1024020989744));
#5951=CARTESIAN_POINT('Ctrl Pts',(-17.9757682263148,14.1602690892172,-20.1024020989743));
#5952=CARTESIAN_POINT('Ctrl Pts',(-20.1043224902383,5.37447448443217,-20.1024020989743));
#5953=CARTESIAN_POINT('Ctrl Pts',(-20.1099754067874,-4.17948256596668,-20.1024020989743));
#5954=CARTESIAN_POINT('Ctrl Pts',(-18.4415709269322,-12.4037696412523,-20.1024020989743));
#5955=CARTESIAN_POINT('Ctrl Pts',(-15.7096506273968,-19.1713177675892,-20.1024020989743));
#5956=CARTESIAN_POINT('Ctrl Pts',(-12.0701064097091,-24.3199158058839,-20.1024020989744));
#5957=CARTESIAN_POINT('Ctrl Pts',(-8.00427168716301,-27.6774772092101,-20.1024020989743));
#5958=CARTESIAN_POINT('Ctrl Pts',(-4.29060283000228,-29.5200863406466,-20.1024020989743));
#5959=CARTESIAN_POINT('Ctrl Pts',(-0.000664293798268804,-30.2415881037057,
-20.1024020989743));
#5960=CARTESIAN_POINT('Ctrl Pts',(4.29159624642008,-29.5215128590354,-20.1024020989743));
#5961=CARTESIAN_POINT('Ctrl Pts',(8.00376691982262,-27.6771009436195,-20.1024020989744));
#5962=CARTESIAN_POINT('Ctrl Pts',(12.072485002102,-24.3215639288215,-20.1024020989743));
#5963=CARTESIAN_POINT('Ctrl Pts',(17.1545424638132,-17.1028020092845,-20.1024020989743));
#5964=CARTESIAN_POINT('Ctrl Pts',(19.4303433296328,-8.89733077870688,-20.1024020989744));
#5965=CARTESIAN_POINT('Ctrl Pts',(20.0152023312507,-1.78454955356665,-20.1024020989743));
#5966=CARTESIAN_POINT('Ctrl Pts',(19.9989916327348,5.34774102611827,-20.1024020989744));
#5967=CARTESIAN_POINT('Ctrl Pts',(18.52096022895,13.0593076908121,-20.1024020989743));
#5968=CARTESIAN_POINT('Ctrl Pts',(14.6651340721879,20.7436208721696,-20.1024020989743));
#5969=CARTESIAN_POINT('Ctrl Pts',(11.1757953397695,25.2376101003306,-20.1024020989743));
#5970=CARTESIAN_POINT('Ctrl Pts',(7.17468368660538,28.2751118017791,-20.1024020989744));
#5971=CARTESIAN_POINT('Ctrl Pts',(3.21952474992415,29.7359825230176,-20.1024020989743));
#5972=CARTESIAN_POINT('Ctrl Pts',(1.07453350807331,30.,-20.1024020989743));
#5973=CARTESIAN_POINT('Ctrl Pts',(4.44089209850063E-15,30.,-20.1024020989743));
#5974=CARTESIAN_POINT('Ctrl Pts',(3.98920945664423E-15,29.247170133548,
-18.5480441023869));
#5975=CARTESIAN_POINT('Ctrl Pts',(-1.01305417044062,29.247170133548,-18.5480441023869));
#5976=CARTESIAN_POINT('Ctrl Pts',(-3.0375463179219,28.9980985785223,-18.5480441023869));
#5977=CARTESIAN_POINT('Ctrl Pts',(-6.78858037717734,27.6143846248462,-18.5480441023869));
#5978=CARTESIAN_POINT('Ctrl Pts',(-10.6342278213798,24.7039778417529,-18.5480441023869));
#5979=CARTESIAN_POINT('Ctrl Pts',(-14.0191965532964,20.342845220758,-18.5480441023869));
#5980=CARTESIAN_POINT('Ctrl Pts',(-17.2566810592006,13.9146687028487,-18.5480441023869));
#5981=CARTESIAN_POINT('Ctrl Pts',(-19.3499323765034,5.28655242857047,-18.5480441023869));
#5982=CARTESIAN_POINT('Ctrl Pts',(-19.3550423629263,-4.11138370280043,-18.5480441023869));
#5983=CARTESIAN_POINT('Ctrl Pts',(-17.715237025238,-12.1896972825232,-18.5480441023869));
#5984=CARTESIAN_POINT('Ctrl Pts',(-15.0398187726619,-18.814100773176,-18.5480441023869));
#5985=CARTESIAN_POINT('Ctrl Pts',(-11.4963047479094,-23.817433097142,-18.5480441023869));
#5986=CARTESIAN_POINT('Ctrl Pts',(-7.58569526359381,-27.0432464769399,-18.5480441023869));
#5987=CARTESIAN_POINT('Ctrl Pts',(-4.04813124205486,-28.7948912530789,-18.5480441023869));
#5988=CARTESIAN_POINT('Ctrl Pts',(-0.000194755738350143,-29.4738786643958,
-18.5480441023869));
#5989=CARTESIAN_POINT('Ctrl Pts',(4.04926787974859,-28.7961349220313,-18.5480441023869));
#5990=CARTESIAN_POINT('Ctrl Pts',(7.58509972191619,-27.0430502240963,-18.5480441023869));
#5991=CARTESIAN_POINT('Ctrl Pts',(11.4987710384598,-23.8187789168081,-18.5480441023869));
#5992=CARTESIAN_POINT('Ctrl Pts',(16.4466261176684,-16.8046636626522,-18.5480441023869));
#5993=CARTESIAN_POINT('Ctrl Pts',(18.6880530488324,-8.74658242292833,-18.5480441023869));
#5994=CARTESIAN_POINT('Ctrl Pts',(19.2618394753751,-1.7547286877828,-18.5480441023869));
#5995=CARTESIAN_POINT('Ctrl Pts',(19.2469845776354,5.25791999330547,-18.5480441023869));
#5996=CARTESIAN_POINT('Ctrl Pts',(17.7899985315955,12.8391358670149,-18.5480441023869));
#5997=CARTESIAN_POINT('Ctrl Pts',(14.021214989345,20.3439148965711,-18.5480441023869));
#5998=CARTESIAN_POINT('Ctrl Pts',(10.6331486174054,24.7036044336449,-18.5480441023869));
#5999=CARTESIAN_POINT('Ctrl Pts',(6.78873465008626,27.6146107433361,-18.5480441023869));
#6000=CARTESIAN_POINT('Ctrl Pts',(3.03742231615697,28.9980488318161,-18.5480441023869));
#6001=CARTESIAN_POINT('Ctrl Pts',(1.01305417044062,29.247170133548,-18.5480441023869));
#6002=CARTESIAN_POINT('Ctrl Pts',(4.37124134422058E-15,29.247170133548,
-18.5480441023869));
#6003=CARTESIAN_POINT('Ctrl Pts',(3.62515536704329E-15,27.6731984257692,
-18.));
#6004=CARTESIAN_POINT('Ctrl Pts',(-0.886251477575263,27.6731984257692,-18.));
#6005=CARTESIAN_POINT('Ctrl Pts',(-2.65789475707418,27.4558143477747,-18.));
#6006=CARTESIAN_POINT('Ctrl Pts',(-5.98567313298983,26.232896422752,-18.));
#6007=CARTESIAN_POINT('Ctrl Pts',(-9.50029031648085,23.5875984213751,-18.));
#6008=CARTESIAN_POINT('Ctrl Pts',(-12.6743536789884,19.5067816569334,-18.));
#6009=CARTESIAN_POINT('Ctrl Pts',(-15.7538216711907,13.4002595047296,-18.));
#6010=CARTESIAN_POINT('Ctrl Pts',(-17.772742849341,5.10323528892271,-18.));
#6011=CARTESIAN_POINT('Ctrl Pts',(-17.7768155623075,-3.96903798570187,-18.));
#6012=CARTESIAN_POINT('Ctrl Pts',(-16.1972635162195,-11.7414393292731,-18.));
#6013=CARTESIAN_POINT('Ctrl Pts',(-13.6391243966714,-18.0679673116852,-18.));
#6014=CARTESIAN_POINT('Ctrl Pts',(-10.2991626876859,-22.7657771084494,-18.));
#6015=CARTESIAN_POINT('Ctrl Pts',(-6.71226618515899,-25.7175180703752,-18.));
#6016=CARTESIAN_POINT('Ctrl Pts',(-3.5430538553357,-27.2799183073141,-18.));
#6017=CARTESIAN_POINT('Ctrl Pts',(-6.28671623766124E-5,-27.8701286475184,
-18.));
#6018=CARTESIAN_POINT('Ctrl Pts',(3.54392025272586,-27.2809320087074,-18.));
#6019=CARTESIAN_POINT('Ctrl Pts',(6.71177988928004,-25.7171516210967,-18.));
#6020=CARTESIAN_POINT('Ctrl Pts',(10.3012615966599,-22.7673923643234,-18.));
#6021=CARTESIAN_POINT('Ctrl Pts',(14.9667318159642,-16.1798708150024,-18.));
#6022=CARTESIAN_POINT('Ctrl Pts',(17.1365919456355,-8.43230364779848,-18.));
#6023=CARTESIAN_POINT('Ctrl Pts',(17.6868072924157,-1.69252978846518,-18.));
#6024=CARTESIAN_POINT('Ctrl Pts',(17.6749852036997,5.07090844060097,-18.));
#6025=CARTESIAN_POINT('Ctrl Pts',(16.2619266967373,12.3780399185663,-18.));
#6026=CARTESIAN_POINT('Ctrl Pts',(12.6760211882019,19.5079530747876,-18.));
#6027=CARTESIAN_POINT('Ctrl Pts',(9.49938659866595,23.5871661943425,-18.));
#6028=CARTESIAN_POINT('Ctrl Pts',(5.98579036990462,26.2331306067346,-18.));
#6029=CARTESIAN_POINT('Ctrl Pts',(2.65779124531873,27.4557594765482,-18.));
#6030=CARTESIAN_POINT('Ctrl Pts',(0.886251477575269,27.6731984257692,-18.));
#6031=CARTESIAN_POINT('Ctrl Pts',(4.22561970838021E-15,27.6731984257692,
-18.));
#6032=CARTESIAN_POINT('Ctrl Pts',(3.46944695195361E-15,27.,-18.));
#6033=CARTESIAN_POINT('Ctrl Pts',(-0.83221494928317,27.,-18.));
#6034=CARTESIAN_POINT('Ctrl Pts',(-2.49564066367142,26.7962304448135,-18.));
#6035=CARTESIAN_POINT('Ctrl Pts',(-5.64271718343713,25.6419611469134,-18.));
#6036=CARTESIAN_POINT('Ctrl Pts',(-9.01538814788428,23.1101199862552,-18.));
#6037=CARTESIAN_POINT('Ctrl Pts',(-12.0992769523685,19.1491467757905,-18.));
#6038=CARTESIAN_POINT('Ctrl Pts',(-15.111102922976,13.1801379577064,-18.));
#6039=CARTESIAN_POINT('Ctrl Pts',(-17.098173187604,5.02488690274047,-18.));
#6040=CARTESIAN_POINT('Ctrl Pts',(-17.1018134124267,-3.90815932442819,-18.));
#6041=CARTESIAN_POINT('Ctrl Pts',(-15.5480845662968,-11.549637847342,-18.));
#6042=CARTESIAN_POINT('Ctrl Pts',(-13.0400093576582,-17.7489224381058,-18.));
#6043=CARTESIAN_POINT('Ctrl Pts',(-9.78742522680791,-22.3158517640583,-18.));
#6044=CARTESIAN_POINT('Ctrl Pts',(-6.33888914083206,-25.1505273106487,-18.));
#6045=CARTESIAN_POINT('Ctrl Pts',(-3.32724184248096,-26.6320933885005,-18.));
#6046=CARTESIAN_POINT('Ctrl Pts',(-0.000103382677964134,-27.1843456477488,
-18.));
#6047=CARTESIAN_POINT('Ctrl Pts',(3.32792768022645,-26.6330261047653,-18.));
#6048=CARTESIAN_POINT('Ctrl Pts',(6.33848367683545,-25.1500257284552,-18.));
#6049=CARTESIAN_POINT('Ctrl Pts',(9.78930418875695,-22.317685079306,-18.));
#6050=CARTESIAN_POINT('Ctrl Pts',(14.333790886645,-15.9124757898645,-18.));
#6051=CARTESIAN_POINT('Ctrl Pts',(16.4730756438916,-8.29798676972579,-18.));
#6052=CARTESIAN_POINT('Ctrl Pts',(17.0131614381393,-1.66594386539581,-18.));
#6053=CARTESIAN_POINT('Ctrl Pts',(17.0026591065878,4.99101139199727,-18.));
#6054=CARTESIAN_POINT('Ctrl Pts',(15.6083803997916,12.1807377755187,-18.));
#6055=CARTESIAN_POINT('Ctrl Pts',(12.1007951008708,19.1503745195297,-18.));
#6056=CARTESIAN_POINT('Ctrl Pts',(9.01455683250538,23.1096612478825,-18.));
#6057=CARTESIAN_POINT('Ctrl Pts',(5.64281899653492,25.642200092349,-18.));
#6058=CARTESIAN_POINT('Ctrl Pts',(2.49554566337675,26.7961732080987,-18.));
#6059=CARTESIAN_POINT('Ctrl Pts',(0.832214949283175,27.,-18.));
#6060=CARTESIAN_POINT('Ctrl Pts',(4.16333634234434E-15,27.,-18.));
#6061=CARTESIAN_POINT('',(4.16333634234434E-15,27.,-18.));
#6062=CARTESIAN_POINT('Ctrl Pts',(-14.6285701698387,13.6380398430639,-18.));
#6063=CARTESIAN_POINT('Ctrl Pts',(-14.5042265449973,13.9693821660502,-18.));
#6064=CARTESIAN_POINT('Ctrl Pts',(-13.7653834688705,15.8471616724275,-18.));
#6065=CARTESIAN_POINT('Ctrl Pts',(-12.0992769523685,19.1491467757905,-18.));
#6066=CARTESIAN_POINT('Ctrl Pts',(-9.01538814788428,23.1101199862552,-18.));
#6067=CARTESIAN_POINT('Ctrl Pts',(-5.64271718343713,25.6419611469134,-18.));
#6068=CARTESIAN_POINT('Ctrl Pts',(-2.49564066367142,26.7962304448135,-18.));
#6069=CARTESIAN_POINT('Ctrl Pts',(-0.83221494928317,27.,-18.));
#6070=CARTESIAN_POINT('Ctrl Pts',(3.46944695195361E-15,27.,-18.));
#6071=CARTESIAN_POINT('',(4.16333634234434E-15,30.,-21.));
#6072=CARTESIAN_POINT('Origin',(3.46944695195361E-15,27.,-21.));
#6073=CARTESIAN_POINT('Ctrl Pts',(4.16333634234434E-15,30.,-21.));
#6074=CARTESIAN_POINT('Ctrl Pts',(-1.07382574101054,30.,-21.));
#6075=CARTESIAN_POINT('Ctrl Pts',(-3.21921077444119,29.7358102800495,-21.));
#6076=CARTESIAN_POINT('Ctrl Pts',(-7.1728895963597,28.2751106899258,-21.));
#6077=CARTESIAN_POINT('Ctrl Pts',(-11.176645395744,25.2379444158604,-21.));
#6078=CARTESIAN_POINT('Ctrl Pts',(-14.6625092248057,20.7427063950679,-21.));
#6079=CARTESIAN_POINT('Ctrl Pts',(-17.9755376535938,14.1606455227749,-21.));
#6080=CARTESIAN_POINT('Ctrl Pts',(-20.1043044343146,5.37426841663502,-21.));
#6081=CARTESIAN_POINT('Ctrl Pts',(-20.1099174250082,-4.17946978775708,-21.));
#6082=CARTESIAN_POINT('Ctrl Pts',(-18.4413252905992,-12.4040504639106,-21.));
#6083=CARTESIAN_POINT('Ctrl Pts',(-15.7097526132987,-19.1710262410059,-21.));
#6084=CARTESIAN_POINT('Ctrl Pts',(-12.0690748615894,-24.3203626549615,-21.));
#6085=CARTESIAN_POINT('Ctrl Pts',(-8.00357580684567,-27.6773616098624,-21.));
#6086=CARTESIAN_POINT('Ctrl Pts',(-4.28984075943645,-29.5195878949287,-21.));
#6087=CARTESIAN_POINT('Ctrl Pts',(-0.0003175600513614,-30.2410450222944,
-21.));
#6088=CARTESIAN_POINT('Ctrl Pts',(4.29106661685378,-29.5209522622624,-21.));
#6089=CARTESIAN_POINT('Ctrl Pts',(8.00294902838378,-27.6772083508189,-21.));
#6090=CARTESIAN_POINT('Ctrl Pts',(12.0716781657774,-24.3216429575048,-21.));
#6091=CARTESIAN_POINT('Ctrl Pts',(17.1544711004536,-17.1033989460581,-21.));
#6092=CARTESIAN_POINT('Ctrl Pts',(19.430149491602,-8.89696483235015,-21.));
#6093=CARTESIAN_POINT('Ctrl Pts',(20.0151803522676,-1.78448884603749,-21.));
#6094=CARTESIAN_POINT('Ctrl Pts',(19.9988887913999,5.34742240384865,-21.));
#6095=CARTESIAN_POINT('Ctrl Pts',(18.5208871068822,13.0596234392818,-21.));
#6096=CARTESIAN_POINT('Ctrl Pts',(14.6646959606853,20.7437353008871,-21.));
#6097=CARTESIAN_POINT('Ctrl Pts',(11.1754806214047,25.2375983064717,-21.));
#6098=CARTESIAN_POINT('Ctrl Pts',(7.17306184034105,28.2753337589743,-21.));
#6099=CARTESIAN_POINT('Ctrl Pts',(3.2190768168834,29.7357628773729,-21.));
#6100=CARTESIAN_POINT('Ctrl Pts',(1.07382574101055,30.,-21.));
#6101=CARTESIAN_POINT('Ctrl Pts',(4.44089209850063E-15,30.,-21.));
#6102=CARTESIAN_POINT('Ctrl Pts',(4.16333634234434E-15,27.,-18.));
#6103=CARTESIAN_POINT('Ctrl Pts',(0.832214949283175,27.,-18.));
#6104=CARTESIAN_POINT('Ctrl Pts',(2.49554566337675,26.7961732080987,-18.));
#6105=CARTESIAN_POINT('Ctrl Pts',(5.64281899653492,25.642200092349,-18.));
#6106=CARTESIAN_POINT('Ctrl Pts',(9.01455683250538,23.1096612478825,-18.));
#6107=CARTESIAN_POINT('Ctrl Pts',(12.1007951008708,19.1503745195297,-18.));
#6108=CARTESIAN_POINT('Ctrl Pts',(13.7639144816433,15.8457256063656,-18.));
#6109=CARTESIAN_POINT('Ctrl Pts',(14.50299577791,13.968121396037,-18.));
#6110=CARTESIAN_POINT('Ctrl Pts',(14.6273983210965,13.6369185047124,-18.));
#6111=CARTESIAN_POINT('Ctrl Pts',(14.6314815532974,-13.6423380477823,-18.));
#6112=CARTESIAN_POINT('Ctrl Pts',(14.1173347971301,-15.0111143750635,-18.));
#6113=CARTESIAN_POINT('Ctrl Pts',(12.5933817408926,-18.3654887633611,-18.));
#6114=CARTESIAN_POINT('Ctrl Pts',(9.78930418875695,-22.317685079306,-18.));
#6115=CARTESIAN_POINT('Ctrl Pts',(6.33848367683545,-25.1500257284552,-18.));
#6116=CARTESIAN_POINT('Ctrl Pts',(3.32792768022645,-26.6330261047653,-18.));
#6117=CARTESIAN_POINT('Ctrl Pts',(-0.000103382677964134,-27.1843456477488,
-18.));
#6118=CARTESIAN_POINT('Ctrl Pts',(-3.32724184248096,-26.6320933885005,-18.));
#6119=CARTESIAN_POINT('Ctrl Pts',(-6.33888914083206,-25.1505273106487,-18.));
#6120=CARTESIAN_POINT('Ctrl Pts',(-9.78742522680791,-22.3158517640583,-18.));
#6121=CARTESIAN_POINT('Ctrl Pts',(-12.597118393897,-18.3707823652376,-18.));
#6122=CARTESIAN_POINT('Ctrl Pts',(-14.1159259723959,-15.0090651062894,-18.));
#6123=CARTESIAN_POINT('Ctrl Pts',(-14.6288693218305,-13.6384728786087,-18.));
#6124=CARTESIAN_POINT('Origin',(0.,0.,-18.));
#6125=CARTESIAN_POINT('Origin',(0.,0.,0.));
#6126=CARTESIAN_POINT('',(-15.,1.83697019872103E-15,0.));
#6127=CARTESIAN_POINT('',(-15.,1.83697019872103E-15,0.));
#6128=CARTESIAN_POINT('',(-14.1288211422133,5.03750068301204,0.));
#6129=CARTESIAN_POINT('Origin',(0.,0.,0.));
#6130=CARTESIAN_POINT('',(-14.1288211422133,5.03750068301204,-2.));
#6131=CARTESIAN_POINT('',(-14.1288211422133,5.03750068301204,0.));
#6132=CARTESIAN_POINT('',(-5.03750068301203,14.1288211422133,-2.));
#6133=CARTESIAN_POINT('Origin',(0.,0.,-2.));
#6134=CARTESIAN_POINT('',(-5.03750068301203,14.1288211422133,0.));
#6135=CARTESIAN_POINT('',(-5.03750068301203,14.1288211422133,0.));
#6136=CARTESIAN_POINT('',(5.03750068301204,14.1288211422133,0.));
#6137=CARTESIAN_POINT('Origin',(0.,0.,0.));
#6138=CARTESIAN_POINT('',(5.03750068301204,14.1288211422133,-2.));
#6139=CARTESIAN_POINT('',(5.03750068301204,14.1288211422133,0.));
#6140=CARTESIAN_POINT('',(14.1288211422133,5.03750068301204,-2.));
#6141=CARTESIAN_POINT('Origin',(0.,0.,-2.));
#6142=CARTESIAN_POINT('',(14.1288211422133,5.03750068301204,0.));
#6143=CARTESIAN_POINT('',(14.1288211422133,5.03750068301204,0.));
#6144=CARTESIAN_POINT('',(14.1288211422133,-5.03750068301204,0.));
#6145=CARTESIAN_POINT('Origin',(0.,0.,0.));
#6146=CARTESIAN_POINT('',(14.1288211422133,-5.03750068301204,-2.));
#6147=CARTESIAN_POINT('',(14.1288211422133,-5.03750068301204,0.));
#6148=CARTESIAN_POINT('',(5.03750068301204,-14.1288211422133,-2.));
#6149=CARTESIAN_POINT('Origin',(0.,0.,-2.));
#6150=CARTESIAN_POINT('',(5.03750068301204,-14.1288211422133,0.));
#6151=CARTESIAN_POINT('',(5.03750068301204,-14.1288211422133,0.));
#6152=CARTESIAN_POINT('',(-5.03750068301203,-14.1288211422133,0.));
#6153=CARTESIAN_POINT('Origin',(0.,0.,0.));
#6154=CARTESIAN_POINT('',(-5.03750068301203,-14.1288211422133,-2.));
#6155=CARTESIAN_POINT('',(-5.03750068301203,-14.1288211422133,0.));
#6156=CARTESIAN_POINT('',(-14.1288211422133,-5.03750068301204,-2.));
#6157=CARTESIAN_POINT('Origin',(0.,0.,-2.));
#6158=CARTESIAN_POINT('',(-14.1288211422133,-5.03750068301204,0.));
#6159=CARTESIAN_POINT('',(-14.1288211422133,-5.03750068301204,0.));
#6160=CARTESIAN_POINT('Origin',(0.,0.,0.));
#6161=CARTESIAN_POINT('Ctrl Pts',(3.05311331771918E-15,30.,-21.));
#6162=CARTESIAN_POINT('Ctrl Pts',(1.07382574101055,30.,-21.));
#6163=CARTESIAN_POINT('Ctrl Pts',(3.21921233241043,29.7358077960993,-21.));
#6164=CARTESIAN_POINT('Ctrl Pts',(7.1728860915011,28.2751110561582,-21.));
#6165=CARTESIAN_POINT('Ctrl Pts',(11.1766436313331,25.2379476286912,-21.));
#6166=CARTESIAN_POINT('Ctrl Pts',(14.6625045953381,20.7427028950904,-21.));
#6167=CARTESIAN_POINT('Ctrl Pts',(17.9755413701578,14.1606510477037,-21.));
#6168=CARTESIAN_POINT('Ctrl Pts',(20.1043079723842,5.37426889984151,-21.));
#6169=CARTESIAN_POINT('Ctrl Pts',(20.109913162315,-4.17947176472513,-21.));
#6170=CARTESIAN_POINT('Ctrl Pts',(18.441323273584,-12.4040493315381,-21.));
#6171=CARTESIAN_POINT('Ctrl Pts',(15.7097544876672,-19.1710268248508,-21.));
#6172=CARTESIAN_POINT('Ctrl Pts',(12.0690765799766,-24.3203655380436,-21.));
#6173=CARTESIAN_POINT('Ctrl Pts',(8.0035768384891,-27.6773534406179,-21.));
#6174=CARTESIAN_POINT('Ctrl Pts',(4.2898428147795,-29.519582938246,-21.));
#6175=CARTESIAN_POINT('Ctrl Pts',(0.000319639154042667,-30.2410396842323,
-21.));
#6176=CARTESIAN_POINT('Ctrl Pts',(-4.2910673715648,-29.5209526933274,-21.));
#6177=CARTESIAN_POINT('Ctrl Pts',(-8.00295498736999,-27.6772110125238,-21.));
#6178=CARTESIAN_POINT('Ctrl Pts',(-12.0716663786417,-24.3216361646835,-21.));
#6179=CARTESIAN_POINT('Ctrl Pts',(-17.1544920237435,-17.1034282687796,-21.));
#6180=CARTESIAN_POINT('Ctrl Pts',(-19.4301729422421,-8.89697173291503,-21.));
#6181=CARTESIAN_POINT('Ctrl Pts',(-20.0151559154101,-1.78448431934866,-21.));
#6182=CARTESIAN_POINT('Ctrl Pts',(-19.9989070594184,5.347427305939,-21.));
#6183=CARTESIAN_POINT('Ctrl Pts',(-18.5208898680042,13.0596302689103,-21.));
#6184=CARTESIAN_POINT('Ctrl Pts',(-14.6646876599368,20.7437302917957,-21.));
#6185=CARTESIAN_POINT('Ctrl Pts',(-11.1754808970542,25.2376026693551,-21.));
#6186=CARTESIAN_POINT('Ctrl Pts',(-7.17305708600369,28.2753336799918,-21.));
#6187=CARTESIAN_POINT('Ctrl Pts',(-3.21907879765582,29.7357605796188,-21.));
#6188=CARTESIAN_POINT('Ctrl Pts',(-1.07382574101054,30.,-21.));
#6189=CARTESIAN_POINT('Ctrl Pts',(3.05311331771918E-15,30.,-21.));
#6190=CARTESIAN_POINT('Ctrl Pts',(3.05311331771918E-15,30.,-21.8975979010257));
#6191=CARTESIAN_POINT('Ctrl Pts',(1.07453350807332,30.,-21.8975979010257));
#6192=CARTESIAN_POINT('Ctrl Pts',(3.21966830339641,29.7360284005276,-21.8975979010256));
#6193=CARTESIAN_POINT('Ctrl Pts',(7.17451745789774,28.2748837803637,-21.8975979010257));
#6194=CARTESIAN_POINT('Ctrl Pts',(11.1769782256025,25.2379629640173,-21.8975979010256));
#6195=CARTESIAN_POINT('Ctrl Pts',(14.6629463392726,20.7425402159278,-21.8975979010257));
#6196=CARTESIAN_POINT('Ctrl Pts',(17.9757770875798,14.1602703995225,-21.8975979010257));
#6197=CARTESIAN_POINT('Ctrl Pts',(20.1043260828612,5.37447655506497,-21.8975979010256));
#6198=CARTESIAN_POINT('Ctrl Pts',(20.10997298184,-4.17948330476433,-21.8975979010257));
#6199=CARTESIAN_POINT('Ctrl Pts',(18.4415720364246,-12.4037662103433,-21.8975979010257));
#6200=CARTESIAN_POINT('Ctrl Pts',(15.7096546262651,-19.1713193558218,-21.8975979010257));
#6201=CARTESIAN_POINT('Ctrl Pts',(12.0701200457721,-24.3199170233005,-21.8975979010257));
#6202=CARTESIAN_POINT('Ctrl Pts',(8.00428319913768,-27.6774713773538,-21.8975979010257));
#6203=CARTESIAN_POINT('Ctrl Pts',(4.29061273390709,-29.5200866799424,-21.8975979010257));
#6204=CARTESIAN_POINT('Ctrl Pts',(0.000668272855208234,-30.2415899579677,
-21.8975979010257));
#6205=CARTESIAN_POINT('Ctrl Pts',(-4.29160131515357,-29.5215182217725,-21.8975979010257));
#6206=CARTESIAN_POINT('Ctrl Pts',(-8.00378272537872,-27.6771054561793,-21.8975979010257));
#6207=CARTESIAN_POINT('Ctrl Pts',(-12.0724829725967,-24.3215558680054,-21.8975979010257));
#6208=CARTESIAN_POINT('Ctrl Pts',(-17.1545689354751,-17.1028249846114,-21.8975979010257));
#6209=CARTESIAN_POINT('Ctrl Pts',(-19.4303683789728,-8.89733972942101,-21.8975979010257));
#6210=CARTESIAN_POINT('Ctrl Pts',(-20.0151790232919,-1.78454579786461,-21.8975979010257));
#6211=CARTESIAN_POINT('Ctrl Pts',(-19.9990108600952,5.34774791105067,-21.8975979010257));
#6212=CARTESIAN_POINT('Ctrl Pts',(-18.5209662044199,13.0593116090417,-21.8975979010257));
#6213=CARTESIAN_POINT('Ctrl Pts',(-14.6651318283062,20.7436140537416,-21.8975979010257));
#6214=CARTESIAN_POINT('Ctrl Pts',(-11.1758058106957,25.2376133861024,-21.8975979010257));
#6215=CARTESIAN_POINT('Ctrl Pts',(-7.17468993473864,28.2751111418967,-21.8975979010257));
#6216=CARTESIAN_POINT('Ctrl Pts',(-3.2195338486049,29.7359805882351,-21.8975979010257));
#6217=CARTESIAN_POINT('Ctrl Pts',(-1.07453350807331,30.,-21.8975979010257));
#6218=CARTESIAN_POINT('Ctrl Pts',(3.05311331771918E-15,30.,-21.8975979010257));
#6219=CARTESIAN_POINT('Ctrl Pts',(2.63520209345739E-15,29.2471580664563,
-23.4519468109434));
#6220=CARTESIAN_POINT('Ctrl Pts',(1.01305417044062,29.2471580664563,-23.4519468109434));
#6221=CARTESIAN_POINT('Ctrl Pts',(3.03754403980503,28.998084912564,-23.4519468109434));
#6222=CARTESIAN_POINT('Ctrl Pts',(6.78857110239615,27.614373910373,-23.4519468109434));
#6223=CARTESIAN_POINT('Ctrl Pts',(10.6342159205854,24.7039725365156,-23.4519468109434));
#6224=CARTESIAN_POINT('Ctrl Pts',(14.0191815396533,20.3428352757443,-23.4519468109434));
#6225=CARTESIAN_POINT('Ctrl Pts',(17.2566720730307,13.9146706729794,-23.4519468109434));
#6226=CARTESIAN_POINT('Ctrl Pts',(19.3499237221885,5.28655131009414,-23.4519468109434));
#6227=CARTESIAN_POINT('Ctrl Pts',(19.3550260156412,-4.11138480283702,-23.4519468109434));
#6228=CARTESIAN_POINT('Ctrl Pts',(17.7152230745414,-12.1896924855575,-23.4519468109434));
#6229=CARTESIAN_POINT('Ctrl Pts',(15.0398092899562,-18.8140960924713,-23.4519468109434));
#6230=CARTESIAN_POINT('Ctrl Pts',(11.4962957967377,-23.8174275566006,-23.4519468109434));
#6231=CARTESIAN_POINT('Ctrl Pts',(7.58568850756247,-27.0432286913921,-23.4519468109434));
#6232=CARTESIAN_POINT('Ctrl Pts',(4.04812850058718,-28.7948749411696,-23.4519468109434));
#6233=CARTESIAN_POINT('Ctrl Pts',(0.000196375466436596,-29.4738610854248,
-23.4519468109434));
#6234=CARTESIAN_POINT('Ctrl Pts',(-4.04926454150124,-28.7961233229874,-23.4519468109434));
#6235=CARTESIAN_POINT('Ctrl Pts',(-7.58509769926181,-27.043042155106,-23.4519468109434));
#6236=CARTESIAN_POINT('Ctrl Pts',(-11.4987503045198,-23.8187632945189,-23.4519468109434));
#6237=CARTESIAN_POINT('Ctrl Pts',(-16.4466317246328,-16.8046882760743,-23.4519468109434));
#6238=CARTESIAN_POINT('Ctrl Pts',(-18.6880625338737,-8.74658772131701,-23.4519468109434));
#6239=CARTESIAN_POINT('Ctrl Pts',(-19.2618049664512,-1.75472324700495,-23.4519468109434));
#6240=CARTESIAN_POINT('Ctrl Pts',(-19.2469891419899,5.25792366438721,-23.4519468109434));
#6241=CARTESIAN_POINT('Ctrl Pts',(-17.7899887722877,12.8391395555959,-23.4519468109434));
#6242=CARTESIAN_POINT('Ctrl Pts',(-14.0211965372192,20.3439032639458,-23.4519468109434));
#6243=CARTESIAN_POINT('Ctrl Pts',(-10.6331386523399,24.7036003011514,-23.4519468109434));
#6244=CARTESIAN_POINT('Ctrl Pts',(-6.78872420896971,27.6145995460198,-23.4519468109434));
#6245=CARTESIAN_POINT('Ctrl Pts',(-3.03742043433666,28.9980353591894,-23.4519468109434));
#6246=CARTESIAN_POINT('Ctrl Pts',(-1.01305417044061,29.2471580664563,-23.4519468109434));
#6247=CARTESIAN_POINT('Ctrl Pts',(2.63520209345739E-15,29.2471580664563,
-23.4519468109434));
#6248=CARTESIAN_POINT('Ctrl Pts',(1.76147897699666E-15,27.6731984257692,
-24.));
#6249=CARTESIAN_POINT('Ctrl Pts',(0.88625147757527,27.6731984257692,-24.));
#6250=CARTESIAN_POINT('Ctrl Pts',(2.65789408867238,27.4558130334939,-24.));
#6251=CARTESIAN_POINT('Ctrl Pts',(5.9856678597548,26.2328960160994,-24.));
#6252=CARTESIAN_POINT('Ctrl Pts',(9.50028641038605,23.5876012262227,-24.));
#6253=CARTESIAN_POINT('Ctrl Pts',(12.674349198763,19.5067778656617,-24.));
#6254=CARTESIAN_POINT('Ctrl Pts',(15.753822590117,13.4002663301573,-24.));
#6255=CARTESIAN_POINT('Ctrl Pts',(17.7727460191785,5.10323485566687,-24.));
#6256=CARTESIAN_POINT('Ctrl Pts',(17.7768117541861,-3.96904013040226,-24.));
#6257=CARTESIAN_POINT('Ctrl Pts',(16.1972606544618,-11.7414378665557,-24.));
#6258=CARTESIAN_POINT('Ctrl Pts',(13.6391255486101,-18.0679684240806,-24.));
#6259=CARTESIAN_POINT('Ctrl Pts',(10.2991596582187,-22.7657801801916,-24.));
#6260=CARTESIAN_POINT('Ctrl Pts',(6.71226461899002,-25.7175119346112,-24.));
#6261=CARTESIAN_POINT('Ctrl Pts',(3.54305261098646,-27.2799139214119,-24.));
#6262=CARTESIAN_POINT('Ctrl Pts',(6.27337635962647E-5,-27.8701237318053,
-24.));
#6263=CARTESIAN_POINT('Ctrl Pts',(-3.54391961850061,-27.280930536663,-24.));
#6264=CARTESIAN_POINT('Ctrl Pts',(-6.71178190488394,-25.7171536496468,-24.));
#6265=CARTESIAN_POINT('Ctrl Pts',(-10.3012505801537,-22.7673830794774,-24.));
#6266=CARTESIAN_POINT('Ctrl Pts',(-14.9667421391773,-16.1799006627005,-24.));
#6267=CARTESIAN_POINT('Ctrl Pts',(-17.1366087412116,-8.43231221949031,-24.));
#6268=CARTESIAN_POINT('Ctrl Pts',(-17.6867893551162,-1.69252392707466,-24.));
#6269=CARTESIAN_POINT('Ctrl Pts',(-17.6749982716519,5.07091332230305,-24.));
#6270=CARTESIAN_POINT('Ctrl Pts',(-16.2619278025593,12.3780482703417,-24.));
#6271=CARTESIAN_POINT('Ctrl Pts',(-12.6760136829015,19.507947244628,-24.));
#6272=CARTESIAN_POINT('Ctrl Pts',(-9.49938438024152,23.5871703215557,-24.));
#6273=CARTESIAN_POINT('Ctrl Pts',(-5.98578409570511,26.2331296344706,-24.));
#6274=CARTESIAN_POINT('Ctrl Pts',(-2.65779091486685,27.4557583823711,-24.));
#6275=CARTESIAN_POINT('Ctrl Pts',(-0.886251477575263,27.6731984257692,-24.));
#6276=CARTESIAN_POINT('Ctrl Pts',(1.76147897699666E-15,27.6731984257692,
-24.));
#6277=CARTESIAN_POINT('Ctrl Pts',(1.38777878078145E-15,27.,-24.));
#6278=CARTESIAN_POINT('Ctrl Pts',(0.832214949283175,27.,-24.));
#6279=CARTESIAN_POINT('Ctrl Pts',(2.49564170137092,26.7962295800803,-24.));
#6280=CARTESIAN_POINT('Ctrl Pts',(5.64271502524918,25.6419603104939,-24.));
#6281=CARTESIAN_POINT('Ctrl Pts',(9.01538704134629,23.1101222440414,-24.));
#6282=CARTESIAN_POINT('Ctrl Pts',(12.0992745755177,19.1491421017279,-24.));
#6283=CARTESIAN_POINT('Ctrl Pts',(15.1111047269969,13.1801437712229,-24.));
#6284=CARTESIAN_POINT('Ctrl Pts',(17.0981762688716,5.02488672718324,-24.));
#6285=CARTESIAN_POINT('Ctrl Pts',(17.1018103411245,-3.90816110983963,-24.));
#6286=CARTESIAN_POINT('Ctrl Pts',(15.5480824899173,-11.5496355319762,-24.));
#6287=CARTESIAN_POINT('Ctrl Pts',(13.0400110003303,-17.7489240342398,-24.));
#6288=CARTESIAN_POINT('Ctrl Pts',(9.78742474901563,-22.3158543417617,-24.));
#6289=CARTESIAN_POINT('Ctrl Pts',(6.33889027497563,-25.1505225330871,-24.));
#6290=CARTESIAN_POINT('Ctrl Pts',(3.32724222854444,-26.6320909120821,-24.));
#6291=CARTESIAN_POINT('Ctrl Pts',(0.000103234940943842,-27.1843432231765,
-24.));
#6292=CARTESIAN_POINT('Ctrl Pts',(-3.32792806506462,-26.633025706458,-24.));
#6293=CARTESIAN_POINT('Ctrl Pts',(-6.33848779470403,-25.1500281834373,-24.));
#6294=CARTESIAN_POINT('Ctrl Pts',(-9.78929660909587,-22.3176746558175,-24.));
#6295=CARTESIAN_POINT('Ctrl Pts',(-14.3337999704813,-15.9125036988009,-24.));
#6296=CARTESIAN_POINT('Ctrl Pts',(-16.473091040567,-8.29799650017435,-24.));
#6297=CARTESIAN_POINT('Ctrl Pts',(-17.0131457531418,-1.66593787178566,-24.));
#6298=CARTESIAN_POINT('Ctrl Pts',(-17.0026709860181,4.99101692089189,-24.));
#6299=CARTESIAN_POINT('Ctrl Pts',(-15.6083820854105,12.1807456087557,-24.));
#6300=CARTESIAN_POINT('Ctrl Pts',(-12.1007898206706,19.1503678558722,-24.));
#6301=CARTESIAN_POINT('Ctrl Pts',(-9.01455725051865,23.1096649521411,-24.));
#6302=CARTESIAN_POINT('Ctrl Pts',(-5.64281590650204,25.6421986703059,-24.));
#6303=CARTESIAN_POINT('Ctrl Pts',(-2.49554700866833,26.7961725816972,-24.));
#6304=CARTESIAN_POINT('Ctrl Pts',(-0.83221494928317,27.,-24.));
#6305=CARTESIAN_POINT('Ctrl Pts',(1.38777878078145E-15,27.,-24.));
#6306=CARTESIAN_POINT('',(1.38777878078145E-15,27.,-24.));
#6307=CARTESIAN_POINT('Origin',(1.38777878078145E-15,27.,-21.));
#6308=CARTESIAN_POINT('Ctrl Pts',(1.38777878078145E-15,27.,-24.));
#6309=CARTESIAN_POINT('Ctrl Pts',(-0.83221494928317,27.,-24.));
#6310=CARTESIAN_POINT('Ctrl Pts',(-2.49554700866833,26.7961725816972,-24.));
#6311=CARTESIAN_POINT('Ctrl Pts',(-5.64281590650204,25.6421986703059,-24.));
#6312=CARTESIAN_POINT('Ctrl Pts',(-9.01455725051865,23.1096649521411,-24.));
#6313=CARTESIAN_POINT('Ctrl Pts',(-12.1007898206706,19.1503678558722,-24.));
#6314=CARTESIAN_POINT('Ctrl Pts',(-15.6083820854105,12.1807456087557,-24.));
#6315=CARTESIAN_POINT('Ctrl Pts',(-17.0026709860181,4.99101692089189,-24.));
#6316=CARTESIAN_POINT('Ctrl Pts',(-17.0131457531418,-1.66593787178566,-24.));
#6317=CARTESIAN_POINT('Ctrl Pts',(-16.473091040567,-8.29799650017435,-24.));
#6318=CARTESIAN_POINT('Ctrl Pts',(-14.3337999704813,-15.9125036988009,-24.));
#6319=CARTESIAN_POINT('Ctrl Pts',(-9.78929660909587,-22.3176746558175,-24.));
#6320=CARTESIAN_POINT('Ctrl Pts',(-6.33848779470403,-25.1500281834373,-24.));
#6321=CARTESIAN_POINT('Ctrl Pts',(-3.32792806506462,-26.633025706458,-24.));
#6322=CARTESIAN_POINT('Ctrl Pts',(0.000103234940943842,-27.1843432231765,
-24.));
#6323=CARTESIAN_POINT('Ctrl Pts',(3.32724222854444,-26.6320909120821,-24.));
#6324=CARTESIAN_POINT('Ctrl Pts',(6.33889027497563,-25.1505225330871,-24.));
#6325=CARTESIAN_POINT('Ctrl Pts',(9.78742474901563,-22.3158543417617,-24.));
#6326=CARTESIAN_POINT('Ctrl Pts',(13.0400110003303,-17.7489240342398,-24.));
#6327=CARTESIAN_POINT('Ctrl Pts',(15.5480824899173,-11.5496355319762,-24.));
#6328=CARTESIAN_POINT('Ctrl Pts',(17.1018103411245,-3.90816110983963,-24.));
#6329=CARTESIAN_POINT('Ctrl Pts',(17.0981762688716,5.02488672718324,-24.));
#6330=CARTESIAN_POINT('Ctrl Pts',(15.1111047269969,13.1801437712229,-24.));
#6331=CARTESIAN_POINT('Ctrl Pts',(12.0992745755177,19.1491421017279,-24.));
#6332=CARTESIAN_POINT('Ctrl Pts',(9.01538704134629,23.1101222440414,-24.));
#6333=CARTESIAN_POINT('Ctrl Pts',(5.64271502524918,25.6419603104939,-24.));
#6334=CARTESIAN_POINT('Ctrl Pts',(2.49564170137092,26.7962295800803,-24.));
#6335=CARTESIAN_POINT('Ctrl Pts',(0.832214949283175,27.,-24.));
#6336=CARTESIAN_POINT('Ctrl Pts',(1.38777878078145E-15,27.,-24.));
#6337=CARTESIAN_POINT('Origin',(0.,0.,-24.));
#6338=CARTESIAN_POINT('',(0.0866025403784443,-14.041986601946,-24.));
#6339=CARTESIAN_POINT('',(0.999999999999999,-12.4599357943771,-24.));
#6340=CARTESIAN_POINT('',(3.11595650205262,-8.79499162621624,-24.));
#6341=CARTESIAN_POINT('',(12.4599357943771,-0.999999999999999,-24.));
#6342=CARTESIAN_POINT('Origin',(0.,0.,-24.));
#6343=CARTESIAN_POINT('',(14.041986601946,-0.0866025403784394,-24.));
#6344=CARTESIAN_POINT('',(8.00396622243177,-3.57265523186339,-24.));
#6345=CARTESIAN_POINT('',(14.041986601946,0.0866025403784471,-24.));
#6346=CARTESIAN_POINT('Origin',(13.991986601946,3.84435368460142E-15,-24.));
#6347=CARTESIAN_POINT('',(12.4599357943771,1.,-24.));
#6348=CARTESIAN_POINT('',(8.79499162621624,3.11595650205263,-24.));
#6349=CARTESIAN_POINT('',(1.,12.4599357943771,-24.));
#6350=CARTESIAN_POINT('Origin',(0.,0.,-24.));
#6351=CARTESIAN_POINT('',(0.0866025403784408,14.041986601946,-24.));
#6352=CARTESIAN_POINT('',(3.57265523186339,8.00396622243177,-24.));
#6353=CARTESIAN_POINT('',(-0.0866025403784457,14.041986601946,-24.));
#6354=CARTESIAN_POINT('Origin',(-2.45103270803457E-15,13.991986601946,-24.));
#6355=CARTESIAN_POINT('',(-1.,12.4599357943771,-24.));
#6356=CARTESIAN_POINT('',(-3.11595650205262,8.79499162621624,-24.));
#6357=CARTESIAN_POINT('',(-12.4599357943771,1.,-24.));
#6358=CARTESIAN_POINT('Origin',(0.,0.,-24.));
#6359=CARTESIAN_POINT('',(-14.041986601946,0.0866025403784457,-24.));
#6360=CARTESIAN_POINT('',(-8.00396622243177,3.57265523186339,-24.));
#6361=CARTESIAN_POINT('',(-14.041986601946,-0.0866025403784409,-24.));
#6362=CARTESIAN_POINT('Origin',(-13.991986601946,2.36933658968945E-15,-24.));
#6363=CARTESIAN_POINT('',(-12.4599357943771,-0.999999999999996,-24.));
#6364=CARTESIAN_POINT('',(-8.79499162621624,-3.11595650205262,-24.));
#6365=CARTESIAN_POINT('',(-1.,-12.4599357943771,-24.));
#6366=CARTESIAN_POINT('Origin',(0.,0.,-24.));
#6367=CARTESIAN_POINT('',(-0.0866025403784421,-14.041986601946,-24.));
#6368=CARTESIAN_POINT('',(-3.57265523186339,-8.00396622243177,-24.));
#6369=CARTESIAN_POINT('Origin',(7.37508547455984E-16,-13.991986601946,-24.));
#6370=CARTESIAN_POINT('Origin',(0.,0.,-18.));
#6371=CARTESIAN_POINT('Origin',(-1.11022302462516E-15,0.,-10.));
#6372=CARTESIAN_POINT('',(0.999999999999999,-12.4599357943771,-10.));
#6373=CARTESIAN_POINT('',(-1.,-12.4599357943771,-10.));
#6374=CARTESIAN_POINT('Origin',(0.,0.,-10.));
#6375=CARTESIAN_POINT('',(0.086602540378444,-14.041986601946,-10.));
#6376=CARTESIAN_POINT('',(3.5726552318634,-8.0039662224318,-10.));
#6377=CARTESIAN_POINT('',(-0.0866025403784425,-14.041986601946,-10.));
#6378=CARTESIAN_POINT('Origin',(7.37508547455984E-16,-13.991986601946,-10.));
#6379=CARTESIAN_POINT('',(-3.11595650205261,-8.79499162621622,-10.));
#6380=CARTESIAN_POINT('Origin',(-0.0866025403784459,14.041986601946,-24.));
#6381=CARTESIAN_POINT('',(-0.0866025403784457,14.041986601946,-10.));
#6382=CARTESIAN_POINT('',(-0.0866025403784457,14.041986601946,-24.));
#6383=CARTESIAN_POINT('',(-1.,12.4599357943771,-10.));
#6384=CARTESIAN_POINT('',(-3.5726552318634,8.0039662224318,-10.));
#6385=CARTESIAN_POINT('',(-1.00000000000001,12.4599357943771,-2.));
#6386=CARTESIAN_POINT('Origin',(-2.45103270803457E-15,13.991986601946,-24.));
#6387=CARTESIAN_POINT('',(0.0866025403784408,14.041986601946,-10.));
#6388=CARTESIAN_POINT('',(0.0866025403784408,14.041986601946,-24.));
#6389=CARTESIAN_POINT('Origin',(-2.45103270803457E-15,13.991986601946,-10.));
#6390=CARTESIAN_POINT('Origin',(0.999999999999999,12.4599357943771,-24.));
#6391=CARTESIAN_POINT('',(1.,12.4599357943771,-10.));
#6392=CARTESIAN_POINT('',(0.999999999999996,12.4599357943771,-2.));
#6393=CARTESIAN_POINT('',(3.11595650205261,8.79499162621622,-10.));
#6394=CARTESIAN_POINT('Origin',(-1.11022302462516E-15,0.,-10.));
#6395=CARTESIAN_POINT('Origin',(0.,0.,-10.));
#6396=CARTESIAN_POINT('Origin',(-1.11022302462516E-15,0.,-10.));
#6397=CARTESIAN_POINT('',(-12.4599357943771,-0.999999999999996,-10.));
#6398=CARTESIAN_POINT('',(-12.5,1.53080849893419E-15,-10.));
#6399=CARTESIAN_POINT('Origin',(0.,0.,-10.));
#6400=CARTESIAN_POINT('',(-14.041986601946,-0.086602540378441,-10.));
#6401=CARTESIAN_POINT('',(-8.0039662224318,-3.5726552318634,-10.));
#6402=CARTESIAN_POINT('',(-14.041986601946,0.0866025403784457,-10.));
#6403=CARTESIAN_POINT('Origin',(-13.991986601946,2.36933658968945E-15,-10.));
#6404=CARTESIAN_POINT('',(-12.4599357943771,1.,-10.));
#6405=CARTESIAN_POINT('',(-8.79499162621622,3.11595650205261,-10.));
#6406=CARTESIAN_POINT('Origin',(0.,0.,-10.));
#6407=CARTESIAN_POINT('Origin',(14.041986601946,0.0866025403784476,-24.));
#6408=CARTESIAN_POINT('',(14.041986601946,0.0866025403784472,-10.));
#6409=CARTESIAN_POINT('',(14.041986601946,0.0866025403784471,-24.));
#6410=CARTESIAN_POINT('',(12.4599357943771,1.,-10.));
#6411=CARTESIAN_POINT('',(8.0039662224318,3.5726552318634,-10.));
#6412=CARTESIAN_POINT('',(12.4599357943771,1.00000000000001,-2.));
#6413=CARTESIAN_POINT('Origin',(13.991986601946,3.84435368460142E-15,-24.));
#6414=CARTESIAN_POINT('',(14.041986601946,-0.0866025403784394,-10.));
#6415=CARTESIAN_POINT('',(14.041986601946,-0.0866025403784394,-24.));
#6416=CARTESIAN_POINT('Origin',(13.991986601946,3.84435368460142E-15,-10.));
#6417=CARTESIAN_POINT('Origin',(12.4599357943771,-0.999999999999998,-24.));
#6418=CARTESIAN_POINT('',(12.4599357943771,-0.999999999999999,-10.));
#6419=CARTESIAN_POINT('',(12.4599357943771,-0.999999999999996,-2.));
#6420=CARTESIAN_POINT('',(8.79499162621622,-3.11595650205261,-10.));
#6421=CARTESIAN_POINT('Origin',(-1.11022302462516E-15,0.,-10.));
#6422=CARTESIAN_POINT('Origin',(0.,0.,-10.));
#6423=CARTESIAN_POINT('Origin',(0.,0.,-2.));
#6424=CARTESIAN_POINT('',(1.00000000000001,-12.4599357943771,-2.));
#6425=CARTESIAN_POINT('',(-1.,-12.4599357943771,-2.));
#6426=CARTESIAN_POINT('',(-12.4599357943771,-1.00000000000001,-2.));
#6427=CARTESIAN_POINT('',(-12.5,1.53080849893419E-15,-2.));
#6428=CARTESIAN_POINT('',(-12.5,1.53080849893419E-15,-2.));
#6429=CARTESIAN_POINT('Origin',(0.,0.,-2.));
#6430=CARTESIAN_POINT('',(-12.4599357943771,1.,-2.));
#6431=CARTESIAN_POINT('Origin',(-0.111098023968292,-13.9995591798124,-18.));
#6432=CARTESIAN_POINT('',(-0.0866025403784425,-14.041986601946,-18.));
#6433=CARTESIAN_POINT('Origin',(0.0866025403784437,-14.041986601946,-18.));
#6434=CARTESIAN_POINT('',(0.086602540378444,-14.041986601946,-24.));
#6435=CARTESIAN_POINT('Origin',(7.37508547455984E-16,-13.991986601946,-18.));
#6436=CARTESIAN_POINT('Origin',(-13.9995591798124,0.111098023968296,-18.));
#6437=CARTESIAN_POINT('',(-14.041986601946,0.0866025403784457,-18.));
#6438=CARTESIAN_POINT('Origin',(-14.041986601946,-0.086602540378441,-18.));
#6439=CARTESIAN_POINT('',(-14.041986601946,-0.0866025403784409,-24.));
#6440=CARTESIAN_POINT('Origin',(-13.991986601946,2.36933658968945E-15,-18.));
#6441=CARTESIAN_POINT('Origin',(0.,0.,-2.));
#6442=CARTESIAN_POINT('',(5.35756805311126,12.934313455158,-2.));
#6443=CARTESIAN_POINT('',(5.35756805311126,12.934313455158,-2.));
#6444=CARTESIAN_POINT('',(12.934313455158,5.35756805311126,-2.));
#6445=CARTESIAN_POINT('Origin',(0.,0.,-2.));
#6446=CARTESIAN_POINT('',(12.934313455158,5.35756805311126,-2.));
#6447=CARTESIAN_POINT('Origin',(0.,0.,-2.));
#6448=CARTESIAN_POINT('',(12.934313455158,-5.35756805311126,-2.));
#6449=CARTESIAN_POINT('',(12.934313455158,-5.35756805311126,-2.));
#6450=CARTESIAN_POINT('',(5.35756805311126,-12.934313455158,-2.));
#6451=CARTESIAN_POINT('Origin',(0.,0.,-2.));
#6452=CARTESIAN_POINT('',(5.35756805311126,-12.934313455158,-2.));
#6453=CARTESIAN_POINT('Origin',(0.,0.,-2.));
#6454=CARTESIAN_POINT('',(-12.934313455158,-5.35756805311126,-2.));
#6455=CARTESIAN_POINT('',(-12.934313455158,-5.35756805311126,-2.));
#6456=CARTESIAN_POINT('',(-5.35756805311126,-12.934313455158,-2.));
#6457=CARTESIAN_POINT('',(-5.35756805311126,-12.934313455158,-2.));
#6458=CARTESIAN_POINT('Origin',(0.,0.,-2.));
#6459=CARTESIAN_POINT('Origin',(0.,0.,-2.));
#6460=CARTESIAN_POINT('',(-12.934313455158,5.35756805311126,-2.));
#6461=CARTESIAN_POINT('',(-12.934313455158,5.35756805311126,-2.));
#6462=CARTESIAN_POINT('',(-5.35756805311126,12.934313455158,-2.));
#6463=CARTESIAN_POINT('Origin',(0.,0.,-2.));
#6464=CARTESIAN_POINT('',(-5.35756805311126,12.934313455158,-2.));
#6465=CARTESIAN_POINT('Origin',(-5.75211074755331E-16,6.90892070049819,
0.));
#6466=CARTESIAN_POINT('',(0.0866025403784438,6.85892070049819,0.));
#6467=CARTESIAN_POINT('',(-0.0866025403784448,6.85892070049819,0.));
#6468=CARTESIAN_POINT('Origin',(-5.75211074755331E-16,6.90892070049819,
0.));
#6469=CARTESIAN_POINT('',(-0.0866025403784448,6.85892070049819,-2.));
#6470=CARTESIAN_POINT('',(-0.0866025403784448,6.85892070049819,0.));
#6471=CARTESIAN_POINT('',(0.0866025403784438,6.85892070049819,-2.));
#6472=CARTESIAN_POINT('Origin',(-5.75211074755331E-16,6.90892070049819,
-2.));
#6473=CARTESIAN_POINT('',(0.0866025403784438,6.85892070049819,0.));
#6474=CARTESIAN_POINT('Origin',(1.,8.44097150806707,0.));
#6475=CARTESIAN_POINT('',(1.,8.44097150806707,0.));
#6476=CARTESIAN_POINT('',(0.0866025403784438,6.85892070049819,0.));
#6477=CARTESIAN_POINT('',(1.,8.44097150806707,-2.));
#6478=CARTESIAN_POINT('',(0.0866025403784438,6.85892070049819,-2.));
#6479=CARTESIAN_POINT('',(1.,8.44097150806707,0.));
#6480=CARTESIAN_POINT('Origin',(0.,0.,0.));
#6481=CARTESIAN_POINT('',(1.,-8.44097150806707,0.));
#6482=CARTESIAN_POINT('Origin',(0.,0.,0.));
#6483=CARTESIAN_POINT('',(1.,-8.44097150806707,-2.));
#6484=CARTESIAN_POINT('Origin',(0.,0.,-2.));
#6485=CARTESIAN_POINT('',(1.,-8.44097150806707,0.));
#6486=CARTESIAN_POINT('Origin',(0.0866025403784446,-6.85892070049819,0.));
#6487=CARTESIAN_POINT('',(0.0866025403784446,-6.85892070049819,0.));
#6488=CARTESIAN_POINT('',(0.0866025403784446,-6.85892070049819,0.));
#6489=CARTESIAN_POINT('',(0.0866025403784446,-6.85892070049819,-2.));
#6490=CARTESIAN_POINT('',(0.0866025403784446,-6.85892070049819,-2.));
#6491=CARTESIAN_POINT('',(0.0866025403784446,-6.85892070049819,0.));
#6492=CARTESIAN_POINT('Origin',(2.70887627338543E-16,-6.90892070049819,
0.));
#6493=CARTESIAN_POINT('',(-0.0866025403784436,-6.85892070049819,0.));
#6494=CARTESIAN_POINT('Origin',(2.70887627338543E-16,-6.90892070049819,
0.));
#6495=CARTESIAN_POINT('',(-0.0866025403784436,-6.85892070049819,-2.));
#6496=CARTESIAN_POINT('Origin',(2.70887627338543E-16,-6.90892070049819,
-2.));
#6497=CARTESIAN_POINT('',(-0.0866025403784436,-6.85892070049819,0.));
#6498=CARTESIAN_POINT('Origin',(-1.,-8.44097150806707,0.));
#6499=CARTESIAN_POINT('',(-1.,-8.44097150806707,0.));
#6500=CARTESIAN_POINT('',(-1.,-8.44097150806707,0.));
#6501=CARTESIAN_POINT('',(-1.,-8.44097150806707,-2.));
#6502=CARTESIAN_POINT('',(-1.,-8.44097150806707,-2.));
#6503=CARTESIAN_POINT('',(-1.,-8.44097150806707,0.));
#6504=CARTESIAN_POINT('Origin',(0.,0.,0.));
#6505=CARTESIAN_POINT('',(-1.,8.44097150806707,0.));
#6506=CARTESIAN_POINT('Origin',(0.,0.,0.));
#6507=CARTESIAN_POINT('',(-1.,8.44097150806707,-2.));
#6508=CARTESIAN_POINT('Origin',(0.,0.,-2.));
#6509=CARTESIAN_POINT('',(-1.,8.44097150806707,0.));
#6510=CARTESIAN_POINT('Origin',(-0.0866025403784447,6.85892070049819,0.));
#6511=CARTESIAN_POINT('',(-1.,8.44097150806707,0.));
#6512=CARTESIAN_POINT('',(-1.,8.44097150806707,-2.));
#6513=CARTESIAN_POINT('Origin',(0.,0.,0.));
#6514=CARTESIAN_POINT('',(12.934313455158,-5.35756805311126,0.));
#6515=CARTESIAN_POINT('',(5.35756805311126,-12.934313455158,0.));
#6516=CARTESIAN_POINT('Origin',(0.,0.,0.));
#6517=CARTESIAN_POINT('',(5.35756805311126,-12.934313455158,0.));
#6518=CARTESIAN_POINT('',(12.934313455158,-5.35756805311126,0.));
#6519=CARTESIAN_POINT('Origin',(14.1288211422133,-5.03750068301204,0.));
#6520=CARTESIAN_POINT('',(12.934313455158,-5.35756805311126,0.));
#6521=CARTESIAN_POINT('Origin',(12.934313455158,5.35756805311126,0.));
#6522=CARTESIAN_POINT('',(12.934313455158,5.35756805311126,0.));
#6523=CARTESIAN_POINT('',(12.934313455158,5.35756805311126,0.));
#6524=CARTESIAN_POINT('',(12.934313455158,5.35756805311126,0.));
#6525=CARTESIAN_POINT('Origin',(0.,0.,0.));
#6526=CARTESIAN_POINT('',(5.35756805311126,12.934313455158,0.));
#6527=CARTESIAN_POINT('Origin',(0.,0.,0.));
#6528=CARTESIAN_POINT('',(5.35756805311126,12.934313455158,0.));
#6529=CARTESIAN_POINT('Origin',(5.03750068301204,14.1288211422133,0.));
#6530=CARTESIAN_POINT('',(5.35756805311126,12.934313455158,0.));
#6531=CARTESIAN_POINT('Origin',(-5.35756805311126,12.934313455158,0.));
#6532=CARTESIAN_POINT('',(-5.35756805311126,12.934313455158,0.));
#6533=CARTESIAN_POINT('',(-5.35756805311126,12.934313455158,0.));
#6534=CARTESIAN_POINT('',(-5.35756805311126,12.934313455158,0.));
#6535=CARTESIAN_POINT('Origin',(0.,0.,0.));
#6536=CARTESIAN_POINT('',(-12.934313455158,5.35756805311126,0.));
#6537=CARTESIAN_POINT('Origin',(0.,0.,0.));
#6538=CARTESIAN_POINT('',(-12.934313455158,5.35756805311126,0.));
#6539=CARTESIAN_POINT('Origin',(-14.1288211422133,5.03750068301204,0.));
#6540=CARTESIAN_POINT('',(-12.934313455158,5.35756805311126,0.));
#6541=CARTESIAN_POINT('Origin',(-12.934313455158,-5.35756805311126,0.));
#6542=CARTESIAN_POINT('',(-12.934313455158,-5.35756805311126,0.));
#6543=CARTESIAN_POINT('',(-12.934313455158,-5.35756805311126,0.));
#6544=CARTESIAN_POINT('',(-12.934313455158,-5.35756805311126,0.));
#6545=CARTESIAN_POINT('Origin',(0.,0.,0.));
#6546=CARTESIAN_POINT('',(-5.35756805311126,-12.934313455158,0.));
#6547=CARTESIAN_POINT('Origin',(0.,0.,0.));
#6548=CARTESIAN_POINT('',(-5.35756805311126,-12.934313455158,0.));
#6549=CARTESIAN_POINT('Origin',(-5.03750068301204,-14.1288211422133,0.));
#6550=CARTESIAN_POINT('',(-5.35756805311126,-12.934313455158,0.));
#6551=CARTESIAN_POINT('Origin',(5.35756805311126,-12.934313455158,0.));
#6552=CARTESIAN_POINT('',(5.35756805311126,-12.934313455158,0.));
#6553=CARTESIAN_POINT('Origin',(0.,0.,-2.));
#6554=CARTESIAN_POINT('Origin',(0.,0.,0.));
#6555=CARTESIAN_POINT('',(0.,0.,0.));
#6556=CARTESIAN_POINT('Ctrl Pts',(4.12164898915685E-6,-12.1511824764243,
-44.));
#6557=CARTESIAN_POINT('Ctrl Pts',(-0.196079572240436,-12.1419347609185,
-43.966725160133));
#6558=CARTESIAN_POINT('Ctrl Pts',(-0.581318831642252,-12.1192425614023,
-43.9001751722306));
#6559=CARTESIAN_POINT('Ctrl Pts',(-1.15899268856048,-12.0740638880105,-43.8005921172187));
#6560=CARTESIAN_POINT('Ctrl Pts',(-1.75860804041008,-12.0167266658194,-43.7015475322999));
#6561=CARTESIAN_POINT('Ctrl Pts',(-2.40564628514624,-11.9423140990503,-43.6034767731304));
#6562=CARTESIAN_POINT('Ctrl Pts',(-3.13107122878867,-11.8393658462667,-43.5071046114969));
#6563=CARTESIAN_POINT('Ctrl Pts',(-3.97344398056174,-11.6851203331978,-43.4137279647964));
#6564=CARTESIAN_POINT('Ctrl Pts',(-4.9789269193692,-11.4376161767595,-43.3257023759636));
#6565=CARTESIAN_POINT('Ctrl Pts',(-6.1923323297209,-11.0245550505027,-43.2471065361179));
#6566=CARTESIAN_POINT('Ctrl Pts',(-7.62638499658316,-10.336220001821,-43.1839365388304));
#6567=CARTESIAN_POINT('Ctrl Pts',(-9.2058888542644,-9.24117671680298,-43.1421608965658));
#6568=CARTESIAN_POINT('Ctrl Pts',(-10.7595685340389,-7.62932491626694,-43.122435913939));
#6569=CARTESIAN_POINT('Ctrl Pts',(-11.6538847387757,-6.12122556626998,-43.1213203435597));
#6570=CARTESIAN_POINT('Ctrl Pts',(-12.0368815147544,-5.24172804723744,-43.1213203435597));
#6571=CARTESIAN_POINT('Ctrl Pts',(1.90817204731567E-5,-12.1250285374089,
-43.9058845403485));
#6572=CARTESIAN_POINT('Ctrl Pts',(-0.188292828826165,-12.115282164455,-43.8744583026964));
#6573=CARTESIAN_POINT('Ctrl Pts',(-0.560987195573505,-12.0922570667736,
-43.8112936460017));
#6574=CARTESIAN_POINT('Ctrl Pts',(-1.1266926315427,-12.0481654058357,-43.7159213209962));
#6575=CARTESIAN_POINT('Ctrl Pts',(-1.71961699421515,-11.9931249723617,-43.6202695685128));
#6576=CARTESIAN_POINT('Ctrl Pts',(-2.36409615471707,-11.9217429158903,-43.5248213558349));
#6577=CARTESIAN_POINT('Ctrl Pts',(-3.09016663606592,-11.8218496900294,-43.4303745762622));
#6578=CARTESIAN_POINT('Ctrl Pts',(-3.93520220155744,-11.6696865659611,-43.3383554362443));
#6579=CARTESIAN_POINT('Ctrl Pts',(-4.9428977078087,-11.4222925967383,-43.2513079615176));
#6580=CARTESIAN_POINT('Ctrl Pts',(-6.15290885431444,-11.0075405395005,-43.1734372930025));
#6581=CARTESIAN_POINT('Ctrl Pts',(-7.57094276168524,-10.3194808431579,-43.1103946900032));
#6582=CARTESIAN_POINT('Ctrl Pts',(-9.12338789477423,-9.23293777452224,-43.0667696987768));
#6583=CARTESIAN_POINT('Ctrl Pts',(-10.6613478068136,-7.62957341495627,-43.041315047113));
#6584=CARTESIAN_POINT('Ctrl Pts',(-11.5650196753115,-6.10445452769573,-43.0331494464636));
#6585=CARTESIAN_POINT('Ctrl Pts',(-11.9520188690841,-5.2047727187807,-43.028760282348));
#6586=CARTESIAN_POINT('Ctrl Pts',(1.65625500255264E-5,-12.0638642113771,
-43.7176994950049));
#6587=CARTESIAN_POINT('Ctrl Pts',(-0.176629701736915,-12.054088841272,-43.6885622231482));
#6588=CARTESIAN_POINT('Ctrl Pts',(-0.530564391539366,-12.0321357360388,
-43.6296221873453));
#6589=CARTESIAN_POINT('Ctrl Pts',(-1.07918068550652,-11.9923795110808,-43.5395247786349));
#6590=CARTESIAN_POINT('Ctrl Pts',(-1.66407510640686,-11.9436168546068,-43.4481043962533));
#6591=CARTESIAN_POINT('Ctrl Pts',(-2.30801002918924,-11.879280789383,-43.3559206725063));
#6592=CARTESIAN_POINT('Ctrl Pts',(-3.03932175175298,-11.7854502156746,-43.2639539408435));
#6593=CARTESIAN_POINT('Ctrl Pts',(-3.89238172158314,-11.636135635796,-43.1739493544321));
#6594=CARTESIAN_POINT('Ctrl Pts',(-4.90445193740377,-11.3865219182921,-43.0888258363102));
#6595=CARTESIAN_POINT('Ctrl Pts',(-6.10375201472233,-10.9660053800553,-43.0128135648924));
#6596=CARTESIAN_POINT('Ctrl Pts',(-7.48444648424858,-10.2770985131557,-42.9503351767045));
#6597=CARTESIAN_POINT('Ctrl Pts',(-8.98224813000056,-9.20393209627563,-42.9028935314264));
#6598=CARTESIAN_POINT('Ctrl Pts',(-10.4887108851805,-7.61077059036625,-42.8660689483675));
#6599=CARTESIAN_POINT('Ctrl Pts',(-11.4023991285162,-6.06002577018588,-42.8443507807742));
#6600=CARTESIAN_POINT('Ctrl Pts',(-11.7934184233632,-5.13570662357813,-42.8315072894086));
#6601=CARTESIAN_POINT('Ctrl Pts',(-2.91479241573992E-5,-11.9666780169272,
-43.3983293122385));
#6602=CARTESIAN_POINT('Ctrl Pts',(-0.168848268040425,-11.9599006133753,
-43.3701537911204));
#6603=CARTESIAN_POINT('Ctrl Pts',(-0.511824015152883,-11.945136289182,-43.3130723727679));
#6604=CARTESIAN_POINT('Ctrl Pts',(-1.05596800610793,-11.9186320220184,-43.22555562202));
#6605=CARTESIAN_POINT('Ctrl Pts',(-1.6464888270461,-11.8838082660301,-43.1366368295582));
#6606=CARTESIAN_POINT('Ctrl Pts',(-2.30394993236709,-11.8314164484858,-43.0471816157532));
#6607=CARTESIAN_POINT('Ctrl Pts',(-3.05305092364687,-11.7440209631618,-42.9586444238834));
#6608=CARTESIAN_POINT('Ctrl Pts',(-3.92144407217428,-11.5921018362837,-42.8732714706139));
#6609=CARTESIAN_POINT('Ctrl Pts',(-4.93524896300798,-11.3295672908027,-42.7940857826178));
#6610=CARTESIAN_POINT('Ctrl Pts',(-6.10900646822483,-10.8899780722048,-42.7242104662712));
#6611=CARTESIAN_POINT('Ctrl Pts',(-7.43179752875021,-10.1859425768488,-42.6650066854648));
#6612=CARTESIAN_POINT('Ctrl Pts',(-8.85924411437359,-9.10682969425777,-42.613837016215));
#6613=CARTESIAN_POINT('Ctrl Pts',(-10.3165063583479,-7.50570855351211,-42.563914785637));
#6614=CARTESIAN_POINT('Ctrl Pts',(-11.2124545521333,-5.95527035347935,-42.5266215460594));
#6615=CARTESIAN_POINT('Ctrl Pts',(-11.5929610155775,-5.04841298233237,-42.504289785705));
#6616=CARTESIAN_POINT('Ctrl Pts',(-9.0767903243812E-6,-11.9041188516046,
-42.9971405869122));
#6617=CARTESIAN_POINT('Ctrl Pts',(-0.17118801637918,-11.9035291038127,-42.9691232899866));
#6618=CARTESIAN_POINT('Ctrl Pts',(-0.52190123765463,-11.9017579102959,-42.9126446777946));
#6619=CARTESIAN_POINT('Ctrl Pts',(-1.08528328099366,-11.8944555440781,-42.8272017843878));
#6620=CARTESIAN_POINT('Ctrl Pts',(-1.70122666005936,-11.8752987989546,-42.7420105340691));
#6621=CARTESIAN_POINT('Ctrl Pts',(-2.38788650577005,-11.830809746204,-42.6585070364606));
#6622=CARTESIAN_POINT('Ctrl Pts',(-3.16557469113359,-11.739068758932,-42.5786109559359));
#6623=CARTESIAN_POINT('Ctrl Pts',(-4.05483847848762,-11.5672030581418,-42.5045699961104));
#6624=CARTESIAN_POINT('Ctrl Pts',(-5.07242067572592,-11.2688433134816,-42.4384115019173));
#6625=CARTESIAN_POINT('Ctrl Pts',(-6.2247492728402,-10.7821390644793,-42.3807878997316));
#6626=CARTESIAN_POINT('Ctrl Pts',(-7.50037173322281,-10.0285044466155,-42.3296003446283));
#6627=CARTESIAN_POINT('Ctrl Pts',(-8.86487587661781,-8.90816951807442,-42.2794566053907));
#6628=CARTESIAN_POINT('Ctrl Pts',(-10.2457977632883,-7.29838747067784,-42.223951460377));
#6629=CARTESIAN_POINT('Ctrl Pts',(-11.0817268758612,-5.81428318499784,-42.1781775847548));
#6630=CARTESIAN_POINT('Ctrl Pts',(-11.4333772387422,-4.97891867370305,-42.1513335677715));
#6631=CARTESIAN_POINT('Ctrl Pts',(-4.38475659893967E-6,-11.9680946396988,
-42.455091572712));
#6632=CARTESIAN_POINT('Ctrl Pts',(-0.185367336340401,-11.9771511019401,
-42.428722044544));
#6633=CARTESIAN_POINT('Ctrl Pts',(-0.567276135010337,-11.9923571250477,
-42.3767681727929));
#6634=CARTESIAN_POINT('Ctrl Pts',(-1.18588231681945,-11.9989105850348,-42.3022580826358));
#6635=CARTESIAN_POINT('Ctrl Pts',(-1.86356129746093,-11.9767309349189,-42.2323780100484));
#6636=CARTESIAN_POINT('Ctrl Pts',(-2.61414286562328,-11.9075017262,-42.1683984534401));
#6637=CARTESIAN_POINT('Ctrl Pts',(-3.45097337919287,-11.766179422198,-42.1114387824582));
#6638=CARTESIAN_POINT('Ctrl Pts',(-4.38512723732534,-11.5201280477284,-42.0620426535462));
#6639=CARTESIAN_POINT('Ctrl Pts',(-5.42240673785367,-11.1284876639718,-42.0195379186488));
#6640=CARTESIAN_POINT('Ctrl Pts',(-6.55923653176959,-10.5417704537231,-41.9814632625409));
#6641=CARTESIAN_POINT('Ctrl Pts',(-7.77839718568888,-9.70121178906419,-41.9435925674316));
#6642=CARTESIAN_POINT('Ctrl Pts',(-9.04226302532945,-8.53774026055715,-41.901062967718));
#6643=CARTESIAN_POINT('Ctrl Pts',(-10.2811815309147,-6.97961624622885,-41.8490163155014));
#6644=CARTESIAN_POINT('Ctrl Pts',(-11.0109759609944,-5.64822677216622,-41.8038073180585));
#6645=CARTESIAN_POINT('Ctrl Pts',(-11.3173974846644,-4.92841270759235,-41.7786777257805));
#6646=CARTESIAN_POINT('Ctrl Pts',(6.43089239901539E-7,-12.2419694996703,
-41.7353029133208));
#6647=CARTESIAN_POINT('Ctrl Pts',(-0.235118969224781,-12.2447848902514,
-41.720655111017));
#6648=CARTESIAN_POINT('Ctrl Pts',(-0.72217287524145,-12.2393174643335,-41.6933292872271));
#6649=CARTESIAN_POINT('Ctrl Pts',(-1.50321102908704,-12.1866028905023,-41.6582852039813));
#6650=CARTESIAN_POINT('Ctrl Pts',(-2.33526057926498,-12.0756048894867,-41.6290698478535));
#6651=CARTESIAN_POINT('Ctrl Pts',(-3.21851790111199,-11.8901555400295,-41.6052376011905));
#6652=CARTESIAN_POINT('Ctrl Pts',(-4.15230567066885,-11.612016441361,-41.5858022057158));
#6653=CARTESIAN_POINT('Ctrl Pts',(-5.13466318491122,-11.2207117931362,-41.5690713360782));
#6654=CARTESIAN_POINT('Ctrl Pts',(-6.16160677463986,-10.6925764878847,-41.5526854901064));
#6655=CARTESIAN_POINT('Ctrl Pts',(-7.22566955526646,-9.99910677414867,-41.5339111703156));
#6656=CARTESIAN_POINT('Ctrl Pts',(-8.31206894980415,-9.10583984252902,-41.5102340757552));
#6657=CARTESIAN_POINT('Ctrl Pts',(-9.39342502828084,-7.9746858549799,-41.4791892592122));
#6658=CARTESIAN_POINT('Ctrl Pts',(-10.4164968468867,-6.57650701786597,-41.4397183195594));
#6659=CARTESIAN_POINT('Ctrl Pts',(-10.9972184718264,-5.47544082475203,-41.4092329872554));
#6660=CARTESIAN_POINT('Ctrl Pts',(-11.2470062342004,-4.89775927037243,-41.3926983409517));
#6661=CARTESIAN_POINT('Ctrl Pts',(3.63781963181323E-15,-12.25,-41.2617993877992));
#6662=CARTESIAN_POINT('Ctrl Pts',(-0.328289070809019,-12.25,-41.2566571621763));
#6663=CARTESIAN_POINT('Ctrl Pts',(-0.995737434042812,-12.224943319588,-41.2476231869318));
#6664=CARTESIAN_POINT('Ctrl Pts',(-2.00832549931376,-12.1046110904734,-41.2370920725594));
#6665=CARTESIAN_POINT('Ctrl Pts',(-3.01648370259604,-11.8980581025528,-41.2287410924454));
#6666=CARTESIAN_POINT('Ctrl Pts',(-4.01116264594847,-11.6038968334408,-41.2216713091711));
#6667=CARTESIAN_POINT('Ctrl Pts',(-4.9903067133688,-11.21960991985,-41.2149829128528));
#6668=CARTESIAN_POINT('Ctrl Pts',(-5.95716143073464,-10.7384061890848,-41.2078481265556));
#6669=CARTESIAN_POINT('Ctrl Pts',(-6.91670254076274,-10.1472337673262,-41.1995875628359));
#6670=CARTESIAN_POINT('Ctrl Pts',(-7.87060743539846,-9.42678811144124,-41.1897276745638));
#6671=CARTESIAN_POINT('Ctrl Pts',(-8.81150728883197,-8.5542844325617,-41.178014334897));
#6672=CARTESIAN_POINT('Ctrl Pts',(-9.71778797320564,-7.50980847050526,-41.164369601625));
#6673=CARTESIAN_POINT('Ctrl Pts',(-10.5512837165025,-6.28686436704486,-41.1487973897083));
#6674=CARTESIAN_POINT('Ctrl Pts',(-11.0241249371363,-5.36659663869074,-41.1371069093193));
#6675=CARTESIAN_POINT('Ctrl Pts',(-11.2312740057914,-4.89090832124608,-41.1308996938996));
#6676=CARTESIAN_POINT('Ctrl Pts',(3.60822483003176E-15,-12.25,-41.));
#6677=CARTESIAN_POINT('Ctrl Pts',(-0.40560005460491,-12.25,-41.));
#6678=CARTESIAN_POINT('Ctrl Pts',(-1.2161488318558,-12.2092931209403,-41.));
#6679=CARTESIAN_POINT('Ctrl Pts',(-2.38780439909628,-12.0337618311708,-41.));
#6680=CARTESIAN_POINT('Ctrl Pts',(-3.49484984896883,-11.7586358234744,-41.));
#6681=CARTESIAN_POINT('Ctrl Pts',(-4.53430730347621,-11.3971249367814,-41.));
#6682=CARTESIAN_POINT('Ctrl Pts',(-5.5148136953148,-10.9558381097269,-41.));
#6683=CARTESIAN_POINT('Ctrl Pts',(-6.4503506089503,-10.4327771810509,-41.));
#6684=CARTESIAN_POINT('Ctrl Pts',(-7.35422345366805,-9.81782980209604,-41.));
#6685=CARTESIAN_POINT('Ctrl Pts',(-8.23367462199789,-9.09521431512711,-41.));
#6686=CARTESIAN_POINT('Ctrl Pts',(-9.08554668667611,-8.24772556182374,-41.));
#6687=CARTESIAN_POINT('Ctrl Pts',(-9.89369473724603,-7.26281916694243,-41.));
#6688=CARTESIAN_POINT('Ctrl Pts',(-10.6293414476302,-6.14044271567021,-41.));
#6689=CARTESIAN_POINT('Ctrl Pts',(-11.046725486507,-5.31469769763701,-41.));
#6690=CARTESIAN_POINT('Ctrl Pts',(-11.2312740057914,-4.89090832124608,-41.));
#6691=CARTESIAN_POINT('',(4.12164898915685E-6,-12.1511824764243,-44.));
#6692=CARTESIAN_POINT('',(-12.0368815147544,-5.24172804723743,-43.1213203435596));
#6693=CARTESIAN_POINT('Ctrl Pts',(4.12164898915685E-6,-12.1511824764243,
-44.));
#6694=CARTESIAN_POINT('Ctrl Pts',(-0.196079572240436,-12.1419347609185,
-43.966725160133));
#6695=CARTESIAN_POINT('Ctrl Pts',(-0.581318831642252,-12.1192425614023,
-43.9001751722306));
#6696=CARTESIAN_POINT('Ctrl Pts',(-1.15899268856048,-12.0740638880105,-43.8005921172187));
#6697=CARTESIAN_POINT('Ctrl Pts',(-1.75860804041008,-12.0167266658194,-43.7015475322999));
#6698=CARTESIAN_POINT('Ctrl Pts',(-2.40564628514624,-11.9423140990503,-43.6034767731304));
#6699=CARTESIAN_POINT('Ctrl Pts',(-3.13107122878867,-11.8393658462667,-43.5071046114969));
#6700=CARTESIAN_POINT('Ctrl Pts',(-3.97344398056174,-11.6851203331978,-43.4137279647964));
#6701=CARTESIAN_POINT('Ctrl Pts',(-4.9789269193692,-11.4376161767595,-43.3257023759636));
#6702=CARTESIAN_POINT('Ctrl Pts',(-6.1923323297209,-11.0245550505027,-43.2471065361179));
#6703=CARTESIAN_POINT('Ctrl Pts',(-7.62638499658316,-10.336220001821,-43.1839365388304));
#6704=CARTESIAN_POINT('Ctrl Pts',(-9.2058888542644,-9.24117671680298,-43.1421608965658));
#6705=CARTESIAN_POINT('Ctrl Pts',(-10.7595685340389,-7.62932491626694,-43.122435913939));
#6706=CARTESIAN_POINT('Ctrl Pts',(-11.6538847387757,-6.12122556626998,-43.1213203435597));
#6707=CARTESIAN_POINT('Ctrl Pts',(-12.0368815147544,-5.24172804723744,-43.1213203435597));
#6708=CARTESIAN_POINT('',(3.60822483003176E-15,-12.25,-41.));
#6709=CARTESIAN_POINT('Ctrl Pts',(4.12164898915685E-6,-12.1511824764243,
-44.));
#6710=CARTESIAN_POINT('Ctrl Pts',(1.90817204731567E-5,-12.1250285374089,
-43.9058845403485));
#6711=CARTESIAN_POINT('Ctrl Pts',(1.65625500255264E-5,-12.0638642113771,
-43.7176994950049));
#6712=CARTESIAN_POINT('Ctrl Pts',(-2.91479241573992E-5,-11.9666780169272,
-43.3983293122385));
#6713=CARTESIAN_POINT('Ctrl Pts',(-9.0767903243812E-6,-11.9041188516046,
-42.9971405869122));
#6714=CARTESIAN_POINT('Ctrl Pts',(-4.38475659893967E-6,-11.9680946396988,
-42.455091572712));
#6715=CARTESIAN_POINT('Ctrl Pts',(6.43089239901539E-7,-12.2419694996703,
-41.7353029133208));
#6716=CARTESIAN_POINT('Ctrl Pts',(3.63781963181323E-15,-12.25,-41.2617993877992));
#6717=CARTESIAN_POINT('Ctrl Pts',(3.60822483003176E-15,-12.25,-41.));
#6718=CARTESIAN_POINT('',(-11.2312740057914,-4.89090832124611,-41.));
#6719=CARTESIAN_POINT('Ctrl Pts',(-3.33066907387547E-16,-12.25,-41.));
#6720=CARTESIAN_POINT('Ctrl Pts',(-0.131810848863259,-12.25,-41.));
#6721=CARTESIAN_POINT('Ctrl Pts',(-0.263618091091443,-12.2478700295216,
-41.));
#6722=CARTESIAN_POINT('Ctrl Pts',(-0.395135173433889,-12.2436256147726,
-41.));
#6723=CARTESIAN_POINT('Ctrl Pts',(-0.529284264833359,-12.2392962579167,
-41.));
#6724=CARTESIAN_POINT('Ctrl Pts',(-0.663131356961918,-12.2327673755494,
-41.));
#6725=CARTESIAN_POINT('Ctrl Pts',(-0.796418458200442,-12.2240835091813,
-41.));
#6726=CARTESIAN_POINT('Ctrl Pts',(-0.938955613975674,-12.2147969870667,
-41.));
#6727=CARTESIAN_POINT('Ctrl Pts',(-1.08085184949197,-12.2030463131069,-41.));
#6728=CARTESIAN_POINT('Ctrl Pts',(-1.22184926640953,-12.1889123538638,-41.));
#6729=CARTESIAN_POINT('Ctrl Pts',(-1.36116246672316,-12.1749472250105,-41.));
#6730=CARTESIAN_POINT('Ctrl Pts',(-1.49959848980409,-12.1586560340484,-41.));
#6731=CARTESIAN_POINT('Ctrl Pts',(-1.63696338744793,-12.1401338900424,-41.));
#6732=CARTESIAN_POINT('Ctrl Pts',(-1.77744335152699,-12.1211917136257,-41.));
#6733=CARTESIAN_POINT('Ctrl Pts',(-1.91680311053426,-12.0999167811145,-41.));
#6734=CARTESIAN_POINT('Ctrl Pts',(-2.05489070536455,-12.0764201727584,-41.));
#6735=CARTESIAN_POINT('Ctrl Pts',(-2.19620134291769,-12.0523751402469,-41.));
#6736=CARTESIAN_POINT('Ctrl Pts',(-2.33617986624889,-12.0260040534639,-41.));
#6737=CARTESIAN_POINT('Ctrl Pts',(-2.47471951452158,-11.9974273627493,-41.));
#6738=CARTESIAN_POINT('Ctrl Pts',(-2.61659646319084,-11.9681622842524,-41.));
#6739=CARTESIAN_POINT('Ctrl Pts',(-2.75696459490429,-11.9365846026751,-41.));
#6740=CARTESIAN_POINT('Ctrl Pts',(-2.8957647610317,-11.9028167443159,-41.));
#6741=CARTESIAN_POINT('Ctrl Pts',(-3.03803357852887,-11.8682050186083,-41.));
#6742=CARTESIAN_POINT('Ctrl Pts',(-3.17865539453891,-11.8312928118898,-41.));
#6743=CARTESIAN_POINT('Ctrl Pts',(-3.31762010741438,-11.7921964375972,-41.));
#6744=CARTESIAN_POINT('Ctrl Pts',(-3.46020387259657,-11.7520818780355,-41.));
#6745=CARTESIAN_POINT('Ctrl Pts',(-3.60104351587076,-11.7096684071106,-41.));
#6746=CARTESIAN_POINT('Ctrl Pts',(-3.74017825355779,-11.6650575065712,-41.));
#6747=CARTESIAN_POINT('Ctrl Pts',(-3.88308357384449,-11.6192376406209,-41.));
#6748=CARTESIAN_POINT('Ctrl Pts',(-4.02419086632592,-11.5711000868647,-41.));
#6749=CARTESIAN_POINT('Ctrl Pts',(-4.16358747477479,-11.5207221709361,-41.));
#6750=CARTESIAN_POINT('Ctrl Pts',(-4.3068498956161,-11.4689471509182,-41.));
#6751=CARTESIAN_POINT('Ctrl Pts',(-4.44830610831388,-11.4148061731234,-41.));
#6752=CARTESIAN_POINT('Ctrl Pts',(-4.5880883083727,-11.358342558427,-41.));
#6753=CARTESIAN_POINT('Ctrl Pts',(-4.73164701390044,-11.3003534623059,-41.));
#6754=CARTESIAN_POINT('Ctrl Pts',(-4.87344086252093,-11.2399148144808,-41.));
#6755=CARTESIAN_POINT('Ctrl Pts',(-5.01364028862134,-11.1770260380977,-41.));
#6756=CARTESIAN_POINT('Ctrl Pts',(-5.15711794569401,-11.1126667568752,-41.));
#6757=CARTESIAN_POINT('Ctrl Pts',(-5.29892673559048,-11.0457415406659,-41.));
#6758=CARTESIAN_POINT('Ctrl Pts',(-5.43926337918884,-10.9761976062667,-41.));
#6759=CARTESIAN_POINT('Ctrl Pts',(-5.5822732819066,-10.9053289362029,-41.));
#6760=CARTESIAN_POINT('Ctrl Pts',(-5.72375553361602,-10.8317407323313,-41.));
#6761=CARTESIAN_POINT('Ctrl Pts',(-5.86391652463222,-10.7553234722227,-41.));
#6762=CARTESIAN_POINT('Ctrl Pts',(-6.00340257836584,-10.6792741950851,-41.));
#6763=CARTESIAN_POINT('Ctrl Pts',(-6.14158111465394,-10.6004225733539,-41.));
#6764=CARTESIAN_POINT('Ctrl Pts',(-6.27863749443635,-10.5186126087739,-41.));
#6765=CARTESIAN_POINT('Ctrl Pts',(-6.4134326945662,-10.4381523590164,-41.));
#6766=CARTESIAN_POINT('Ctrl Pts',(-6.54714330077554,-10.3548299212904,-41.));
#6767=CARTESIAN_POINT('Ctrl Pts',(-6.6799142496332,-10.2684587751788,-41.));
#6768=CARTESIAN_POINT('Ctrl Pts',(-6.80954388078383,-10.1841311424487,-41.));
#6769=CARTESIAN_POINT('Ctrl Pts',(-6.93827838798062,-10.0968966331056,-41.));
#6770=CARTESIAN_POINT('Ctrl Pts',(-7.06621208905617,-10.0065551870999,-41.));
#6771=CARTESIAN_POINT('Ctrl Pts',(-7.19075839543066,-9.91860577800806,-41.));
#6772=CARTESIAN_POINT('Ctrl Pts',(-7.31454612081453,-9.82771106383816,-41.));
#6773=CARTESIAN_POINT('Ctrl Pts',(-7.43761637001351,-9.73367159567793,-41.));
#6774=CARTESIAN_POINT('Ctrl Pts',(-7.55740944640541,-9.6421362549559,-41.));
#6775=CARTESIAN_POINT('Ctrl Pts',(-7.67652295724476,-9.54762072634336,-41.));
#6776=CARTESIAN_POINT('Ctrl Pts',(-7.79494649707568,-9.4499369896168,-41.));
#6777=CARTESIAN_POINT('Ctrl Pts',(-7.91034068913267,-9.35475206360662,-41.));
#6778=CARTESIAN_POINT('Ctrl Pts',(-8.02507983272273,-9.25655830445846,-41.));
#6779=CARTESIAN_POINT('Ctrl Pts',(-8.13910577276471,-9.15518744864071,-41.));
#6780=CARTESIAN_POINT('Ctrl Pts',(-8.25037223939913,-9.05626980812492,-41.));
#6781=CARTESIAN_POINT('Ctrl Pts',(-8.36095956826256,-8.95432638573658,-41.));
#6782=CARTESIAN_POINT('Ctrl Pts',(-8.47076664996821,-8.84921535288788,-41.));
#6783=CARTESIAN_POINT('Ctrl Pts',(-8.57805784018602,-8.7465126160135,-41.));
#6784=CARTESIAN_POINT('Ctrl Pts',(-8.68460399683944,-8.6407852024015,-41.));
#6785=CARTESIAN_POINT('Ctrl Pts',(-8.79026653047803,-8.531923248785,-41.));
#6786=CARTESIAN_POINT('Ctrl Pts',(-8.89361627856896,-8.42544411095328,-41.));
#6787=CARTESIAN_POINT('Ctrl Pts',(-8.99612044890248,-8.31596564163731,-41.));
#6788=CARTESIAN_POINT('Ctrl Pts',(-9.09760902788076,-8.20341453151203,-41.));
#6789=CARTESIAN_POINT('Ctrl Pts',(-9.20042481925602,-8.08939153922861,-41.));
#6790=CARTESIAN_POINT('Ctrl Pts',(-9.30219818890285,-7.97221426564316,-41.));
#6791=CARTESIAN_POINT('Ctrl Pts',(-9.40271246184797,-7.85184681204423,-41.));
#6792=CARTESIAN_POINT('Ctrl Pts',(-9.49680873102141,-7.73916502087462,-41.));
#6793=CARTESIAN_POINT('Ctrl Pts',(-9.58980098303844,-7.62368734105424,-41.));
#6794=CARTESIAN_POINT('Ctrl Pts',(-9.68148242470154,-7.50542457561165,-41.));
#6795=CARTESIAN_POINT('Ctrl Pts',(-9.77141729753215,-7.38941476405394,-41.));
#6796=CARTESIAN_POINT('Ctrl Pts',(-9.86009045400862,-7.27072463638978,-41.));
#6797=CARTESIAN_POINT('Ctrl Pts',(-9.94728432258004,-7.14940798987955,-41.));
#6798=CARTESIAN_POINT('Ctrl Pts',(-10.032832925627,-7.03038047331984,-41.));
#6799=CARTESIAN_POINT('Ctrl Pts',(-10.1169571311672,-6.90882434852489,-41.));
#6800=CARTESIAN_POINT('Ctrl Pts',(-10.1994354478186,-6.78483725271156,-41.));
#6801=CARTESIAN_POINT('Ctrl Pts',(-10.280376317671,-6.66316135299563,-41.));
#6802=CARTESIAN_POINT('Ctrl Pts',(-10.3597316574242,-6.53914405466623,-41.));
#6803=CARTESIAN_POINT('Ctrl Pts',(-10.4372827282586,-6.41292673047148,-41.));
#6804=CARTESIAN_POINT('Ctrl Pts',(-10.5126737710568,-6.2902249342503,-41.));
#6805=CARTESIAN_POINT('Ctrl Pts',(-10.586359225592,-6.16544389457186,-41.));
#6806=CARTESIAN_POINT('Ctrl Pts',(-10.6581354305505,-6.03876221953177,-41.));
#6807=CARTESIAN_POINT('Ctrl Pts',(-10.728827475794,-5.91399403613976,-41.));
#6808=CARTESIAN_POINT('Ctrl Pts',(-10.7976670941579,-5.78738208898437,-41.));
#6809=CARTESIAN_POINT('Ctrl Pts',(-10.8644632641856,-5.65914640040009,-41.));
#6810=CARTESIAN_POINT('Ctrl Pts',(-10.9297229275845,-5.53386050647441,-41.));
#6811=CARTESIAN_POINT('Ctrl Pts',(-10.9930316849937,-5.40702472443694,-41.));
#6812=CARTESIAN_POINT('Ctrl Pts',(-11.0542207055143,-5.27889236429195,-41.));
#6813=CARTESIAN_POINT('Ctrl Pts',(-11.1154097260348,-5.15076000414696,-41.));
#6814=CARTESIAN_POINT('Ctrl Pts',(-11.1744785746069,-5.02133093561791,-41.));
#6815=CARTESIAN_POINT('Ctrl Pts',(-11.2312740057914,-4.89090832124611,-41.));
#6816=CARTESIAN_POINT('Origin',(-13.9817900888424,-6.08868178767373,-41.));
#6817=CARTESIAN_POINT('Ctrl Pts',(4.12164898915685E-6,-12.1511824764243,
-44.));
#6818=CARTESIAN_POINT('Ctrl Pts',(1.90817204731567E-5,-12.1250285374089,
-43.9058845403485));
#6819=CARTESIAN_POINT('Ctrl Pts',(1.65625500255264E-5,-12.0638642113771,
-43.7176994950049));
#6820=CARTESIAN_POINT('Ctrl Pts',(-2.91479241573992E-5,-11.9666780169272,
-43.3983293122385));
#6821=CARTESIAN_POINT('Ctrl Pts',(-9.0767903243812E-6,-11.9041188516046,
-42.9971405869122));
#6822=CARTESIAN_POINT('Ctrl Pts',(-4.38475659893967E-6,-11.9680946396988,
-42.455091572712));
#6823=CARTESIAN_POINT('Ctrl Pts',(6.43089239901539E-7,-12.2419694996703,
-41.7353029133208));
#6824=CARTESIAN_POINT('Ctrl Pts',(3.63781963181323E-15,-12.25,-41.2617993877992));
#6825=CARTESIAN_POINT('Ctrl Pts',(3.60822483003176E-15,-12.25,-41.));
#6826=CARTESIAN_POINT('Ctrl Pts',(0.196098393906408,-12.1419365642975,-43.966725160133));
#6827=CARTESIAN_POINT('Ctrl Pts',(0.188335700390402,-12.1152835509736,-43.8744583026964));
#6828=CARTESIAN_POINT('Ctrl Pts',(0.176650805378304,-12.054084855282,-43.6885622231482));
#6829=CARTESIAN_POINT('Ctrl Pts',(0.168789836770012,-11.9598984268155,-43.3701537911204));
#6830=CARTESIAN_POINT('Ctrl Pts',(0.171172256944443,-11.9035332808995,-42.9691232899866));
#6831=CARTESIAN_POINT('Ctrl Pts',(0.185358386980085,-11.9771486338195,-42.428722044544));
#6832=CARTESIAN_POINT('Ctrl Pts',(0.235120457172896,-12.244785471518,-41.720655111017));
#6833=CARTESIAN_POINT('Ctrl Pts',(0.328289070809026,-12.25,-41.2566571621763));
#6834=CARTESIAN_POINT('Ctrl Pts',(0.405600054604917,-12.25,-41.));
#6835=CARTESIAN_POINT('Ctrl Pts',(0.581353157001252,-12.1192471028229,-43.9001751722306));
#6836=CARTESIAN_POINT('Ctrl Pts',(0.561032216068987,-12.0922580793335,-43.8112936460017));
#6837=CARTESIAN_POINT('Ctrl Pts',(0.530559213325123,-12.0321189016366,-43.6296221873452));
#6838=CARTESIAN_POINT('Ctrl Pts',(0.51176871272091,-11.9451351787749,-43.3130723727679));
#6839=CARTESIAN_POINT('Ctrl Pts',(0.521889094799609,-11.901768414125,-42.9126446777947));
#6840=CARTESIAN_POINT('Ctrl Pts',(0.567267057461816,-11.9923496591982,-42.3767681727929));
#6841=CARTESIAN_POINT('Ctrl Pts',(0.722174760698464,-12.2393194146222,-41.6933292872271));
#6842=CARTESIAN_POINT('Ctrl Pts',(0.995737434042822,-12.224943319588,-41.2476231869318));
#6843=CARTESIAN_POINT('Ctrl Pts',(1.21614883185581,-12.2092931209403,-41.));
#6844=CARTESIAN_POINT('Ctrl Pts',(1.15902844854496,-12.0740603981435,-43.8005921172187));
#6845=CARTESIAN_POINT('Ctrl Pts',(1.12671879822866,-12.0481508410423,-43.7159213209962));
#6846=CARTESIAN_POINT('Ctrl Pts',(1.07914307135433,-11.9923458356714,-43.5395247786349));
#6847=CARTESIAN_POINT('Ctrl Pts',(1.05592513891755,-11.9186477962929,-43.2255556220201));
#6848=CARTESIAN_POINT('Ctrl Pts',(1.08527239183844,-11.8944648621655,-42.8272017843878));
#6849=CARTESIAN_POINT('Ctrl Pts',(1.18587441408593,-11.9988980107721,-42.3022580826358));
#6850=CARTESIAN_POINT('Ctrl Pts',(1.50321313938894,-12.186606732594,-41.6582852039813));
#6851=CARTESIAN_POINT('Ctrl Pts',(2.00832549931376,-12.1046110904734,-41.2370920725594));
#6852=CARTESIAN_POINT('Ctrl Pts',(2.38780439909627,-12.0337618311708,-41.));
#6853=CARTESIAN_POINT('Ctrl Pts',(1.75862182091191,-12.0167000554061,-43.7015475322998));
#6854=CARTESIAN_POINT('Ctrl Pts',(1.71960869570379,-11.9930865337437,-43.6202695685128));
#6855=CARTESIAN_POINT('Ctrl Pts',(1.66402256562761,-11.9435873162669,-43.4481043962534));
#6856=CARTESIAN_POINT('Ctrl Pts',(1.64646081390585,-11.8838452599722,-43.1366368295581));
#6857=CARTESIAN_POINT('Ctrl Pts',(1.70121390429396,-11.8752963012449,-42.7420105340691));
#6858=CARTESIAN_POINT('Ctrl Pts',(1.86355624363522,-11.9767176298876,-42.2323780100483));
#6859=CARTESIAN_POINT('Ctrl Pts',(2.3352622057323,-12.075609614871,-41.6290698478535));
#6860=CARTESIAN_POINT('Ctrl Pts',(3.01648370259605,-11.8980581025528,-41.2287410924454));
#6861=CARTESIAN_POINT('Ctrl Pts',(3.49484984896884,-11.7586358234744,-41.));
#6862=CARTESIAN_POINT('Ctrl Pts',(2.40562754425712,-11.9422661940409,-43.6034767731305));
#6863=CARTESIAN_POINT('Ctrl Pts',(2.36405933361648,-11.921697435842,-43.5248213558349));
#6864=CARTESIAN_POINT('Ctrl Pts',(2.30796230496909,-11.8792843205163,-43.3559206725062));
#6865=CARTESIAN_POINT('Ctrl Pts',(2.30393082645837,-11.8314584044564,-43.0471816157532));
#6866=CARTESIAN_POINT('Ctrl Pts',(2.38787195963491,-11.8307908687866,-42.6585070364607));
#6867=CARTESIAN_POINT('Ctrl Pts',(2.61414210681191,-11.9074931933151,-42.1683984534401));
#6868=CARTESIAN_POINT('Ctrl Pts',(3.21851803927527,-11.8901592976921,-41.6052376011905));
#6869=CARTESIAN_POINT('Ctrl Pts',(4.01116264594847,-11.6038968334408,-41.221671309171));
#6870=CARTESIAN_POINT('Ctrl Pts',(4.53430730347621,-11.3971249367814,-41.));
#6871=CARTESIAN_POINT('Ctrl Pts',(3.13102950338111,-11.8393238306615,-43.5071046114969));
#6872=CARTESIAN_POINT('Ctrl Pts',(3.09012053635355,-11.8218303467657,-43.4303745762622));
#6873=CARTESIAN_POINT('Ctrl Pts',(3.03929340630829,-11.7855019640934,-43.2639539408435));
#6874=CARTESIAN_POINT('Ctrl Pts',(3.05303100947976,-11.7440402128834,-42.9586444238835));
#6875=CARTESIAN_POINT('Ctrl Pts',(3.16556214593147,-11.7390378797036,-42.5786109559359));
#6876=CARTESIAN_POINT('Ctrl Pts',(3.45097721942749,-11.7661810429004,-42.1114387824582));
#6877=CARTESIAN_POINT('Ctrl Pts',(4.15230345029787,-11.6120169711917,-41.5858022057158));
#6878=CARTESIAN_POINT('Ctrl Pts',(4.99030671336879,-11.21960991985,-41.2149829128528));
#6879=CARTESIAN_POINT('Ctrl Pts',(5.51481369531479,-10.9558381097269,-41.));
#6880=CARTESIAN_POINT('Ctrl Pts',(3.97340522856457,-11.6851290021111,-43.4137279647964));
#6881=CARTESIAN_POINT('Ctrl Pts',(3.93517061562844,-11.6697246276478,-43.3383554362443));
#6882=CARTESIAN_POINT('Ctrl Pts',(3.89235876416086,-11.6361883321098,-43.1739493544321));
#6883=CARTESIAN_POINT('Ctrl Pts',(3.92142266578223,-11.5920854768817,-42.8732714706139));
#6884=CARTESIAN_POINT('Ctrl Pts',(4.05483360041662,-11.5671737845046,-42.5045699961104));
#6885=CARTESIAN_POINT('Ctrl Pts',(4.38513178302563,-11.520139244522,-42.0620426535462));
#6886=CARTESIAN_POINT('Ctrl Pts',(5.13465919677893,-11.2207085196883,-41.5690713360782));
#6887=CARTESIAN_POINT('Ctrl Pts',(5.95716143073465,-10.7384061890848,-41.2078481265556));
#6888=CARTESIAN_POINT('Ctrl Pts',(6.45035060895031,-10.4327771810509,-41.));
#6889=CARTESIAN_POINT('Ctrl Pts',(4.97890150768632,-11.4376670782225,-43.3257023759637));
#6890=CARTESIAN_POINT('Ctrl Pts',(4.94287507550945,-11.4223423680692,-43.2513079615176));
#6891=CARTESIAN_POINT('Ctrl Pts',(4.90442800283629,-11.3865302505052,-43.0888258363102));
#6892=CARTESIAN_POINT('Ctrl Pts',(4.93522945674904,-11.3295169685156,-42.7940857826178));
#6893=CARTESIAN_POINT('Ctrl Pts',(5.07243283840123,-11.2688465300469,-42.4384115019173));
#6894=CARTESIAN_POINT('Ctrl Pts',(5.4223996337474,-11.1284927665027,-42.0195379186488));
#6895=CARTESIAN_POINT('Ctrl Pts',(6.16160466940484,-10.6925735522415,-41.5526854901064));
#6896=CARTESIAN_POINT('Ctrl Pts',(6.91670254076275,-10.1472337673262,-41.1995875628359));
#6897=CARTESIAN_POINT('Ctrl Pts',(7.35422345366806,-9.81782980209604,-41.));
#6898=CARTESIAN_POINT('Ctrl Pts',(6.19230314559772,-11.0245651116915,-43.2471065361179));
#6899=CARTESIAN_POINT('Ctrl Pts',(6.15287467224164,-11.0075200232305,-43.1734372930025));
#6900=CARTESIAN_POINT('Ctrl Pts',(6.10371496022453,-10.9659293401562,-43.0128135648924));
#6901=CARTESIAN_POINT('Ctrl Pts',(6.10902259689397,-10.8899700119174,-42.7242104662712));
#6902=CARTESIAN_POINT('Ctrl Pts',(6.22475308805559,-10.7821617083519,-42.3807878997316));
#6903=CARTESIAN_POINT('Ctrl Pts',(6.55921491156201,-10.5417604576269,-41.9814632625408));
#6904=CARTESIAN_POINT('Ctrl Pts',(7.22567138295183,-9.99910741630003,-41.5339111703157));
#6905=CARTESIAN_POINT('Ctrl Pts',(7.87060743539845,-9.42678811144125,-41.1897276745637));
#6906=CARTESIAN_POINT('Ctrl Pts',(8.23367462199788,-9.09521431512712,-41.));
#6907=CARTESIAN_POINT('Ctrl Pts',(7.62636219082606,-10.3361349795049,-43.1839365388304));
#6908=CARTESIAN_POINT('Ctrl Pts',(7.57094531469656,-10.3194205509068,-43.1103946900033));
#6909=CARTESIAN_POINT('Ctrl Pts',(7.48450384101169,-10.2771315444208,-42.9503351767045));
#6910=CARTESIAN_POINT('Ctrl Pts',(7.4318057328277,-10.1859860397239,-42.6650066854648));
#6911=CARTESIAN_POINT('Ctrl Pts',(7.50031922515353,-10.0284848144083,-42.3296003446283));
#6912=CARTESIAN_POINT('Ctrl Pts',(7.7783795860636,-9.70120106570863,-41.9435925674316));
#6913=CARTESIAN_POINT('Ctrl Pts',(8.31207099474425,-9.10584116761276,-41.5102340757552));
#6914=CARTESIAN_POINT('Ctrl Pts',(8.81150728883199,-8.55428443256169,-41.178014334897));
#6915=CARTESIAN_POINT('Ctrl Pts',(9.08554668667613,-8.24772556182373,-41.));
#6916=CARTESIAN_POINT('Ctrl Pts',(9.20594356207405,-9.24127885447801,-43.1421608965658));
#6917=CARTESIAN_POINT('Ctrl Pts',(9.12339568458135,-9.23302008827404,-43.0667696987768));
#6918=CARTESIAN_POINT('Ctrl Pts',(8.98214741234165,-9.20392852177261,-42.9028935314265));
#6919=CARTESIAN_POINT('Ctrl Pts',(8.85911263074027,-9.1067611458061,-42.613837016215));
#6920=CARTESIAN_POINT('Ctrl Pts',(8.86482408916885,-8.9081381863294,-42.2794566053907));
#6921=CARTESIAN_POINT('Ctrl Pts',(9.04225786129877,-8.53773708078675,-41.901062967718));
#6922=CARTESIAN_POINT('Ctrl Pts',(9.39342539087882,-7.97468606544484,-41.4791892592121));
#6923=CARTESIAN_POINT('Ctrl Pts',(9.71778797320564,-7.50980847050526,-41.164369601625));
#6924=CARTESIAN_POINT('Ctrl Pts',(9.89369473724604,-7.26281916694242,-41.));
#6925=CARTESIAN_POINT('Ctrl Pts',(10.7592446892212,-7.62912945829023,-43.1224359139391));
#6926=CARTESIAN_POINT('Ctrl Pts',(10.6610775059517,-7.62940038794473,-43.0413150471131));
#6927=CARTESIAN_POINT('Ctrl Pts',(10.4885613178734,-7.61066719754397,-42.8660689483674));
#6928=CARTESIAN_POINT('Ctrl Pts',(10.3164700451049,-7.50568317886941,-42.563914785637));
#6929=CARTESIAN_POINT('Ctrl Pts',(10.2457938287972,-7.29838471975446,-42.223951460377));
#6930=CARTESIAN_POINT('Ctrl Pts',(10.2811814097248,-6.97961613231555,-41.8490163155014));
#6931=CARTESIAN_POINT('Ctrl Pts',(10.4164968624974,-6.57650703499737,-41.4397183195594));
#6932=CARTESIAN_POINT('Ctrl Pts',(10.5512837165026,-6.28686436704486,-41.1487973897083));
#6933=CARTESIAN_POINT('Ctrl Pts',(10.6293414476302,-6.1404427156702,-41.));
#6934=CARTESIAN_POINT('Ctrl Pts',(11.6538847387757,-6.12122556626998,-43.1213203435597));
#6935=CARTESIAN_POINT('Ctrl Pts',(11.5650196753115,-6.10445452769572,-43.0331494464636));
#6936=CARTESIAN_POINT('Ctrl Pts',(11.4023991285162,-6.06002577018589,-42.8443507807742));
#6937=CARTESIAN_POINT('Ctrl Pts',(11.2124545521333,-5.95527035347936,-42.5266215460594));
#6938=CARTESIAN_POINT('Ctrl Pts',(11.0817268758612,-5.81428318499781,-42.1781775847548));
#6939=CARTESIAN_POINT('Ctrl Pts',(11.0109759609943,-5.64822677216625,-41.8038073180585));
#6940=CARTESIAN_POINT('Ctrl Pts',(10.9972184718264,-5.47544082475199,-41.4092329872554));
#6941=CARTESIAN_POINT('Ctrl Pts',(11.0241249371363,-5.36659663869075,-41.1371069093193));
#6942=CARTESIAN_POINT('Ctrl Pts',(11.046725486507,-5.31469769763701,-41.));
#6943=CARTESIAN_POINT('Ctrl Pts',(12.0368815147544,-5.24172804723743,-43.1213203435597));
#6944=CARTESIAN_POINT('Ctrl Pts',(11.9520188690841,-5.20477271878069,-43.028760282348));
#6945=CARTESIAN_POINT('Ctrl Pts',(11.7934184233632,-5.13570662357814,-42.8315072894086));
#6946=CARTESIAN_POINT('Ctrl Pts',(11.5929610155775,-5.04841298233239,-42.504289785705));
#6947=CARTESIAN_POINT('Ctrl Pts',(11.4333772387423,-4.97891867370301,-42.1513335677715));
#6948=CARTESIAN_POINT('Ctrl Pts',(11.3173974846643,-4.92841270759239,-41.7786777257805));
#6949=CARTESIAN_POINT('Ctrl Pts',(11.2470062342004,-4.89775927037238,-41.3926983409517));
#6950=CARTESIAN_POINT('Ctrl Pts',(11.2312740057914,-4.89090832124609,-41.1308996938996));
#6951=CARTESIAN_POINT('Ctrl Pts',(11.2312740057914,-4.89090832124609,-41.));
#6952=CARTESIAN_POINT('',(12.0368815147544,-5.24172804723743,-43.1213203435597));
#6953=CARTESIAN_POINT('Ctrl Pts',(4.12164898915685E-6,-12.1511824764243,
-44.));
#6954=CARTESIAN_POINT('Ctrl Pts',(0.196098393906408,-12.1419365642975,-43.966725160133));
#6955=CARTESIAN_POINT('Ctrl Pts',(0.581353157001252,-12.1192471028229,-43.9001751722306));
#6956=CARTESIAN_POINT('Ctrl Pts',(1.15902844854496,-12.0740603981435,-43.8005921172187));
#6957=CARTESIAN_POINT('Ctrl Pts',(1.75862182091191,-12.0167000554061,-43.7015475322998));
#6958=CARTESIAN_POINT('Ctrl Pts',(2.40562754425712,-11.9422661940409,-43.6034767731305));
#6959=CARTESIAN_POINT('Ctrl Pts',(3.13102950338111,-11.8393238306615,-43.5071046114969));
#6960=CARTESIAN_POINT('Ctrl Pts',(3.97340522856457,-11.6851290021111,-43.4137279647964));
#6961=CARTESIAN_POINT('Ctrl Pts',(4.97890150768632,-11.4376670782225,-43.3257023759637));
#6962=CARTESIAN_POINT('Ctrl Pts',(6.19230314559772,-11.0245651116915,-43.2471065361179));
#6963=CARTESIAN_POINT('Ctrl Pts',(7.62636219082606,-10.3361349795049,-43.1839365388304));
#6964=CARTESIAN_POINT('Ctrl Pts',(9.20594356207405,-9.24127885447801,-43.1421608965658));
#6965=CARTESIAN_POINT('Ctrl Pts',(10.7592446892212,-7.62912945829023,-43.1224359139391));
#6966=CARTESIAN_POINT('Ctrl Pts',(11.6538847387757,-6.12122556626998,-43.1213203435597));
#6967=CARTESIAN_POINT('Ctrl Pts',(12.0368815147544,-5.24172804723743,-43.1213203435597));
#6968=CARTESIAN_POINT('',(11.2312740057914,-4.89090832124611,-41.));
#6969=CARTESIAN_POINT('Origin',(13.9817900888424,-6.08868178767372,-41.));
#6970=CARTESIAN_POINT('Ctrl Pts',(11.2312740057914,-4.89090832124611,-41.));
#6971=CARTESIAN_POINT('Ctrl Pts',(11.1749097473641,-5.0203408088232,-41.));
#6972=CARTESIAN_POINT('Ctrl Pts',(11.1163064812597,-5.1487948414962,-41.));
#6973=CARTESIAN_POINT('Ctrl Pts',(11.0556139215747,-5.27597392119058,-41.));
#6974=CARTESIAN_POINT('Ctrl Pts',(10.9938256052771,-5.40544911952443,-41.));
#6975=CARTESIAN_POINT('Ctrl Pts',(10.929872271596,-5.53360289402155,-41.));
#6976=CARTESIAN_POINT('Ctrl Pts',(10.8639280010365,-5.66017388322086,-41.));
#6977=CARTESIAN_POINT('Ctrl Pts',(10.7967201676604,-5.78917010806616,-41.));
#6978=CARTESIAN_POINT('Ctrl Pts',(10.7274447973713,-5.91652233816281,-41.));
#6979=CARTESIAN_POINT('Ctrl Pts',(10.6562964067168,-6.04200685966138,-41.));
#6980=CARTESIAN_POINT('Ctrl Pts',(10.5837251331779,-6.17000092180097,-41.));
#6981=CARTESIAN_POINT('Ctrl Pts',(10.5092056230377,-6.2960519062366,-41.));
#6982=CARTESIAN_POINT('Ctrl Pts',(10.4329480965784,-6.41997616927838,-41.));
#6983=CARTESIAN_POINT('Ctrl Pts',(10.3537393060572,-6.54869646021254,-41.));
#6984=CARTESIAN_POINT('Ctrl Pts',(10.2726558675684,-6.67512222076663,-41.));
#6985=CARTESIAN_POINT('Ctrl Pts',(10.1899300425008,-6.79910477408158,-41.));
#6986=CARTESIAN_POINT('Ctrl Pts',(10.1060331907474,-6.92484236433212,-41.));
#6987=CARTESIAN_POINT('Ctrl Pts',(10.0204476002098,-7.04806737649105,-41.));
#6988=CARTESIAN_POINT('Ctrl Pts',(9.93340467590065,-7.16867990252008,-41.));
#6989=CARTESIAN_POINT('Ctrl Pts',(9.84453639755022,-7.29182176178975,-41.));
#6990=CARTESIAN_POINT('Ctrl Pts',(9.75414948323786,-7.41224071401879,-41.));
#6991=CARTESIAN_POINT('Ctrl Pts',(9.6624717431348,-7.52988312081414,-41.));
#6992=CARTESIAN_POINT('Ctrl Pts',(9.56885163653398,-7.65001800473009,-41.));
#6993=CARTESIAN_POINT('Ctrl Pts',(9.47388585258398,-7.76725781519014,-41.));
#6994=CARTESIAN_POINT('Ctrl Pts',(9.3777910909182,-7.88159465178815,-41.));
#6995=CARTESIAN_POINT('Ctrl Pts',(9.27962755707849,-7.99839298432942,-41.));
#6996=CARTESIAN_POINT('Ctrl Pts',(9.18028628521335,-8.11216244293687,-41.));
#6997=CARTESIAN_POINT('Ctrl Pts',(9.07996535668375,-8.2229392020994,-41.));
#6998=CARTESIAN_POINT('Ctrl Pts',(8.97742748530423,-8.33616396236961,-41.));
#6999=CARTESIAN_POINT('Ctrl Pts',(8.87386648848957,-8.44626279364744,-41.));
#7000=CARTESIAN_POINT('Ctrl Pts',(8.76945457332038,-8.55331318767591,-41.));
#7001=CARTESIAN_POINT('Ctrl Pts',(8.6626444769669,-8.66282236469206,-41.));
#7002=CARTESIAN_POINT('Ctrl Pts',(8.55494415413644,-8.76914201702837,-41.));
#7003=CARTESIAN_POINT('Ctrl Pts',(8.44649310018988,-8.87238718206351,-41.));
#7004=CARTESIAN_POINT('Ctrl Pts',(8.33542299575354,-8.97812567740956,-41.));
#7005=CARTESIAN_POINT('Ctrl Pts',(8.2235656015203,-9.08064000608692,-41.));
#7006=CARTESIAN_POINT('Ctrl Pts',(8.11102136682789,-9.18007801638208,-41.));
#7007=CARTESIAN_POINT('Ctrl Pts',(7.99560177341757,-9.28205653841981,-41.));
#7008=CARTESIAN_POINT('Ctrl Pts',(7.87945982926118,-9.38080020219918,-41.));
#7009=CARTESIAN_POINT('Ctrl Pts',(7.76265115825127,-9.47648389410864,-41.));
#7010=CARTESIAN_POINT('Ctrl Pts',(7.64270216389985,-9.57473997836284,-41.));
#7011=CARTESIAN_POINT('Ctrl Pts',(7.52205001982762,-9.66977005980891,-41.));
#7012=CARTESIAN_POINT('Ctrl Pts',(7.40070045469949,-9.76176893702217,-41.));
#7013=CARTESIAN_POINT('Ctrl Pts',(7.26982595747874,-9.86098896131683,-41.));
#7014=CARTESIAN_POINT('Ctrl Pts',(7.13814045181323,-9.95668421239783,-41.));
#7015=CARTESIAN_POINT('Ctrl Pts',(7.00558702175494,-10.0490920226963,-41.));
#7016=CARTESIAN_POINT('Ctrl Pts',(6.87425040144446,-10.1406515507263,-41.));
#7017=CARTESIAN_POINT('Ctrl Pts',(6.74206087997233,-10.2289844857961,-41.));
#7018=CARTESIAN_POINT('Ctrl Pts',(6.60890886437921,-10.3143018969938,-41.));
#7019=CARTESIAN_POINT('Ctrl Pts',(6.47359485737647,-10.4010046083635,-41.));
#7020=CARTESIAN_POINT('Ctrl Pts',(6.33728607355165,-10.4845938466571,-41.));
#7021=CARTESIAN_POINT('Ctrl Pts',(6.19982309063699,-10.5652588063334,-41.));
#7022=CARTESIAN_POINT('Ctrl Pts',(6.06171941108095,-10.6462997346351,-41.));
#7023=CARTESIAN_POINT('Ctrl Pts',(5.92244975792316,-10.7243896549083,-41.));
#7024=CARTESIAN_POINT('Ctrl Pts',(5.781821508873,-10.7996777748011,-41.));
#7025=CARTESIAN_POINT('Ctrl Pts',(5.64239000998816,-10.8743251907776,-41.));
#7026=CARTESIAN_POINT('Ctrl Pts',(5.50162185929288,-10.9462186148652,-41.));
#7027=CARTESIAN_POINT('Ctrl Pts',(5.35931452739753,-11.0154549518586,-41.));
#7028=CARTESIAN_POINT('Ctrl Pts',(5.21970590331622,-11.0833782950577,-41.));
#7029=CARTESIAN_POINT('Ctrl Pts',(5.07861489702272,-11.1487444287934,-41.));
#7030=CARTESIAN_POINT('Ctrl Pts',(4.93585153874776,-11.2115953185727,-41.));
#7031=CARTESIAN_POINT('Ctrl Pts',(4.79662183635826,-11.2728905331476,-41.));
#7032=CARTESIAN_POINT('Ctrl Pts',(4.65580065772663,-11.331793328622,-41.));
#7033=CARTESIAN_POINT('Ctrl Pts',(4.51322692156002,-11.3882958670078,-41.));
#7034=CARTESIAN_POINT('Ctrl Pts',(4.3744714491115,-11.4432852123042,-41.));
#7035=CARTESIAN_POINT('Ctrl Pts',(4.2340552988969,-11.4960008595235,-41.));
#7036=CARTESIAN_POINT('Ctrl Pts',(4.09185622881439,-11.5463939220309,-41.));
#7037=CARTESIAN_POINT('Ctrl Pts',(3.95345973455321,-11.5954394128494,-41.));
#7038=CARTESIAN_POINT('Ctrl Pts',(3.81337380583514,-11.6422845072219,-41.));
#7039=CARTESIAN_POINT('Ctrl Pts',(3.67152054932851,-11.6868488847875,-41.));
#7040=CARTESIAN_POINT('Ctrl Pts',(3.53103902279748,-11.7309823219992,-41.));
#7041=CARTESIAN_POINT('Ctrl Pts',(3.38882355906232,-11.7728785696731,-41.));
#7042=CARTESIAN_POINT('Ctrl Pts',(3.24484221699875,-11.8124298510841,-41.));
#7043=CARTESIAN_POINT('Ctrl Pts',(3.10836296111512,-11.8499203299118,-41.));
#7044=CARTESIAN_POINT('Ctrl Pts',(2.97029690558518,-11.8853032877396,-41.));
#7045=CARTESIAN_POINT('Ctrl Pts',(2.83066125927965,-11.918467050557,-41.));
#7046=CARTESIAN_POINT('Ctrl Pts',(2.69409271678298,-11.9509023697002,-41.));
#7047=CARTESIAN_POINT('Ctrl Pts',(2.55602250445941,-11.9812144499365,-41.));
#7048=CARTESIAN_POINT('Ctrl Pts',(2.41651372137839,-12.0092864664971,-41.));
#7049=CARTESIAN_POINT('Ctrl Pts',(2.27997507301652,-12.0367608312885,-41.));
#7050=CARTESIAN_POINT('Ctrl Pts',(2.14205826129696,-12.0620890188601,-41.));
#7051=CARTESIAN_POINT('Ctrl Pts',(2.00287138088596,-12.0851564421661,-41.));
#7052=CARTESIAN_POINT('Ctrl Pts',(1.8665662749583,-12.1077462693675,-41.));
#7053=CARTESIAN_POINT('Ctrl Pts',(1.72904302669266,-12.128167493659,-41.));
#7054=CARTESIAN_POINT('Ctrl Pts',(1.59045290033346,-12.1463146497949,-41.));
#7055=CARTESIAN_POINT('Ctrl Pts',(1.45609006331192,-12.1639082796323,-41.));
#7056=CARTESIAN_POINT('Ctrl Pts',(1.32072447416044,-12.1793640087809,-41.));
#7057=CARTESIAN_POINT('Ctrl Pts',(1.1845416970508,-12.19259451339,-41.));
#7058=CARTESIAN_POINT('Ctrl Pts',(1.05061555153743,-12.2056057804761,-41.));
#7059=CARTESIAN_POINT('Ctrl Pts',(0.915899058679809,-12.2164645107622,-41.));
#7060=CARTESIAN_POINT('Ctrl Pts',(0.780615623584333,-12.2251028318054,-41.));
#7061=CARTESIAN_POINT('Ctrl Pts',(0.648803248483013,-12.2335195135136,-41.));
#7062=CARTESIAN_POINT('Ctrl Pts',(0.516452756229827,-12.2398278839995,-41.));
#7063=CARTESIAN_POINT('Ctrl Pts',(0.38381493424225,-12.2439857112075,-41.));
#7064=CARTESIAN_POINT('Ctrl Pts',(0.256055272619261,-12.2479906216412,-41.));
#7065=CARTESIAN_POINT('Ctrl Pts',(0.128029241516309,-12.25,-41.));
#7066=CARTESIAN_POINT('Ctrl Pts',(-5.88418203051333E-15,-12.25,-41.));
#7067=CARTESIAN_POINT('Ctrl Pts',(4.12164898915685E-6,-12.1511824764243,
-44.));
#7068=CARTESIAN_POINT('Ctrl Pts',(0.196098393906408,-12.1419365642975,-43.966725160133));
#7069=CARTESIAN_POINT('Ctrl Pts',(0.581353157001252,-12.1192471028229,-43.9001751722306));
#7070=CARTESIAN_POINT('Ctrl Pts',(1.15902844854496,-12.0740603981435,-43.8005921172187));
#7071=CARTESIAN_POINT('Ctrl Pts',(1.75862182091191,-12.0167000554061,-43.7015475322998));
#7072=CARTESIAN_POINT('Ctrl Pts',(2.40562754425712,-11.9422661940409,-43.6034767731305));
#7073=CARTESIAN_POINT('Ctrl Pts',(3.13102950338111,-11.8393238306615,-43.5071046114969));
#7074=CARTESIAN_POINT('Ctrl Pts',(3.97340522856457,-11.6851290021111,-43.4137279647964));
#7075=CARTESIAN_POINT('Ctrl Pts',(4.97890150768632,-11.4376670782225,-43.3257023759637));
#7076=CARTESIAN_POINT('Ctrl Pts',(6.19230314559772,-11.0245651116915,-43.2471065361179));
#7077=CARTESIAN_POINT('Ctrl Pts',(7.62636219082606,-10.3361349795049,-43.1839365388304));
#7078=CARTESIAN_POINT('Ctrl Pts',(9.20594356207405,-9.24127885447801,-43.1421608965658));
#7079=CARTESIAN_POINT('Ctrl Pts',(10.7592446892212,-7.62912945829023,-43.1224359139391));
#7080=CARTESIAN_POINT('Ctrl Pts',(11.6538847387757,-6.12122556626998,-43.1213203435597));
#7081=CARTESIAN_POINT('Ctrl Pts',(12.0368815147544,-5.24172804723743,-43.1213203435597));
#7082=CARTESIAN_POINT('Ctrl Pts',(0.554627520237753,-12.1511850267874,-44.));
#7083=CARTESIAN_POINT('Ctrl Pts',(0.736565503015658,-12.1391582674916,-43.9674908762418));
#7084=CARTESIAN_POINT('Ctrl Pts',(1.09797919621634,-12.1116574711124,-43.9028576409843));
#7085=CARTESIAN_POINT('Ctrl Pts',(1.65131255317849,-12.059713846639,-43.8072032591904));
#7086=CARTESIAN_POINT('Ctrl Pts',(2.23633011475337,-11.9941641189828,-43.7130959512131));
#7087=CARTESIAN_POINT('Ctrl Pts',(2.87693213480359,-11.908030180203,-43.6209698265798));
#7088=CARTESIAN_POINT('Ctrl Pts',(3.60217627734801,-11.7875951520084,-43.5315762446757));
#7089=CARTESIAN_POINT('Ctrl Pts',(4.44762582907067,-11.6077919543778,-43.4462379570294));
#7090=CARTESIAN_POINT('Ctrl Pts',(5.45378779529752,-11.3249466204135,-43.3672762522359));
#7091=CARTESIAN_POINT('Ctrl Pts',(6.65471381049442,-10.8680254461815,-43.298550893433));
#7092=CARTESIAN_POINT('Ctrl Pts',(8.04625377874543,-10.1370317742542,-43.2455063290164));
#7093=CARTESIAN_POINT('Ctrl Pts',(9.53907788964161,-9.02596926527355,-43.2133864628259));
#7094=CARTESIAN_POINT('Ctrl Pts',(10.967917445609,-7.46177353996042,-43.2032780483468));
#7095=CARTESIAN_POINT('Ctrl Pts',(11.7728408708473,-6.06889675376149,-43.2094912406557));
#7096=CARTESIAN_POINT('Ctrl Pts',(12.1217441604246,-5.27868337569417,-43.2138804047713));
#7097=CARTESIAN_POINT('Ctrl Pts',(1.66313569381686,-12.1280440275689,-44.));
#7098=CARTESIAN_POINT('Ctrl Pts',(1.8247891528904,-12.1118231032003,-43.9695582335694));
#7099=CARTESIAN_POINT('Ctrl Pts',(2.15285198651452,-12.0759833021238,-43.9096583935833));
#7100=CARTESIAN_POINT('Ctrl Pts',(2.67475954581562,-12.0087440499193,-43.8228542739705));
#7101=CARTESIAN_POINT('Ctrl Pts',(3.24402863949625,-11.9219765607421,-43.7393442955602));
#7102=CARTESIAN_POINT('Ctrl Pts',(3.88128696022469,-11.8053022163922,-43.6595816521974));
#7103=CARTESIAN_POINT('Ctrl Pts',(4.61112396937988,-11.6414170844341,-43.5843305648513));
#7104=CARTESIAN_POINT('Ctrl Pts',(5.46171254791305,-11.402016688318,-43.5148671548034));
#7105=CARTESIAN_POINT('Ctrl Pts',(6.4600599657008,-11.0425271670614,-43.4533003859767));
#7106=CARTESIAN_POINT('Ctrl Pts',(7.61690000120267,-10.4988934790815,-43.4029184914516));
#7107=CARTESIAN_POINT('Ctrl Pts',(8.89755504604397,-9.69626668329756,-43.3680898223618));
#7108=CARTESIAN_POINT('Ctrl Pts',(10.1974997045544,-8.57941874159433,-43.3529325343128));
#7109=CARTESIAN_POINT('Ctrl Pts',(11.3771892181525,-7.14099176983929,-43.3590397553988));
#7110=CARTESIAN_POINT('Ctrl Pts',(12.0175468611171,-5.97983837354361,-43.3763265794179));
#7111=CARTESIAN_POINT('Ctrl Pts',(12.3025933369279,-5.35743817606627,-43.3868666091039));
#7112=CARTESIAN_POINT('Ctrl Pts',(3.52915662509803,-11.983176092457,-44.));
#7113=CARTESIAN_POINT('Ctrl Pts',(3.67640248317168,-11.9570677286574,-43.9741306811075));
#7114=CARTESIAN_POINT('Ctrl Pts',(3.98248506303233,-11.8992100537179,-43.9239914067449));
#7115=CARTESIAN_POINT('Ctrl Pts',(4.48748963959632,-11.789253986718,-43.8536585594084));
#7116=CARTESIAN_POINT('Ctrl Pts',(5.05066615880044,-11.6470580418497,-43.7883857817664));
#7117=CARTESIAN_POINT('Ctrl Pts',(5.68567360298535,-11.459416151097,-43.728495755479));
#7118=CARTESIAN_POINT('Ctrl Pts',(6.40688304245684,-11.2071209205059,-43.6745319686517));
#7119=CARTESIAN_POINT('Ctrl Pts',(7.2265802418133,-10.8628863982854,-43.6274181887815));
#7120=CARTESIAN_POINT('Ctrl Pts',(8.14767507204611,-10.3906993883949,-43.5887005782522));
#7121=CARTESIAN_POINT('Ctrl Pts',(9.15013112051788,-9.75076077146361,-43.5607620037822));
#7122=CARTESIAN_POINT('Ctrl Pts',(10.1766950966071,-8.91562820628178,-43.5466616495251));
#7123=CARTESIAN_POINT('Ctrl Pts',(11.1380945547395,-7.89321377771665,-43.5491105578443));
#7124=CARTESIAN_POINT('Ctrl Pts',(11.9568010941153,-6.73145974935975,-43.5689833483893));
#7125=CARTESIAN_POINT('Ctrl Pts',(12.3967861996603,-5.90476892313048,-43.5922995363597));
#7126=CARTESIAN_POINT('Ctrl Pts',(12.6025990057921,-5.48808232396187,-43.6055063862217));
#7127=CARTESIAN_POINT('Ctrl Pts',(5.83563300787934,-11.6048094684603,-44.));
#7128=CARTESIAN_POINT('Ctrl Pts',(5.97480508911282,-11.5622600473454,-43.980245682727));
#7129=CARTESIAN_POINT('Ctrl Pts',(6.26741287921725,-11.4680847395163,-43.9426549495944));
#7130=CARTESIAN_POINT('Ctrl Pts',(6.7531855697993,-11.292203792283,-43.8919035603266));
#7131=CARTESIAN_POINT('Ctrl Pts',(7.28968078302966,-11.0723899230824,-43.8467011723817));
#7132=CARTESIAN_POINT('Ctrl Pts',(7.88018933914554,-10.7967776343599,-43.8070486579297));
#7133=CARTESIAN_POINT('Ctrl Pts',(8.52589107857554,-10.4504489604156,-43.7731402029083));
#7134=CARTESIAN_POINT('Ctrl Pts',(9.22241428175067,-10.0160175193849,-43.7455281693532));
#7135=CARTESIAN_POINT('Ctrl Pts',(9.95416419548904,-9.47705032595387,-43.7253019040721));
#7136=CARTESIAN_POINT('Ctrl Pts',(10.6889381255684,-8.82603017545657,-43.714110096741));
#7137=CARTESIAN_POINT('Ctrl Pts',(11.3800295275816,-8.07567149544133,-43.7137653402245));
#7138=CARTESIAN_POINT('Ctrl Pts',(11.9849539840743,-7.26213350602949,-43.7252500318902));
#7139=CARTESIAN_POINT('Ctrl Pts',(12.4885255614697,-6.43384359326244,-43.747951485354));
#7140=CARTESIAN_POINT('Ctrl Pts',(12.7819914523979,-5.89292915591727,-43.7684459582264));
#7141=CARTESIAN_POINT('Ctrl Pts',(12.926202923805,-5.62900285484567,-43.7795651141294));
#7142=CARTESIAN_POINT('Ctrl Pts',(8.87526116988024,-10.7600497236402,-44.));
#7143=CARTESIAN_POINT('Ctrl Pts',(8.98953796898079,-10.6949016695763,-43.9878609238389));
#7144=CARTESIAN_POINT('Ctrl Pts',(9.2251270223155,-10.5542083066169,-43.9652214217611));
#7145=CARTESIAN_POINT('Ctrl Pts',(9.59780130417805,-10.3079782065753,-43.9358002340589));
#7146=CARTESIAN_POINT('Ctrl Pts',(9.98835630982432,-10.021966511164,-43.9106357823131));
#7147=CARTESIAN_POINT('Ctrl Pts',(10.3948643439366,-9.69105085990148,-43.8896190656141));
#7148=CARTESIAN_POINT('Ctrl Pts',(10.8131807024907,-9.31026884656515,-43.8728915615963));
#7149=CARTESIAN_POINT('Ctrl Pts',(11.2349994102764,-8.8767859499234,-43.8608927145223));
#7150=CARTESIAN_POINT('Ctrl Pts',(11.6469159695285,-8.39317258693404,-43.8543025347506));
#7151=CARTESIAN_POINT('Ctrl Pts',(12.0325875178185,-7.87058961627694,-43.8537974390133));
#7152=CARTESIAN_POINT('Ctrl Pts',(12.3798381355002,-7.32903423977127,-43.8596322991907));
#7153=CARTESIAN_POINT('Ctrl Pts',(12.6874814867931,-6.7907124419972,-43.8712863799025));
#7154=CARTESIAN_POINT('Ctrl Pts',(12.9728625665274,-6.27146569316048,-43.8873678740964));
#7155=CARTESIAN_POINT('Ctrl Pts',(13.1705790634709,-5.93825853386741,-43.8996124563769));
#7156=CARTESIAN_POINT('Ctrl Pts',(13.2678682194181,-5.77778861472767,-43.9060647424638));
#7157=CARTESIAN_POINT('Ctrl Pts',(12.2213041379174,-9.26620033524174,-44.));
#7158=CARTESIAN_POINT('Ctrl Pts',(12.2344900646588,-9.20620820446087,-43.9956073848845));
#7159=CARTESIAN_POINT('Ctrl Pts',(12.2663104271404,-9.07919120030807,-43.9876552786803));
#7160=CARTESIAN_POINT('Ctrl Pts',(12.3305118334321,-8.86616913316512,-43.978025305819));
#7161=CARTESIAN_POINT('Ctrl Pts',(12.4108256487821,-8.62956003962555,-43.9705794740691));
#7162=CARTESIAN_POINT('Ctrl Pts',(12.5058945648015,-8.36909791941599,-43.9652785501295));
#7163=CARTESIAN_POINT('Ctrl Pts',(12.6131564984902,-8.08606386954439,-43.9621220927704));
#7164=CARTESIAN_POINT('Ctrl Pts',(12.7293956015441,-7.78406802034373,-43.9610846393912));
#7165=CARTESIAN_POINT('Ctrl Pts',(12.8520119847614,-7.46921839964812,-43.9620369040671));
#7166=CARTESIAN_POINT('Ctrl Pts',(12.980850197898,-7.14905794566612,-43.9646855703099));
#7167=CARTESIAN_POINT('Ctrl Pts',(13.1187541171759,-6.83104320974458,-43.9685876049625));
#7168=CARTESIAN_POINT('Ctrl Pts',(13.2729093460725,-6.5185767919666,-43.9731706143103));
#7169=CARTESIAN_POINT('Ctrl Pts',(13.4466829178276,-6.21544476355539,-43.9779223501667));
#7170=CARTESIAN_POINT('Ctrl Pts',(13.5634801316062,-6.02428672562761,-43.9812119958446));
#7171=CARTESIAN_POINT('Ctrl Pts',(13.6217490546506,-5.93189390330634,-43.9828407892185));
#7172=CARTESIAN_POINT('Ctrl Pts',(13.3516159277052,-8.34483351467021,-44.));
#7173=CARTESIAN_POINT('Ctrl Pts',(13.3346479335435,-8.2986070074111,-44.));
#7174=CARTESIAN_POINT('Ctrl Pts',(13.3070660573905,-8.20008875378229,-44.));
#7175=CARTESIAN_POINT('Ctrl Pts',(13.2841514175467,-8.03481059264045,-44.));
#7176=CARTESIAN_POINT('Ctrl Pts',(13.2790876171272,-7.85383854024849,-44.));
#7177=CARTESIAN_POINT('Ctrl Pts',(13.2911081670189,-7.65976747122325,-44.));
#7178=CARTESIAN_POINT('Ctrl Pts',(13.3192643976704,-7.45579566929533,-44.));
#7179=CARTESIAN_POINT('Ctrl Pts',(13.362517217065,-7.24558046102371,-44.));
#7180=CARTESIAN_POINT('Ctrl Pts',(13.4197701905798,-7.03294148997601,-44.));
#7181=CARTESIAN_POINT('Ctrl Pts',(13.4899560449905,-6.82170595444545,-44.));
#7182=CARTESIAN_POINT('Ctrl Pts',(13.5716573587345,-6.61489994752926,-44.));
#7183=CARTESIAN_POINT('Ctrl Pts',(13.6628724860016,-6.41423621880268,-44.));
#7184=CARTESIAN_POINT('Ctrl Pts',(13.7614333946612,-6.22130056143856,-44.));
#7185=CARTESIAN_POINT('Ctrl Pts',(13.8285214328086,-6.09723697425766,-44.));
#7186=CARTESIAN_POINT('Ctrl Pts',(13.8617761843966,-6.03641906096825,-44.));
#7187=CARTESIAN_POINT('Ctrl Pts',(13.9363895875863,-7.83996379693184,-44.));
#7188=CARTESIAN_POINT('Ctrl Pts',(13.9093174854518,-7.79776674198058,-44.));
#7189=CARTESIAN_POINT('Ctrl Pts',(13.8596107114537,-7.71010462442111,-44.));
#7190=CARTESIAN_POINT('Ctrl Pts',(13.7993354488345,-7.57067292306958,-44.));
#7191=CARTESIAN_POINT('Ctrl Pts',(13.7542894319111,-7.42537345335186,-44.));
#7192=CARTESIAN_POINT('Ctrl Pts',(13.7250395706209,-7.27608398916121,-44.));
#7193=CARTESIAN_POINT('Ctrl Pts',(13.711725746846,-7.12446456559049,-44.));
#7194=CARTESIAN_POINT('Ctrl Pts',(13.7140760175553,-6.97199862202349,-44.));
#7195=CARTESIAN_POINT('Ctrl Pts',(13.7313901844088,-6.81998925848265,-44.));
#7196=CARTESIAN_POINT('Ctrl Pts',(13.7625928743006,-6.66967745607922,-44.));
#7197=CARTESIAN_POINT('Ctrl Pts',(13.8058626633179,-6.52156577808042,-44.));
#7198=CARTESIAN_POINT('Ctrl Pts',(13.8589518978704,-6.37568312059473,-44.));
#7199=CARTESIAN_POINT('Ctrl Pts',(13.919196275906,-6.23201059285524,-44.));
#7200=CARTESIAN_POINT('Ctrl Pts',(13.960971003276,-6.13648985095926,-44.));
#7201=CARTESIAN_POINT('Ctrl Pts',(13.9817900888424,-6.08868178767372,-44.));
#7202=CARTESIAN_POINT('',(13.9363895875863,-7.83996379693184,-44.));
#7203=CARTESIAN_POINT('Ctrl Pts',(4.12164898915685E-6,-12.1511824764243,
-44.));
#7204=CARTESIAN_POINT('Ctrl Pts',(0.554627520237753,-12.1511850267874,-44.));
#7205=CARTESIAN_POINT('Ctrl Pts',(1.66313569381686,-12.1280440275689,-44.));
#7206=CARTESIAN_POINT('Ctrl Pts',(3.52915662509803,-11.983176092457,-44.));
#7207=CARTESIAN_POINT('Ctrl Pts',(5.83563300787934,-11.6048094684603,-44.));
#7208=CARTESIAN_POINT('Ctrl Pts',(8.87526116988024,-10.7600497236402,-44.));
#7209=CARTESIAN_POINT('Ctrl Pts',(12.2213041379174,-9.26620033524174,-44.));
#7210=CARTESIAN_POINT('Ctrl Pts',(13.3516159277052,-8.34483351467021,-44.));
#7211=CARTESIAN_POINT('Ctrl Pts',(13.9363895875863,-7.83996379693184,-44.));
#7212=CARTESIAN_POINT('',(13.9817900888424,-6.08868178767372,-44.));
#7213=CARTESIAN_POINT('Ctrl Pts',(13.9363895875863,-7.83996379693185,-44.));
#7214=CARTESIAN_POINT('Ctrl Pts',(13.9074339013827,-7.79483081553967,-44.));
#7215=CARTESIAN_POINT('Ctrl Pts',(13.8810166192231,-7.74782842261301,-44.));
#7216=CARTESIAN_POINT('Ctrl Pts',(13.8573354285011,-7.69933738132491,-44.));
#7217=CARTESIAN_POINT('Ctrl Pts',(13.8354684672245,-7.65456126619816,-44.));
#7218=CARTESIAN_POINT('Ctrl Pts',(13.8159359542925,-7.60851886038124,-44.));
#7219=CARTESIAN_POINT('Ctrl Pts',(13.7988856327784,-7.56154026234078,-44.));
#7220=CARTESIAN_POINT('Ctrl Pts',(13.7832943333103,-7.51858169466572,-44.));
#7221=CARTESIAN_POINT('Ctrl Pts',(13.7697790249514,-7.47484098215476,-44.));
#7222=CARTESIAN_POINT('Ctrl Pts',(13.7584079955273,-7.43054777463831,-44.));
#7223=CARTESIAN_POINT('Ctrl Pts',(13.7469798534655,-7.38603209808943,-44.));
#7224=CARTESIAN_POINT('Ctrl Pts',(13.7377176206717,-7.34095821877772,-44.));
#7225=CARTESIAN_POINT('Ctrl Pts',(13.7306435050125,-7.2955356740865,-44.));
#7226=CARTESIAN_POINT('Ctrl Pts',(13.7235358253893,-7.24989761685276,-44.));
#7227=CARTESIAN_POINT('Ctrl Pts',(13.7186371104946,-7.20390742728907,-44.));
#7228=CARTESIAN_POINT('Ctrl Pts',(13.7159219091667,-7.15775610706747,-44.));
#7229=CARTESIAN_POINT('Ctrl Pts',(13.7131887899677,-7.11130022990709,-44.));
#7230=CARTESIAN_POINT('Ctrl Pts',(13.7126681485022,-7.06468093713633,-44.));
#7231=CARTESIAN_POINT('Ctrl Pts',(13.714284862059,-7.01807354112205,-44.));
#7232=CARTESIAN_POINT('Ctrl Pts',(13.7158113027848,-6.97406857369827,-44.));
#7233=CARTESIAN_POINT('Ctrl Pts',(13.7192426743917,-6.9300739317779,-44.));
#7234=CARTESIAN_POINT('Ctrl Pts',(13.724475428764,-6.88622326613028,-44.));
#7235=CARTESIAN_POINT('Ctrl Pts',(13.7288184229156,-6.84982882242094,-44.));
#7236=CARTESIAN_POINT('Ctrl Pts',(13.7344022452897,-6.81353456046765,-44.));
#7237=CARTESIAN_POINT('Ctrl Pts',(13.7411448430484,-6.77740622841852,-44.));
#7238=CARTESIAN_POINT('Ctrl Pts',(13.7481397174112,-6.73992614245384,-44.));
#7239=CARTESIAN_POINT('Ctrl Pts',(13.7563815845155,-6.70262472156017,-44.));
#7240=CARTESIAN_POINT('Ctrl Pts',(13.7657374406938,-6.66552730928762,-44.));
#7241=CARTESIAN_POINT('Ctrl Pts',(13.7781794441514,-6.61619284721717,-44.));
#7242=CARTESIAN_POINT('Ctrl Pts',(13.7925900290505,-6.56721533330177,-44.));
#7243=CARTESIAN_POINT('Ctrl Pts',(13.8085955309269,-6.51859914153868,-44.));
#7244=CARTESIAN_POINT('Ctrl Pts',(13.8196310738838,-6.48507903846751,-44.));
#7245=CARTESIAN_POINT('Ctrl Pts',(13.8314249172858,-6.45173074954772,-44.));
#7246=CARTESIAN_POINT('Ctrl Pts',(13.8438505257716,-6.41856440486219,-44.));
#7247=CARTESIAN_POINT('Ctrl Pts',(13.8544345301717,-6.39031365653944,-44.));
#7248=CARTESIAN_POINT('Ctrl Pts',(13.8654773296325,-6.36219599091982,-44.));
#7249=CARTESIAN_POINT('Ctrl Pts',(13.8768491806558,-6.33417591433266,-44.));
#7250=CARTESIAN_POINT('Ctrl Pts',(13.891729590571,-6.29751079933783,-44.));
#7251=CARTESIAN_POINT('Ctrl Pts',(13.9071671346585,-6.26100860171641,-44.));
#7252=CARTESIAN_POINT('Ctrl Pts',(13.9228306104405,-6.22454491813832,-44.));
#7253=CARTESIAN_POINT('Ctrl Pts',(13.9332391606575,-6.20031440334713,-44.));
#7254=CARTESIAN_POINT('Ctrl Pts',(13.9437465427922,-6.17609985734809,-44.));
#7255=CARTESIAN_POINT('Ctrl Pts',(13.9542791894318,-6.15187863394125,-44.));
#7256=CARTESIAN_POINT('Ctrl Pts',(13.9634378110187,-6.13081716409955,-44.));
#7257=CARTESIAN_POINT('Ctrl Pts',(13.9726152880867,-6.10975041020097,-44.));
#7258=CARTESIAN_POINT('Ctrl Pts',(13.9817900888424,-6.08868178767372,-44.));
#7259=CARTESIAN_POINT('Origin',(13.9817900888424,-6.08868178767372,-41.));
#7260=CARTESIAN_POINT('Ctrl Pts',(4.12164898915685E-6,-12.1511824764243,
-44.));
#7261=CARTESIAN_POINT('Ctrl Pts',(0.554627520237753,-12.1511850267874,-44.));
#7262=CARTESIAN_POINT('Ctrl Pts',(1.66313569381686,-12.1280440275689,-44.));
#7263=CARTESIAN_POINT('Ctrl Pts',(3.52915662509803,-11.983176092457,-44.));
#7264=CARTESIAN_POINT('Ctrl Pts',(5.83563300787934,-11.6048094684603,-44.));
#7265=CARTESIAN_POINT('Ctrl Pts',(8.87526116988024,-10.7600497236402,-44.));
#7266=CARTESIAN_POINT('Ctrl Pts',(12.2213041379174,-9.26620033524174,-44.));
#7267=CARTESIAN_POINT('Ctrl Pts',(13.3516159277052,-8.34483351467021,-44.));
#7268=CARTESIAN_POINT('Ctrl Pts',(13.9363895875863,-7.83996379693184,-44.));
#7269=CARTESIAN_POINT('Ctrl Pts',(0.39217150942784,-12.1696779074358,-44.066549679734));
#7270=CARTESIAN_POINT('Ctrl Pts',(0.931532197280526,-12.1632683684744,-44.0650182475164));
#7271=CARTESIAN_POINT('Ctrl Pts',(2.02375171644193,-12.127848618219,-44.0608835328612));
#7272=CARTESIAN_POINT('Ctrl Pts',(3.88807846756783,-11.9559573254223,-44.0517386377851));
#7273=CARTESIAN_POINT('Ctrl Pts',(6.19637775089934,-11.5461105664547,-44.039508634546));
#7274=CARTESIAN_POINT('Ctrl Pts',(9.19945188772566,-10.6831074745338,-44.0242781523223));
#7275=CARTESIAN_POINT('Ctrl Pts',(12.3619588618061,-9.26479601402935,-44.008785230231));
#7276=CARTESIAN_POINT('Ctrl Pts',(13.4314960738464,-8.39762021796305,-44.));
#7277=CARTESIAN_POINT('Ctrl Pts',(13.9905337918555,-7.92435790683438,-44.));
#7278=CARTESIAN_POINT('Ctrl Pts',(1.2039469828357,-12.1904188828494,-44.1996499653071));
#7279=CARTESIAN_POINT('Ctrl Pts',(1.72611161286559,-12.1711553389254,-44.1935382085778));
#7280=CARTESIAN_POINT('Ctrl Pts',(2.80380375805944,-12.107382161326,-44.1787597629118));
#7281=CARTESIAN_POINT('Ctrl Pts',(4.67672373437396,-11.8769568631162,-44.1488492271651));
#7282=CARTESIAN_POINT('Ctrl Pts',(6.98955736130117,-11.403125686521,-44.1108578702037));
#7283=CARTESIAN_POINT('Ctrl Pts',(9.88776512184776,-10.5170762864565,-44.0663003750035));
#7284=CARTESIAN_POINT('Ctrl Pts',(12.6709019994111,-9.24938905347076,-44.023053950425));
#7285=CARTESIAN_POINT('Ctrl Pts',(13.6165420797638,-8.48625716470865,-44.));
#7286=CARTESIAN_POINT('Ctrl Pts',(14.1165659807755,-8.07998804471375,-44.));
#7287=CARTESIAN_POINT('Ctrl Pts',(2.67238201002916,-12.1403172247216,-44.3973094284189));
#7288=CARTESIAN_POINT('Ctrl Pts',(3.19102671820216,-12.0964042319974,-44.3803222697441));
#7289=CARTESIAN_POINT('Ctrl Pts',(4.27612081298952,-11.9775682943848,-44.3425957454916));
#7290=CARTESIAN_POINT('Ctrl Pts',(6.16905627769914,-11.6500826324546,-44.2744083220997));
#7291=CARTESIAN_POINT('Ctrl Pts',(8.44079949703588,-11.0924719958596,-44.1957641391853));
#7292=CARTESIAN_POINT('Ctrl Pts',(11.0444441677174,-10.2269046615997,-44.1124733186948));
#7293=CARTESIAN_POINT('Ctrl Pts',(13.2172709122727,-9.18976095148982,-44.0357973521408));
#7294=CARTESIAN_POINT('Ctrl Pts',(13.9572414290409,-8.57920042004571,-44.));
#7295=CARTESIAN_POINT('Ctrl Pts',(14.3504158473635,-8.26197878833276,-44.));
#7296=CARTESIAN_POINT('Ctrl Pts',(4.6152295447825,-11.9536829858138,-44.5885530846988));
#7297=CARTESIAN_POINT('Ctrl Pts',(5.13666447206513,-11.879407024598,-44.5566212102379));
#7298=CARTESIAN_POINT('Ctrl Pts',(6.23194010812444,-11.695485438688,-44.4888557859208));
#7299=CARTESIAN_POINT('Ctrl Pts',(8.10043256650997,-11.2756817854314,-44.3766167121019));
#7300=CARTESIAN_POINT('Ctrl Pts',(10.2023416633313,-10.6760962303437,-44.2580495660461));
#7301=CARTESIAN_POINT('Ctrl Pts',(12.3170234935087,-9.90589910772052,-44.1418027438519));
#7302=CARTESIAN_POINT('Ctrl Pts',(13.8156385210276,-9.11263182331441,-44.039940873654));
#7303=CARTESIAN_POINT('Ctrl Pts',(14.3366862433564,-8.63565308852992,-44.));
#7304=CARTESIAN_POINT('Ctrl Pts',(14.6146851306779,-8.38349960467541,-44.));
#7305=CARTESIAN_POINT('Ctrl Pts',(7.37829671229138,-11.5461596332915,-44.7607593861397));
#7306=CARTESIAN_POINT('Ctrl Pts',(7.89251403946687,-11.4405448981209,-44.7093885642753));
#7307=CARTESIAN_POINT('Ctrl Pts',(8.94957577157226,-11.2001348133153,-44.6048815407835));
#7308=CARTESIAN_POINT('Ctrl Pts',(10.6066513712304,-10.7452518183984,-44.4462195274629));
#7309=CARTESIAN_POINT('Ctrl Pts',(12.2436784081511,-10.2016942713344,-44.291482812237));
#7310=CARTESIAN_POINT('Ctrl Pts',(13.6042479485251,-9.61105832259894,-44.1495507514615));
#7311=CARTESIAN_POINT('Ctrl Pts',(14.4041706437197,-9.04117259335977,-44.0359415988409));
#7312=CARTESIAN_POINT('Ctrl Pts',(14.7345197649112,-8.65116974156231,-44.));
#7313=CARTESIAN_POINT('Ctrl Pts',(14.9022171893545,-8.44248985228729,-44.));
#7314=CARTESIAN_POINT('Ctrl Pts',(11.3802553949194,-10.9574923741558,-44.8703443114764));
#7315=CARTESIAN_POINT('Ctrl Pts',(11.7458954864834,-10.8516853264599,-44.7988383776767));
#7316=CARTESIAN_POINT('Ctrl Pts',(12.4530727091296,-10.6258005734054,-44.6585538768006));
#7317=CARTESIAN_POINT('Ctrl Pts',(13.4104483904316,-10.2462690668971,-44.4600949351406));
#7318=CARTESIAN_POINT('Ctrl Pts',(14.1813111476461,-9.83638190307088,-44.2805115537454));
#7319=CARTESIAN_POINT('Ctrl Pts',(14.6798026635571,-9.40962476044295,-44.1308696603076));
#7320=CARTESIAN_POINT('Ctrl Pts',(14.9703491686034,-8.95634977662851,-44.0269259407128));
#7321=CARTESIAN_POINT('Ctrl Pts',(15.1314684442738,-8.62038570867965,-44.));
#7322=CARTESIAN_POINT('Ctrl Pts',(15.1998857005806,-8.44716783488434,-44.));
#7323=CARTESIAN_POINT('Ctrl Pts',(14.1401446435067,-10.6935650417228,-44.8786796564403));
#7324=CARTESIAN_POINT('Ctrl Pts',(14.300380711624,-10.5922781212834,-44.7948979234599));
#7325=CARTESIAN_POINT('Ctrl Pts',(14.5919183256318,-10.3799271518381,-44.6342134502682));
#7326=CARTESIAN_POINT('Ctrl Pts',(14.925358116125,-10.0345047647381,-44.4209073135024));
#7327=CARTESIAN_POINT('Ctrl Pts',(15.1518585687359,-9.66455825188471,-44.2426731976767));
#7328=CARTESIAN_POINT('Ctrl Pts',(15.28720242356,-9.27196758551918,-44.10683982971));
#7329=CARTESIAN_POINT('Ctrl Pts',(15.36306146479,-8.85846299881372,-44.0204167975293));
#7330=CARTESIAN_POINT('Ctrl Pts',(15.3935954212253,-8.57117236990275,-44.));
#7331=CARTESIAN_POINT('Ctrl Pts',(15.4053300201992,-8.42580341819847,-44.));
#7332=CARTESIAN_POINT('Ctrl Pts',(15.733268560792,-10.5242153164085,-44.8786796564404));
#7333=CARTESIAN_POINT('Ctrl Pts',(15.7234845118543,-10.4321738186052,-44.7861195952287));
#7334=CARTESIAN_POINT('Ctrl Pts',(15.7026339105176,-10.2360259263212,-44.6131333908961));
#7335=CARTESIAN_POINT('Ctrl Pts',(15.6680454278871,-9.91064164335818,-44.3944936137784));
#7336=CARTESIAN_POINT('Ctrl Pts',(15.6307362378983,-9.55966284610647,-44.2204348858706));
#7337=CARTESIAN_POINT('Ctrl Pts',(15.5913447017732,-9.18909479101843,-44.0939352575362));
#7338=CARTESIAN_POINT('Ctrl Pts',(15.5505448023278,-8.80527783761736,-44.0171592107815));
#7339=CARTESIAN_POINT('Ctrl Pts',(15.5228714112232,-8.54494590522508,-44.));
#7340=CARTESIAN_POINT('Ctrl Pts',(15.5090346765206,-8.41477957073044,-44.));
#7341=CARTESIAN_POINT('',(15.733268560792,-10.5242153164085,-44.8786796564404));
#7342=CARTESIAN_POINT('Ctrl Pts',(4.12164898915685E-6,-12.1511824764243,
-44.));
#7343=CARTESIAN_POINT('Ctrl Pts',(0.39217150942784,-12.1696779074358,-44.066549679734));
#7344=CARTESIAN_POINT('Ctrl Pts',(1.2039469828357,-12.1904188828494,-44.1996499653071));
#7345=CARTESIAN_POINT('Ctrl Pts',(2.67238201002916,-12.1403172247216,-44.3973094284189));
#7346=CARTESIAN_POINT('Ctrl Pts',(4.6152295447825,-11.9536829858138,-44.5885530846988));
#7347=CARTESIAN_POINT('Ctrl Pts',(7.37829671229138,-11.5461596332915,-44.7607593861397));
#7348=CARTESIAN_POINT('Ctrl Pts',(11.3802553949194,-10.9574923741558,-44.8703443114764));
#7349=CARTESIAN_POINT('Ctrl Pts',(14.1401446435067,-10.6935650417228,-44.8786796564403));
#7350=CARTESIAN_POINT('Ctrl Pts',(15.733268560792,-10.5242153164085,-44.8786796564404));
#7351=CARTESIAN_POINT('',(15.5090346765206,-8.41477957073043,-44.));
#7352=CARTESIAN_POINT('Origin',(15.5090346765206,-8.41477957073043,-47.));
#7353=CARTESIAN_POINT('Ctrl Pts',(15.5090346765206,-8.41477957073043,-44.));
#7354=CARTESIAN_POINT('Ctrl Pts',(15.4823273258876,-8.41761857304814,-44.));
#7355=CARTESIAN_POINT('Ctrl Pts',(15.4556244082127,-8.42045601476232,-44.));
#7356=CARTESIAN_POINT('Ctrl Pts',(15.4290089333809,-8.42316760660896,-44.));
#7357=CARTESIAN_POINT('Ctrl Pts',(15.4005094745226,-8.42607113926288,-44.));
#7358=CARTESIAN_POINT('Ctrl Pts',(15.3721097875723,-8.42883027963918,-44.));
#7359=CARTESIAN_POINT('Ctrl Pts',(15.3438545780329,-8.43131482796348,-44.));
#7360=CARTESIAN_POINT('Ctrl Pts',(15.3126721061641,-8.43405677748331,-44.));
#7361=CARTESIAN_POINT('Ctrl Pts',(15.2816647382303,-8.43646407330941,-44.));
#7362=CARTESIAN_POINT('Ctrl Pts',(15.2508354556168,-8.43839086091852,-44.));
#7363=CARTESIAN_POINT('Ctrl Pts',(15.2127129375762,-8.44077346567483,-44.));
#7364=CARTESIAN_POINT('Ctrl Pts',(15.1748603018833,-8.44242013878416,-44.));
#7365=CARTESIAN_POINT('Ctrl Pts',(15.1372234844261,-8.44311068693135,-44.));
#7366=CARTESIAN_POINT('Ctrl Pts',(15.1048942179796,-8.44370385385015,-44.));
#7367=CARTESIAN_POINT('Ctrl Pts',(15.0727209327521,-8.44359283579593,-44.));
#7368=CARTESIAN_POINT('Ctrl Pts',(15.0406770672285,-8.44266797818466,-44.));
#7369=CARTESIAN_POINT('Ctrl Pts',(15.0118730462319,-8.44183662973095,-44.));
#7370=CARTESIAN_POINT('Ctrl Pts',(14.9831723366606,-8.4403482317571,-44.));
#7371=CARTESIAN_POINT('Ctrl Pts',(14.9545894233696,-8.43813828660799,-44.));
#7372=CARTESIAN_POINT('Ctrl Pts',(14.9247278091154,-8.43582947613464,-44.));
#7373=CARTESIAN_POINT('Ctrl Pts',(14.8949938682865,-8.43273323891513,-44.));
#7374=CARTESIAN_POINT('Ctrl Pts',(14.8654659342775,-8.42878889089587,-44.));
#7375=CARTESIAN_POINT('Ctrl Pts',(14.8311134139236,-8.42420007355522,-44.));
#7376=CARTESIAN_POINT('Ctrl Pts',(14.7970471701657,-8.41846266736519,-44.));
#7377=CARTESIAN_POINT('Ctrl Pts',(14.763368524481,-8.41150353537338,-44.));
#7378=CARTESIAN_POINT('Ctrl Pts',(14.7264105620671,-8.40386678712067,-44.));
#7379=CARTESIAN_POINT('Ctrl Pts',(14.6899181491725,-8.39475826916954,-44.));
#7380=CARTESIAN_POINT('Ctrl Pts',(14.6539720359588,-8.38411607304873,-44.));
#7381=CARTESIAN_POINT('Ctrl Pts',(14.6153689866594,-8.37268726518114,-44.));
#7382=CARTESIAN_POINT('Ctrl Pts',(14.5773933645396,-8.35948909778965,-44.));
#7383=CARTESIAN_POINT('Ctrl Pts',(14.5401175094287,-8.34449215574738,-44.));
#7384=CARTESIAN_POINT('Ctrl Pts',(14.5063496171425,-8.330906548603,-44.));
#7385=CARTESIAN_POINT('Ctrl Pts',(14.4731538863619,-8.31584537260127,-44.));
#7386=CARTESIAN_POINT('Ctrl Pts',(14.440596725064,-8.29932186498168,-44.));
#7387=CARTESIAN_POINT('Ctrl Pts',(14.4100287960736,-8.28380793847664,-44.));
#7388=CARTESIAN_POINT('Ctrl Pts',(14.3800225583764,-8.26700519020639,-44.));
#7389=CARTESIAN_POINT('Ctrl Pts',(14.3506668418512,-8.24895166981016,-44.));
#7390=CARTESIAN_POINT('Ctrl Pts',(14.3121785645023,-8.22528170080985,-44.));
#7391=CARTESIAN_POINT('Ctrl Pts',(14.2748189109242,-8.19946331023343,-44.));
#7392=CARTESIAN_POINT('Ctrl Pts',(14.2388288986269,-8.17162720493164,-44.));
#7393=CARTESIAN_POINT('Ctrl Pts',(14.2011065528796,-8.14245124411845,-44.));
#7394=CARTESIAN_POINT('Ctrl Pts',(14.1648884876517,-8.11105834959523,-44.));
#7395=CARTESIAN_POINT('Ctrl Pts',(14.1304026127891,-8.07762925423223,-44.));
#7396=CARTESIAN_POINT('Ctrl Pts',(14.0938929958515,-8.04223843201491,-44.));
#7397=CARTESIAN_POINT('Ctrl Pts',(14.0593242512468,-8.00456495420518,-44.));
#7398=CARTESIAN_POINT('Ctrl Pts',(14.026920043746,-7.96486253430593,-44.));
#7399=CARTESIAN_POINT('Ctrl Pts',(13.9945158362453,-7.92516011440667,-44.));
#7400=CARTESIAN_POINT('Ctrl Pts',(13.9642750601501,-7.8834286454414,-44.));
#7401=CARTESIAN_POINT('Ctrl Pts',(13.9363895875863,-7.83996379693185,-44.));
#7402=CARTESIAN_POINT('Ctrl Pts',(4.12164898915685E-6,-12.1511824764243,
-44.));
#7403=CARTESIAN_POINT('Ctrl Pts',(0.39217150942784,-12.1696779074358,-44.066549679734));
#7404=CARTESIAN_POINT('Ctrl Pts',(1.2039469828357,-12.1904188828494,-44.1996499653071));
#7405=CARTESIAN_POINT('Ctrl Pts',(2.67238201002916,-12.1403172247216,-44.3973094284189));
#7406=CARTESIAN_POINT('Ctrl Pts',(4.6152295447825,-11.9536829858138,-44.5885530846988));
#7407=CARTESIAN_POINT('Ctrl Pts',(7.37829671229138,-11.5461596332915,-44.7607593861397));
#7408=CARTESIAN_POINT('Ctrl Pts',(11.3802553949194,-10.9574923741558,-44.8703443114764));
#7409=CARTESIAN_POINT('Ctrl Pts',(14.1401446435067,-10.6935650417228,-44.8786796564403));
#7410=CARTESIAN_POINT('Ctrl Pts',(15.733268560792,-10.5242153164085,-44.8786796564404));
#7411=CARTESIAN_POINT('Ctrl Pts',(-1.08384224947751E-5,-12.1773364154396,
-44.0941154596514));
#7412=CARTESIAN_POINT('Ctrl Pts',(0.389651798922605,-12.192779601042,-44.1569679349558));
#7413=CARTESIAN_POINT('Ctrl Pts',(1.20385382659809,-12.2068115907259,-44.2839146266237));
#7414=CARTESIAN_POINT('Ctrl Pts',(2.68806417241228,-12.1470333795542,-44.4755984058841));
#7415=CARTESIAN_POINT('Ctrl Pts',(4.65074198714672,-11.9557609529729,-44.6637621817251));
#7416=CARTESIAN_POINT('Ctrl Pts',(7.43083702224653,-11.5611951576018,-44.8342485844583));
#7417=CARTESIAN_POINT('Ctrl Pts',(11.3568825396785,-11.027386766036,-44.9437916569107));
#7418=CARTESIAN_POINT('Ctrl Pts',(14.1050762115208,-10.7815465911441,-44.9624613894208));
#7419=CARTESIAN_POINT('Ctrl Pts',(15.7430526097297,-10.6162568142119,-44.971239717652));
#7420=CARTESIAN_POINT('Ctrl Pts',(-6.98811539347996E-5,-12.2208537373989,
-44.2823005049952));
#7421=CARTESIAN_POINT('Ctrl Pts',(0.390564250122975,-12.2296156288961,-44.3405750487085));
#7422=CARTESIAN_POINT('Ctrl Pts',(1.21875599486985,-12.2297691990201,-44.4597873945402));
#7423=CARTESIAN_POINT('Ctrl Pts',(2.7458143226739,-12.1515532403841,-44.6440558479082));
#7424=CARTESIAN_POINT('Ctrl Pts',(4.7580373389284,-11.9542807964164,-44.8282481867053));
#7425=CARTESIAN_POINT('Ctrl Pts',(7.5621582795732,-11.5954052583462,-44.9943742103888));
#7426=CARTESIAN_POINT('Ctrl Pts',(11.3220666426535,-11.1658020369075,-45.1038396991552));
#7427=CARTESIAN_POINT('Ctrl Pts',(14.057472108942,-10.9481966990816,-45.1428057278603));
#7428=CARTESIAN_POINT('Ctrl Pts',(15.76133809341,-10.7882738714359,-45.1684927105914));
#7429=CARTESIAN_POINT('Ctrl Pts',(-6.0470770150715E-5,-12.247367608958,
-44.6016706877616));
#7430=CARTESIAN_POINT('Ctrl Pts',(0.410306666196469,-12.2476821680762,-44.6580217299976));
#7431=CARTESIAN_POINT('Ctrl Pts',(1.29121459378832,-12.2312074705499,-44.7736942906384));
#7432=CARTESIAN_POINT('Ctrl Pts',(2.9152025282444,-12.1370881419513,-44.953105697363));
#7433=CARTESIAN_POINT('Ctrl Pts',(5.00965076627731,-11.9515749777432,-45.1298752034554));
#7434=CARTESIAN_POINT('Ctrl Pts',(7.79643999424245,-11.6686946742089,-45.2815773998585));
#7435=CARTESIAN_POINT('Ctrl Pts',(11.3246768591764,-11.36244429469,-45.387880863943));
#7436=CARTESIAN_POINT('Ctrl Pts',(14.0754816618656,-11.1607901834957,-45.451046693586));
#7437=CARTESIAN_POINT('Ctrl Pts',(15.7844493819186,-11.0056887294414,-45.495710214295));
#7438=CARTESIAN_POINT('Ctrl Pts',(4.3911007576777E-5,-12.2334952879239,
-45.0028594130878));
#7439=CARTESIAN_POINT('Ctrl Pts',(0.451052235981299,-12.2293699837124,-45.0588940069389));
#7440=CARTESIAN_POINT('Ctrl Pts',(1.4183696743639,-12.2052928516568,-45.1728553738392));
#7441=CARTESIAN_POINT('Ctrl Pts',(3.16012101647692,-12.1152254463908,-45.3432028317394));
#7442=CARTESIAN_POINT('Ctrl Pts',(5.32391926835102,-11.9656634150026,-45.4996836633556));
#7443=CARTESIAN_POINT('Ctrl Pts',(8.06817517220624,-11.7635600381494,-45.6227600725433));
#7444=CARTESIAN_POINT('Ctrl Pts',(11.4523977466852,-11.533753830962,-45.7181126009987));
#7445=CARTESIAN_POINT('Ctrl Pts',(14.1917075603304,-11.3276736128075,-45.7949783982621));
#7446=CARTESIAN_POINT('Ctrl Pts',(15.8028482365606,-11.1787723014774,-45.8486664322285));
#7447=CARTESIAN_POINT('Ctrl Pts',(-3.4008911843296E-5,-12.1935316719279,
-45.544908427288));
#7448=CARTESIAN_POINT('Ctrl Pts',(0.511131820166712,-12.191162776912,-45.5976474836239));
#7449=CARTESIAN_POINT('Ctrl Pts',(1.59067045750104,-12.174161995517,-45.7000374078072));
#7450=CARTESIAN_POINT('Ctrl Pts',(3.47190865768805,-12.1119598128236,-45.8352193338544));
#7451=CARTESIAN_POINT('Ctrl Pts',(5.73345100823505,-12.010270248088,-45.9416746505083));
#7452=CARTESIAN_POINT('Ctrl Pts',(8.5014526675952,-11.863871293846,-46.0189347488206));
#7453=CARTESIAN_POINT('Ctrl Pts',(11.7988526492379,-11.6576567026592,-46.0936028179655));
#7454=CARTESIAN_POINT('Ctrl Pts',(14.3952490032538,-11.4426357295451,-46.1710630896634));
#7455=CARTESIAN_POINT('Ctrl Pts',(15.8162198629188,-11.3045632215681,-46.2213222742195));
#7456=CARTESIAN_POINT('Ctrl Pts',(1.76007123261993E-6,-12.194242060148,
-46.2646970866792));
#7457=CARTESIAN_POINT('Ctrl Pts',(0.605087104099614,-12.1977097810171,-46.2939926912868));
#7458=CARTESIAN_POINT('Ctrl Pts',(1.87494778607351,-12.1943491436204,-46.3446846320923));
#7459=CARTESIAN_POINT('Ctrl Pts',(4.02985695343857,-12.154594964405,-46.3970747997409));
#7460=CARTESIAN_POINT('Ctrl Pts',(6.49835359585399,-12.071094270721,-46.4311937106128));
#7461=CARTESIAN_POINT('Ctrl Pts',(9.29647803982163,-11.9295142838045,-46.4633773176727));
#7462=CARTESIAN_POINT('Ctrl Pts',(12.3941442004944,-11.7110525994439,-46.5167327715722));
#7463=CARTESIAN_POINT('Ctrl Pts',(14.6567045955927,-11.501752833983,-46.5742323664409));
#7464=CARTESIAN_POINT('Ctrl Pts',(15.8243354647114,-11.3809091341163,-46.6073016590483));
#7465=CARTESIAN_POINT('Ctrl Pts',(7.45088296887509E-16,-12.25,-46.7382006122008));
#7466=CARTESIAN_POINT('Ctrl Pts',(0.758276497882019,-12.25,-46.7484850634466));
#7467=CARTESIAN_POINT('Ctrl Pts',(2.31230276674668,-12.2388658262226,-46.7640094269868));
#7468=CARTESIAN_POINT('Ctrl Pts',(4.77666678780936,-12.1810406946332,-46.7785068407618));
#7469=CARTESIAN_POINT('Ctrl Pts',(7.37714357669002,-12.0739851013667,-46.7915539679838));
#7470=CARTESIAN_POINT('Ctrl Pts',(10.098780838603,-11.9113338195244,-46.8093143053921));
#7471=CARTESIAN_POINT('Ctrl Pts',(12.918268577534,-11.6896094852403,-46.8346762144603));
#7472=CARTESIAN_POINT('Ctrl Pts',(14.8500422134518,-11.501732792093,-46.856685875261));
#7473=CARTESIAN_POINT('Ctrl Pts',(15.8261492768008,-11.397972211223,-46.8691003061004));
#7474=CARTESIAN_POINT('Ctrl Pts',(-1.73472347597681E-17,-12.25,-47.));
#7475=CARTESIAN_POINT('Ctrl Pts',(0.880922644844135,-12.25,-47.));
#7476=CARTESIAN_POINT('Ctrl Pts',(2.64276432917099,-12.2344779987792,-47.));
#7477=CARTESIAN_POINT('Ctrl Pts',(5.28469561044408,-12.163387472636,-47.));
#7478=CARTESIAN_POINT('Ctrl Pts',(7.92488475076607,-12.0440799330826,-47.));
#7479=CARTESIAN_POINT('Ctrl Pts',(10.5624742448579,-11.8769771045687,-47.0000000000001));
#7480=CARTESIAN_POINT('Ctrl Pts',(13.1967037980805,-11.6632976079942,-46.9999999999999));
#7481=CARTESIAN_POINT('Ctrl Pts',(14.9501518316177,-11.4910910986542,-47.));
#7482=CARTESIAN_POINT('Ctrl Pts',(15.8261492768008,-11.397972211223,-47.));
#7483=CARTESIAN_POINT('',(4.43013941598455E-17,-12.25,-47.));
#7484=CARTESIAN_POINT('Ctrl Pts',(4.11192339414999E-6,-12.1511824768828,
-44.0000000016503));
#7485=CARTESIAN_POINT('Ctrl Pts',(-1.08480862091699E-5,-12.1773364158225,
-44.0941154612101));
#7486=CARTESIAN_POINT('Ctrl Pts',(-6.98908416776566E-5,-12.2208537376163,
-44.2823005064403));
#7487=CARTESIAN_POINT('Ctrl Pts',(-6.04809456266314E-5,-12.2473676089659,
-44.601670689159));
#7488=CARTESIAN_POINT('Ctrl Pts',(4.38998232742315E-5,-12.2334952878215,
-45.0028594144774));
#7489=CARTESIAN_POINT('Ctrl Pts',(-3.40215880238646E-5,-12.1935316718692,
-45.5449084285958));
#7490=CARTESIAN_POINT('Ctrl Pts',(1.74506627777042E-6,-12.194242060234,
-46.2646970874057));
#7491=CARTESIAN_POINT('Ctrl Pts',(-1.88039399210411E-8,-12.25,-46.7382006124559));
#7492=CARTESIAN_POINT('Ctrl Pts',(-2.1845352191631E-8,-12.25,-47.));
#7493=CARTESIAN_POINT('',(15.8261492768008,-11.397972211223,-47.));
#7494=CARTESIAN_POINT('Ctrl Pts',(0.,-12.25,-47.));
#7495=CARTESIAN_POINT('Ctrl Pts',(0.0197838847726982,-12.25,-47.));
#7496=CARTESIAN_POINT('Ctrl Pts',(0.0395694477262868,-12.2499961461358,
-47.));
#7497=CARTESIAN_POINT('Ctrl Pts',(0.0597616064080686,-12.249988110929,-47.));
#7498=CARTESIAN_POINT('Ctrl Pts',(0.0801921369284947,-12.2499799808653,
-47.));
#7499=CARTESIAN_POINT('Ctrl Pts',(0.10103885585598,-12.2499675685394,-47.));
#7500=CARTESIAN_POINT('Ctrl Pts',(0.122667846928501,-12.2499498941999,-47.));
#7501=CARTESIAN_POINT('Ctrl Pts',(0.144565102809595,-12.2499320006453,-47.));
#7502=CARTESIAN_POINT('Ctrl Pts',(0.167264089154468,-12.2499087149219,-47.));
#7503=CARTESIAN_POINT('Ctrl Pts',(0.191091312476912,-12.2498783697773,-47.));
#7504=CARTESIAN_POINT('Ctrl Pts',(0.215231902459608,-12.2498476255449,-47.));
#7505=CARTESIAN_POINT('Ctrl Pts',(0.240530529637587,-12.2498096377518,-47.));
#7506=CARTESIAN_POINT('Ctrl Pts',(0.26727335010038,-12.2497619774438,-47.));
#7507=CARTESIAN_POINT('Ctrl Pts',(0.294392424009841,-12.2497136465875,-47.));
#7508=CARTESIAN_POINT('Ctrl Pts',(0.322996538388745,-12.2496553723323,-47.));
#7509=CARTESIAN_POINT('Ctrl Pts',(0.353330650730422,-12.2495838648353,-47.));
#7510=CARTESIAN_POINT('Ctrl Pts',(0.384125273639161,-12.2495112717632,-47.));
#7511=CARTESIAN_POINT('Ctrl Pts',(0.41670273778929,-12.2494250431572,-47.));
#7512=CARTESIAN_POINT('Ctrl Pts',(0.451265824588445,-12.2493209170942,-47.));
#7513=CARTESIAN_POINT('Ctrl Pts',(0.488218123644182,-12.2492095932,-47.));
#7514=CARTESIAN_POINT('Ctrl Pts',(0.527440457456173,-12.2490778213107,-47.));
#7515=CARTESIAN_POINT('Ctrl Pts',(0.569116750861117,-12.2489193568691,-47.));
#7516=CARTESIAN_POINT('Ctrl Pts',(0.610141852181607,-12.2487633684344,-47.));
#7517=CARTESIAN_POINT('Ctrl Pts',(0.653544376061424,-12.2485815073139,-47.));
#7518=CARTESIAN_POINT('Ctrl Pts',(0.699441597621616,-12.2483668553778,-47.));
#7519=CARTESIAN_POINT('Ctrl Pts',(0.746051790330045,-12.2481488690211,-47.));
#7520=CARTESIAN_POINT('Ctrl Pts',(0.795234624100053,-12.2478970583525,-47.));
#7521=CARTESIAN_POINT('Ctrl Pts',(0.847056659431452,-12.2476032804126,-47.));
#7522=CARTESIAN_POINT('Ctrl Pts',(0.900118703762454,-12.2473024728898,-47.));
#7523=CARTESIAN_POINT('Ctrl Pts',(0.955947638420228,-12.2469576545877,-47.));
#7524=CARTESIAN_POINT('Ctrl Pts',(1.0145584875048,-12.2465592848639,-47.));
#7525=CARTESIAN_POINT('Ctrl Pts',(1.07477064555622,-12.2461500312676,-47.));
#7526=CARTESIAN_POINT('Ctrl Pts',(1.13791866047715,-12.2456842425738,-47.));
#7527=CARTESIAN_POINT('Ctrl Pts',(1.2039619890949,-12.2451509603811,-47.));
#7528=CARTESIAN_POINT('Ctrl Pts',(1.27210106531321,-12.2446007555877,-47.));
#7529=CARTESIAN_POINT('Ctrl Pts',(1.34332195611422,-12.243978680078,-47.));
#7530=CARTESIAN_POINT('Ctrl Pts',(1.41752279524021,-12.2432723876219,-47.));
#7531=CARTESIAN_POINT('Ctrl Pts',(1.49452128144389,-12.2425394653184,-47.));
#7532=CARTESIAN_POINT('Ctrl Pts',(1.57472846039073,-12.2417158193933,-47.));
#7533=CARTESIAN_POINT('Ctrl Pts',(1.65797250306589,-12.2407878072155,-47.));
#7534=CARTESIAN_POINT('Ctrl Pts',(1.74506673243751,-12.2398168728053,-47.));
#7535=CARTESIAN_POINT('Ctrl Pts',(1.83548499096841,-12.2387316434551,-47.));
#7536=CARTESIAN_POINT('Ctrl Pts',(1.9289715789834,-12.2375173480379,-47.));
#7537=CARTESIAN_POINT('Ctrl Pts',(2.02802498401652,-12.236230745346,-47.));
#7538=CARTESIAN_POINT('Ctrl Pts',(2.13052268289028,-12.2347991736937,-47.));
#7539=CARTESIAN_POINT('Ctrl Pts',(2.23610026439624,-12.2332070015703,-47.));
#7540=CARTESIAN_POINT('Ctrl Pts',(2.35045673775446,-12.2314824385863,-47.));
#7541=CARTESIAN_POINT('Ctrl Pts',(2.46842609073272,-12.2295693372862,-47.));
#7542=CARTESIAN_POINT('Ctrl Pts',(2.58948269302994,-12.2274516248877,-47.));
#7543=CARTESIAN_POINT('Ctrl Pts',(2.72790417818578,-12.2250301386592,-47.));
#7544=CARTESIAN_POINT('Ctrl Pts',(2.87036126142403,-12.2223408677433,-47.));
#7545=CARTESIAN_POINT('Ctrl Pts',(3.01599928003086,-12.2193678054049,-47.));
#7546=CARTESIAN_POINT('Ctrl Pts',(3.21848561045171,-12.215234238574,-47.));
#7547=CARTESIAN_POINT('Ctrl Pts',(3.42711597253803,-12.2105504379076,-47.));
#7548=CARTESIAN_POINT('Ctrl Pts',(3.6395023174441,-12.2053051563685,-47.));
#7549=CARTESIAN_POINT('Ctrl Pts',(3.79162584404532,-12.2015481788374,-47.));
#7550=CARTESIAN_POINT('Ctrl Pts',(3.94567320768554,-12.197503980708,-47.));
#7551=CARTESIAN_POINT('Ctrl Pts',(4.10078935795709,-12.1931803065415,-47.));
#7552=CARTESIAN_POINT('Ctrl Pts',(4.23928445238965,-12.1893199241058,-47.));
#7553=CARTESIAN_POINT('Ctrl Pts',(4.37863063205861,-12.1852369419511,-47.));
#7554=CARTESIAN_POINT('Ctrl Pts',(4.51826079246676,-12.1809428175587,-47.));
#7555=CARTESIAN_POINT('Ctrl Pts',(4.64645997425841,-12.1770002364429,-47.));
#7556=CARTESIAN_POINT('Ctrl Pts',(4.77489814162647,-12.172879789873,-47.));
#7557=CARTESIAN_POINT('Ctrl Pts',(4.90318189845553,-12.1685936160247,-47.));
#7558=CARTESIAN_POINT('Ctrl Pts',(5.02419891721897,-12.1645502359909,-47.));
#7559=CARTESIAN_POINT('Ctrl Pts',(5.14507823450344,-12.1603594568923,-47.));
#7560=CARTESIAN_POINT('Ctrl Pts',(5.26553673817294,-12.1560331155182,-47.));
#7561=CARTESIAN_POINT('Ctrl Pts',(5.38076605338802,-12.1518945836692,-47.));
#7562=CARTESIAN_POINT('Ctrl Pts',(5.49561007281373,-12.1476320711809,-47.));
#7563=CARTESIAN_POINT('Ctrl Pts',(5.60986910266495,-12.143256426016,-47.));
#7564=CARTESIAN_POINT('Ctrl Pts',(5.72010304550438,-12.1390349249266,-47.));
#7565=CARTESIAN_POINT('Ctrl Pts',(5.82979230491813,-12.1347081785383,-47.));
#7566=CARTESIAN_POINT('Ctrl Pts',(5.93880633592351,-12.1302855043383,-47.));
#7567=CARTESIAN_POINT('Ctrl Pts',(6.0445866482167,-12.1259940213637,-47.));
#7568=CARTESIAN_POINT('Ctrl Pts',(6.14973104199506,-12.1216122667998,-47.));
#7569=CARTESIAN_POINT('Ctrl Pts',(6.25416949382686,-12.1171475791893,-47.));
#7570=CARTESIAN_POINT('Ctrl Pts',(6.35593108902674,-12.1127973257592,-47.));
#7571=CARTESIAN_POINT('Ctrl Pts',(6.45702233239869,-12.1083683799775,-47.));
#7572=CARTESIAN_POINT('Ctrl Pts',(6.55742804189308,-12.1038657208661,-47.));
#7573=CARTESIAN_POINT('Ctrl Pts',(6.65556768308556,-12.0994646827994,-47.));
#7574=CARTESIAN_POINT('Ctrl Pts',(6.75305226698461,-12.0949932605206,-47.));
#7575=CARTESIAN_POINT('Ctrl Pts',(6.84991748005891,-12.090453745149,-47.));
#7576=CARTESIAN_POINT('Ctrl Pts',(6.94483018391699,-12.0860057326535,-47.));
#7577=CARTESIAN_POINT('Ctrl Pts',(7.0391481292275,-12.0814923803389,-47.));
#7578=CARTESIAN_POINT('Ctrl Pts',(7.13295496627501,-12.0769130030698,-47.));
#7579=CARTESIAN_POINT('Ctrl Pts',(7.22505480423359,-12.0724169565372,-47.));
#7580=CARTESIAN_POINT('Ctrl Pts',(7.31666187089834,-12.0678572992764,-47.));
#7581=CARTESIAN_POINT('Ctrl Pts',(7.40790558683792,-12.0632301104969,-47.));
#7582=CARTESIAN_POINT('Ctrl Pts',(7.49763829233928,-12.0586795486989,-47.));
#7583=CARTESIAN_POINT('Ctrl Pts',(7.58701949541159,-12.0540637049186,-47.));
#7584=CARTESIAN_POINT('Ctrl Pts',(7.67622269344245,-12.0493751811582,-47.));
#7585=CARTESIAN_POINT('Ctrl Pts',(7.76828429715976,-12.0445364194773,-47.));
#7586=CARTESIAN_POINT('Ctrl Pts',(7.86015579383609,-12.0396203158986,-47.));
#7587=CARTESIAN_POINT('Ctrl Pts',(7.95208734586456,-12.0346139706058,-47.));
#7588=CARTESIAN_POINT('Ctrl Pts',(8.03865263571292,-12.0298998575315,-47.));
#7589=CARTESIAN_POINT('Ctrl Pts',(8.12527968320223,-12.0251052445672,-47.));
#7590=CARTESIAN_POINT('Ctrl Pts',(8.21216600759137,-12.0202184478837,-47.));
#7591=CARTESIAN_POINT('Ctrl Pts',(8.30059022414049,-12.0152451546616,-47.));
#7592=CARTESIAN_POINT('Ctrl Pts',(8.38928287788467,-12.0101763636822,-47.));
#7593=CARTESIAN_POINT('Ctrl Pts',(8.47839838700084,-12.0050014853476,-47.));
#7594=CARTESIAN_POINT('Ctrl Pts',(8.56923048004896,-11.9997269261259,-47.));
#7595=CARTESIAN_POINT('Ctrl Pts',(8.66050176707492,-11.9943421309899,-47.));
#7596=CARTESIAN_POINT('Ctrl Pts',(8.7523219552672,-11.9888380020966,-47.));
#7597=CARTESIAN_POINT('Ctrl Pts',(8.84717872629354,-11.9831518463132,-47.));
#7598=CARTESIAN_POINT('Ctrl Pts',(8.94262128413717,-11.9773383041313,-47.));
#7599=CARTESIAN_POINT('Ctrl Pts',(9.03871452330141,-11.9713899863107,-47.));
#7600=CARTESIAN_POINT('Ctrl Pts',(9.13716404034857,-11.9652958113014,-47.));
#7601=CARTESIAN_POINT('Ctrl Pts',(9.23629640306978,-11.9590601431925,-47.));
#7602=CARTESIAN_POINT('Ctrl Pts',(9.33612482324259,-11.9526781928884,-47.));
#7603=CARTESIAN_POINT('Ctrl Pts',(9.43872274280256,-11.9461191907245,-47.));
#7604=CARTESIAN_POINT('Ctrl Pts',(9.54205571988607,-11.9394056477421,-47.));
#7605=CARTESIAN_POINT('Ctrl Pts',(9.64608127935622,-11.9325360996144,-47.));
#7606=CARTESIAN_POINT('Ctrl Pts',(9.75342847541655,-11.9254472001798,-47.));
#7607=CARTESIAN_POINT('Ctrl Pts',(9.86151300758408,-11.9181921407176,-47.));
#7608=CARTESIAN_POINT('Ctrl Pts',(9.97023107981112,-11.9107737271028,-47.));
#7609=CARTESIAN_POINT('Ctrl Pts',(10.0830357675544,-11.9030764619265,-47.));
#7610=CARTESIAN_POINT('Ctrl Pts',(10.1965223015162,-11.895203293602,-47.));
#7611=CARTESIAN_POINT('Ctrl Pts',(10.3105172215626,-11.8871625965242,-47.));
#7612=CARTESIAN_POINT('Ctrl Pts',(10.4297166375454,-11.8787547973399,-47.));
#7613=CARTESIAN_POINT('Ctrl Pts',(10.5494716511484,-11.8701637793757,-47.));
#7614=CARTESIAN_POINT('Ctrl Pts',(10.6695258926064,-11.861405397462,-47.));
#7615=CARTESIAN_POINT('Ctrl Pts',(10.7965548062662,-11.8521381885205,-47.));
#7616=CARTESIAN_POINT('Ctrl Pts',(10.9239183720238,-11.8426835512722,-47.));
#7617=CARTESIAN_POINT('Ctrl Pts',(11.0512540503078,-11.8330679450152,-47.));
#7618=CARTESIAN_POINT('Ctrl Pts',(11.1887534179496,-11.8226848395285,-47.));
#7619=CARTESIAN_POINT('Ctrl Pts',(11.3262197551939,-11.8121139707748,-47.));
#7620=CARTESIAN_POINT('Ctrl Pts',(11.4631364395986,-11.8013984397045,-47.));
#7621=CARTESIAN_POINT('Ctrl Pts',(11.6198848345933,-11.7891308164846,-47.));
#7622=CARTESIAN_POINT('Ctrl Pts',(11.7759119786614,-11.7766734175169,-47.));
#7623=CARTESIAN_POINT('Ctrl Pts',(11.9303764869158,-11.7641055484841,-47.));
#7624=CARTESIAN_POINT('Ctrl Pts',(12.1660811634501,-11.7449276445203,-47.));
#7625=CARTESIAN_POINT('Ctrl Pts',(12.3981413602671,-11.7254905262301,-47.));
#7626=CARTESIAN_POINT('Ctrl Pts',(12.6234527115335,-11.7061304070253,-47.));
#7627=CARTESIAN_POINT('Ctrl Pts',(12.7675181340819,-11.693751431274,-47.));
#7628=CARTESIAN_POINT('Ctrl Pts',(12.9088219071446,-11.6814052957549,-47.));
#7629=CARTESIAN_POINT('Ctrl Pts',(13.0465777784272,-11.6691881073813,-47.));
#7630=CARTESIAN_POINT('Ctrl Pts',(13.1690204885008,-11.6583290010505,-47.));
#7631=CARTESIAN_POINT('Ctrl Pts',(13.2886595508693,-11.6475720031934,-47.));
#7632=CARTESIAN_POINT('Ctrl Pts',(13.4049815470747,-11.6369854253831,-47.));
#7633=CARTESIAN_POINT('Ctrl Pts',(13.5132561663477,-11.6271312471606,-47.));
#7634=CARTESIAN_POINT('Ctrl Pts',(13.6186563821103,-11.6174248583913,-47.));
#7635=CARTESIAN_POINT('Ctrl Pts',(13.7208111555384,-11.6079196951784,-47.));
#7636=CARTESIAN_POINT('Ctrl Pts',(13.8177965770991,-11.5988955230298,-47.));
#7637=CARTESIAN_POINT('Ctrl Pts',(13.9118563992481,-11.590052819297,-47.));
#7638=CARTESIAN_POINT('Ctrl Pts',(14.0027184539737,-11.5814341964255,-47.));
#7639=CARTESIAN_POINT('Ctrl Pts',(14.089942466647,-11.5731606561358,-47.));
#7640=CARTESIAN_POINT('Ctrl Pts',(14.1742194181771,-11.5650936816044,-47.));
#7641=CARTESIAN_POINT('Ctrl Pts',(14.255355353974,-11.5572668702127,-47.));
#7642=CARTESIAN_POINT('Ctrl Pts',(14.3337955340995,-11.5497001059998,-47.));
#7643=CARTESIAN_POINT('Ctrl Pts',(14.4092997557548,-11.5423578651519,-47.));
#7644=CARTESIAN_POINT('Ctrl Pts',(14.4817405933934,-11.5352657074861,-47.));
#7645=CARTESIAN_POINT('Ctrl Pts',(14.5521187537306,-11.5283754916133,-47.));
#7646=CARTESIAN_POINT('Ctrl Pts',(14.6196053318062,-11.5217213623378,-47.));
#7647=CARTESIAN_POINT('Ctrl Pts',(14.6841320675576,-11.5153214529666,-47.));
#7648=CARTESIAN_POINT('Ctrl Pts',(14.7470470640255,-11.5090813995873,-47.));
#7649=CARTESIAN_POINT('Ctrl Pts',(14.8071480856874,-11.5030830581801,-47.));
#7650=CARTESIAN_POINT('Ctrl Pts',(14.8644210376381,-11.4973375701758,-47.));
#7651=CARTESIAN_POINT('Ctrl Pts',(14.9204168580878,-11.4917202010036,-47.));
#7652=CARTESIAN_POINT('Ctrl Pts',(14.9737091980148,-11.4863445599634,-47.));
#7653=CARTESIAN_POINT('Ctrl Pts',(15.0243345397468,-11.4812151426766,-47.));
#7654=CARTESIAN_POINT('Ctrl Pts',(15.0752476696108,-11.4760565663686,-47.));
#7655=CARTESIAN_POINT('Ctrl Pts',(15.1234630232892,-11.4711470718667,-47.));
#7656=CARTESIAN_POINT('Ctrl Pts',(15.1690725785817,-11.4664845680953,-47.));
#7657=CARTESIAN_POINT('Ctrl Pts',(15.2122996351628,-11.4620656187536,-47.));
#7658=CARTESIAN_POINT('Ctrl Pts',(15.2531862066764,-11.4578685087448,-47.));
#7659=CARTESIAN_POINT('Ctrl Pts',(15.2918601582782,-11.4538853899878,-47.));
#7660=CARTESIAN_POINT('Ctrl Pts',(15.3299424637392,-11.4499632062204,-47.));
#7661=CARTESIAN_POINT('Ctrl Pts',(15.3658792206281,-11.4462485284955,-47.));
#7662=CARTESIAN_POINT('Ctrl Pts',(15.3998417965613,-11.4427278297572,-47.));
#7663=CARTESIAN_POINT('Ctrl Pts',(15.4333190489616,-11.4392574416301,-47.));
#7664=CARTESIAN_POINT('Ctrl Pts',(15.4648780373135,-11.4359755374856,-47.));
#7665=CARTESIAN_POINT('Ctrl Pts',(15.4947327080704,-11.4328630960593,-47.));
#7666=CARTESIAN_POINT('Ctrl Pts',(15.5241875894472,-11.4297923339079,-47.));
#7667=CARTESIAN_POINT('Ctrl Pts',(15.5519833982536,-11.4268865336319,-47.));
#7668=CARTESIAN_POINT('Ctrl Pts',(15.5783759076673,-11.424121357609,-47.));
#7669=CARTESIAN_POINT('Ctrl Pts',(15.6042726892431,-11.4214081196081,-47.));
#7670=CARTESIAN_POINT('Ctrl Pts',(15.6288183586518,-11.4188302727765,-47.));
#7671=CARTESIAN_POINT('Ctrl Pts',(15.6523041802985,-11.4163588971536,-47.));
#7672=CARTESIAN_POINT('Ctrl Pts',(15.6755587475273,-11.4139118560649,-47.));
#7673=CARTESIAN_POINT('Ctrl Pts',(15.6977741390599,-11.4115692080141,-47.));
#7674=CARTESIAN_POINT('Ctrl Pts',(15.719283302658,-11.4092969383224,-47.));
#7675=CARTESIAN_POINT('Ctrl Pts',(15.7404816618739,-11.4070575026076,-47.));
#7676=CARTESIAN_POINT('Ctrl Pts',(15.7609940102974,-11.4048864299673,-47.));
#7677=CARTESIAN_POINT('Ctrl Pts',(15.7811890620085,-11.4027452783386,-47.));
#7678=CARTESIAN_POINT('Ctrl Pts',(15.7962945546598,-11.401143739969,-47.));
#7679=CARTESIAN_POINT('Ctrl Pts',(15.811223533606,-11.3995588238416,-47.));
#7680=CARTESIAN_POINT('Ctrl Pts',(15.8261492768008,-11.397972211223,-47.));
#7681=CARTESIAN_POINT('Origin',(15.5090346765206,-8.41477957073043,-47.));
#7682=CARTESIAN_POINT('Ctrl Pts',(4.12164898915685E-6,-12.1511824764243,
-44.));
#7683=CARTESIAN_POINT('Ctrl Pts',(-1.08384224947751E-5,-12.1773364154396,
-44.0941154596514));
#7684=CARTESIAN_POINT('Ctrl Pts',(-6.98811539347996E-5,-12.2208537373989,
-44.2823005049952));
#7685=CARTESIAN_POINT('Ctrl Pts',(-6.0470770150715E-5,-12.247367608958,
-44.6016706877616));
#7686=CARTESIAN_POINT('Ctrl Pts',(4.3911007576777E-5,-12.2334952879239,
-45.0028594130878));
#7687=CARTESIAN_POINT('Ctrl Pts',(-3.4008911843296E-5,-12.1935316719279,
-45.544908427288));
#7688=CARTESIAN_POINT('Ctrl Pts',(1.76007123261993E-6,-12.194242060148,
-46.2646970866792));
#7689=CARTESIAN_POINT('Ctrl Pts',(7.45088296887509E-16,-12.25,-46.7382006122008));
#7690=CARTESIAN_POINT('Ctrl Pts',(-1.73472347597681E-17,-12.25,-47.));
#7691=CARTESIAN_POINT('Ctrl Pts',(-0.392184422865848,-12.1696743006777,
-44.066549679734));
#7692=CARTESIAN_POINT('Ctrl Pts',(-0.389704022244543,-12.1927753265593,
-44.1569679349558));
#7693=CARTESIAN_POINT('Ctrl Pts',(-0.39073202236152,-12.2296188000294,-44.3405750487085));
#7694=CARTESIAN_POINT('Ctrl Pts',(-0.410390644433445,-12.2476887684332,
-44.6580217299976));
#7695=CARTESIAN_POINT('Ctrl Pts',(-0.450967603690445,-12.229365101324,-45.0588940069389));
#7696=CARTESIAN_POINT('Ctrl Pts',(-0.511206107157843,-12.19116302748,-45.5976474836239));
#7697=CARTESIAN_POINT('Ctrl Pts',(-0.605079101109211,-12.1977099507331,
-46.2939926912868));
#7698=CARTESIAN_POINT('Ctrl Pts',(-0.758276497882018,-12.25,-46.7484850634466));
#7699=CARTESIAN_POINT('Ctrl Pts',(-0.880922644844135,-12.25,-47.));
#7700=CARTESIAN_POINT('Ctrl Pts',(-1.20401663953599,-12.1904037148714,-44.1996499653071));
#7701=CARTESIAN_POINT('Ctrl Pts',(-1.20397438066977,-12.2068067677296,-44.2839146266237));
#7702=CARTESIAN_POINT('Ctrl Pts',(-1.21896343769662,-12.2298008124699,-44.4597873945402));
#7703=CARTESIAN_POINT('Ctrl Pts',(-1.29119792389212,-12.2312123878207,-44.7736942906384));
#7704=CARTESIAN_POINT('Ctrl Pts',(-1.4183246393427,-12.2052789634635,-45.1728553738392));
#7705=CARTESIAN_POINT('Ctrl Pts',(-1.59074926345245,-12.1741646583773,-45.7000374078072));
#7706=CARTESIAN_POINT('Ctrl Pts',(-1.87493113301037,-12.19434892697,-46.3446846320922));
#7707=CARTESIAN_POINT('Ctrl Pts',(-2.31230276674672,-12.2388658262119,-46.7640094269868));
#7708=CARTESIAN_POINT('Ctrl Pts',(-2.64276432917102,-12.2344779987671,-47.));
#7709=CARTESIAN_POINT('Ctrl Pts',(-2.67258754875182,-12.1403628504412,-44.3973094284189));
#7710=CARTESIAN_POINT('Ctrl Pts',(-2.68825403526269,-12.1470925618825,-44.4755984058842));
#7711=CARTESIAN_POINT('Ctrl Pts',(-2.74582313218104,-12.1515865136276,-44.6440558479081));
#7712=CARTESIAN_POINT('Ctrl Pts',(-2.91509347353459,-12.1370583974123,-44.953105697363));
#7713=CARTESIAN_POINT('Ctrl Pts',(-3.16021362871042,-12.1152174142668,-45.3432028317394));
#7714=CARTESIAN_POINT('Ctrl Pts',(-3.4719415817954,-12.111964847061,-45.8352193338544));
#7715=CARTESIAN_POINT('Ctrl Pts',(-4.02984352591622,-12.1545935983226,-46.3970747997409));
#7716=CARTESIAN_POINT('Ctrl Pts',(-4.77666678780925,-12.1810406946398,-46.7785068407617));
#7717=CARTESIAN_POINT('Ctrl Pts',(-5.28469561044399,-12.1633874726421,-47.));
#7718=CARTESIAN_POINT('Ctrl Pts',(-4.61511853428196,-11.953710806469,-44.5885530846988));
#7719=CARTESIAN_POINT('Ctrl Pts',(-4.65058271934413,-11.9557537261035,-44.6637621817251));
#7720=CARTESIAN_POINT('Ctrl Pts',(-4.75796545271653,-11.9542247621823,-44.8282481867053));
#7721=CARTESIAN_POINT('Ctrl Pts',(-5.00987113681643,-11.9515516213197,-45.1298752034554));
#7722=CARTESIAN_POINT('Ctrl Pts',(-5.32400636210788,-11.9656733659747,-45.4996836633556));
#7723=CARTESIAN_POINT('Ctrl Pts',(-5.73338910968055,-12.0102717619519,-45.9416746505083));
#7724=CARTESIAN_POINT('Ctrl Pts',(-6.49837013357337,-12.0710925266482,-46.4311937106129));
#7725=CARTESIAN_POINT('Ctrl Pts',(-7.37714357669048,-12.0739851013647,-46.7915539679839));
#7726=CARTESIAN_POINT('Ctrl Pts',(-7.9248847507665,-12.0440799330811,-47.));
#7727=CARTESIAN_POINT('Ctrl Pts',(-7.37859468604726,-11.5461223767152,-44.7607593861398));
#7728=CARTESIAN_POINT('Ctrl Pts',(-7.43118381997503,-11.561176008121,-44.8342485844583));
#7729=CARTESIAN_POINT('Ctrl Pts',(-7.5624392287164,-11.5954295530613,-44.9943742103888));
#7730=CARTESIAN_POINT('Ctrl Pts',(-7.79630810405363,-11.6687267231341,-45.2815773998586));
#7731=CARTESIAN_POINT('Ctrl Pts',(-8.06803269909558,-11.7635569536408,-45.6227600725433));
#7732=CARTESIAN_POINT('Ctrl Pts',(-8.50149405596719,-11.8638603449525,-46.0189347488206));
#7733=CARTESIAN_POINT('Ctrl Pts',(-9.29647339123713,-11.9295154897487,-46.4633773176727));
#7734=CARTESIAN_POINT('Ctrl Pts',(-10.0987808386012,-11.911333819525,-46.8093143053919));
#7735=CARTESIAN_POINT('Ctrl Pts',(-10.5624742448563,-11.8769771045692,-46.9999999999999));
#7736=CARTESIAN_POINT('Ctrl Pts',(-11.3799727997377,-10.9574746948574,-44.8703443114763));
#7737=CARTESIAN_POINT('Ctrl Pts',(-11.3566166063722,-11.027351011201,-44.9437916569106));
#7738=CARTESIAN_POINT('Ctrl Pts',(-11.3219833951316,-11.1657302924076,-45.1038396991552));
#7739=CARTESIAN_POINT('Ctrl Pts',(-11.324878441774,-11.3623740991387,-45.3878808639431));
#7740=CARTESIAN_POINT('Ctrl Pts',(-11.4525418461455,-11.5337275495004,-45.7181126009987));
#7741=CARTESIAN_POINT('Ctrl Pts',(-11.798857909279,-11.6576560001375,-46.0936028179655));
#7742=CARTESIAN_POINT('Ctrl Pts',(-12.3941439184546,-11.7110526041431,-46.5167327715722));
#7743=CARTESIAN_POINT('Ctrl Pts',(-12.9182685775407,-11.6896094852395,-46.8346762144604));
#7744=CARTESIAN_POINT('Ctrl Pts',(-13.1967037980867,-11.6632976079935,-47.));
#7745=CARTESIAN_POINT('Ctrl Pts',(-14.1401446434934,-10.6935650417241,-44.8786796564405));
#7746=CARTESIAN_POINT('Ctrl Pts',(-14.1050762115062,-10.7815465911457,-44.9624613894209));
#7747=CARTESIAN_POINT('Ctrl Pts',(-14.0574721089251,-10.9481966990834,-45.1428057278602));
#7748=CARTESIAN_POINT('Ctrl Pts',(-14.0754816618461,-11.1607901834977,-45.4510466935859));
#7749=CARTESIAN_POINT('Ctrl Pts',(-14.1917075603103,-11.3276736128096,-45.794978398262));
#7750=CARTESIAN_POINT('Ctrl Pts',(-14.3952490032346,-11.4426357295471,-46.1710630896634));
#7751=CARTESIAN_POINT('Ctrl Pts',(-14.6567045955759,-11.5017528339847,-46.574232366441));
#7752=CARTESIAN_POINT('Ctrl Pts',(-14.8500422134373,-11.5017327920945,-46.8566858752609));
#7753=CARTESIAN_POINT('Ctrl Pts',(-14.9501518316044,-11.4910910986557,-47.));
#7754=CARTESIAN_POINT('Ctrl Pts',(-15.733268560792,-10.5242153164085,-44.8786796564404));
#7755=CARTESIAN_POINT('Ctrl Pts',(-15.7430526097297,-10.6162568142119,-44.971239717652));
#7756=CARTESIAN_POINT('Ctrl Pts',(-15.76133809341,-10.7882738714359,-45.1684927105914));
#7757=CARTESIAN_POINT('Ctrl Pts',(-15.7844493819187,-11.0056887294414,-45.4957102142951));
#7758=CARTESIAN_POINT('Ctrl Pts',(-15.8028482365606,-11.1787723014774,-45.8486664322284));
#7759=CARTESIAN_POINT('Ctrl Pts',(-15.8162198629189,-11.3045632215681,-46.2213222742195));
#7760=CARTESIAN_POINT('Ctrl Pts',(-15.8243354647114,-11.3809091341163,-46.6073016590483));
#7761=CARTESIAN_POINT('Ctrl Pts',(-15.8261492768008,-11.397972211223,-46.8691003061004));
#7762=CARTESIAN_POINT('Ctrl Pts',(-15.8261492768008,-11.397972211223,-47.));
#7763=CARTESIAN_POINT('',(-15.733268560792,-10.5242153164085,-44.8786796564404));
#7764=CARTESIAN_POINT('Ctrl Pts',(4.12164898915685E-6,-12.1511824764243,
-44.));
#7765=CARTESIAN_POINT('Ctrl Pts',(-0.392184422865848,-12.1696743006777,
-44.066549679734));
#7766=CARTESIAN_POINT('Ctrl Pts',(-1.20401663953599,-12.1904037148714,-44.1996499653071));
#7767=CARTESIAN_POINT('Ctrl Pts',(-2.67258754875182,-12.1403628504412,-44.3973094284189));
#7768=CARTESIAN_POINT('Ctrl Pts',(-4.61511853428196,-11.953710806469,-44.5885530846988));
#7769=CARTESIAN_POINT('Ctrl Pts',(-7.37859468604726,-11.5461223767152,-44.7607593861398));
#7770=CARTESIAN_POINT('Ctrl Pts',(-11.3799727997377,-10.9574746948574,-44.8703443114763));
#7771=CARTESIAN_POINT('Ctrl Pts',(-14.1401446434934,-10.6935650417241,-44.8786796564405));
#7772=CARTESIAN_POINT('Ctrl Pts',(-15.733268560792,-10.5242153164085,-44.8786796564404));
#7773=CARTESIAN_POINT('',(-15.8261492768008,-11.397972211223,-47.));
#7774=CARTESIAN_POINT('Origin',(-15.5090346765206,-8.41477957073043,-47.));
#7775=CARTESIAN_POINT('Ctrl Pts',(-15.8261492768008,-11.397972211223,-47.));
#7776=CARTESIAN_POINT('Ctrl Pts',(-15.8062556112476,-11.4000869160243,-47.));
#7777=CARTESIAN_POINT('Ctrl Pts',(-15.786354304475,-11.4021988298519,-47.));
#7778=CARTESIAN_POINT('Ctrl Pts',(-15.7660415672897,-11.4043505630851,-47.));
#7779=CARTESIAN_POINT('Ctrl Pts',(-15.7454886209357,-11.4065277417345,-47.));
#7780=CARTESIAN_POINT('Ctrl Pts',(-15.7245145188892,-11.4087456790524,-47.));
#7781=CARTESIAN_POINT('Ctrl Pts',(-15.7027539512281,-11.4110422881267,-47.));
#7782=CARTESIAN_POINT('Ctrl Pts',(-15.6807169268808,-11.413368074424,-47.));
#7783=CARTESIAN_POINT('Ctrl Pts',(-15.6578733950395,-11.4157745381318,-47.));
#7784=CARTESIAN_POINT('Ctrl Pts',(-15.6338969668016,-11.4182948120278,-47.));
#7785=CARTESIAN_POINT('Ctrl Pts',(-15.6095938562058,-11.4208494250259,-47.));
#7786=CARTESIAN_POINT('Ctrl Pts',(-15.5841268408688,-11.4235209656602,-47.));
#7787=CARTESIAN_POINT('Ctrl Pts',(-15.5572090712228,-11.4263376466967,-47.));
#7788=CARTESIAN_POINT('Ctrl Pts',(-15.5298980010741,-11.4291954827799,-47.));
#7789=CARTESIAN_POINT('Ctrl Pts',(-15.5010935517994,-11.4322027264697,-47.));
#7790=CARTESIAN_POINT('Ctrl Pts',(-15.4705492174354,-11.4353824859363,-47.));
#7791=CARTESIAN_POINT('Ctrl Pts',(-15.4395255733401,-11.438612143025,-47.));
#7792=CARTESIAN_POINT('Ctrl Pts',(-15.406707095697,-11.4420197664541,-47.));
#7793=CARTESIAN_POINT('Ctrl Pts',(-15.3718886320385,-11.4456231402904,-47.));
#7794=CARTESIAN_POINT('Ctrl Pts',(-15.3351803657773,-11.4494220903969,-47.));
#7795=CARTESIAN_POINT('Ctrl Pts',(-15.2962488743008,-11.4534386497905,-47.));
#7796=CARTESIAN_POINT('Ctrl Pts',(-15.2549140740015,-11.4576862995234,-47.));
#7797=CARTESIAN_POINT('Ctrl Pts',(-15.2138858529836,-11.461902444534,-47.));
#7798=CARTESIAN_POINT('Ctrl Pts',(-15.1704901953678,-11.4663462219179,-47.));
#7799=CARTESIAN_POINT('Ctrl Pts',(-15.1246071119147,-11.4710239397739,-47.));
#7800=CARTESIAN_POINT('Ctrl Pts',(-15.0777689030488,-11.4757990313647,-47.));
#7801=CARTESIAN_POINT('Ctrl Pts',(-15.0283387414858,-11.4808178881848,-47.));
#7802=CARTESIAN_POINT('Ctrl Pts',(-14.976244536561,-11.4860804301856,-47.));
#7803=CARTESIAN_POINT('Ctrl Pts',(-14.9229510821626,-11.4914641200325,-47.));
#7804=CARTESIAN_POINT('Ctrl Pts',(-14.8668696371087,-11.4971028217684,-47.));
#7805=CARTESIAN_POINT('Ctrl Pts',(-14.8079788099728,-11.5029897056694,-47.));
#7806=CARTESIAN_POINT('Ctrl Pts',(-14.7475685300963,-11.5090284781125,-47.));
#7807=CARTESIAN_POINT('Ctrl Pts',(-14.6842021627017,-11.5153283752702,-47.));
#7808=CARTESIAN_POINT('Ctrl Pts',(-14.6179127245778,-11.5218754000122,-47.));
#7809=CARTESIAN_POINT('Ctrl Pts',(-14.5496728823282,-11.528615054899,-47.));
#7810=CARTESIAN_POINT('Ctrl Pts',(-14.4783355848152,-11.5356165547413,-47.));
#7811=CARTESIAN_POINT('Ctrl Pts',(-14.4039933682656,-11.5428582190904,-47.));
#7812=CARTESIAN_POINT('Ctrl Pts',(-14.327099251229,-11.5503484636896,-47.));
#7813=CARTESIAN_POINT('Ctrl Pts',(-14.2469905586675,-11.5580955927423,-47.));
#7814=CARTESIAN_POINT('Ctrl Pts',(-14.1638267603519,-11.5660695441184,-47.));
#7815=CARTESIAN_POINT('Ctrl Pts',(-14.0772274140025,-11.5743729043662,-47.));
#7816=CARTESIAN_POINT('Ctrl Pts',(-13.9873155500162,-11.5829221466076,-47.));
#7817=CARTESIAN_POINT('Ctrl Pts',(-13.894329079858,-11.5916777699038,-47.));
#7818=CARTESIAN_POINT('Ctrl Pts',(-13.7965086871027,-11.6008885562492,-47.));
#7819=CARTESIAN_POINT('Ctrl Pts',(-13.6952859903777,-11.610327645874,-47.));
#7820=CARTESIAN_POINT('Ctrl Pts',(-13.5909969722418,-11.6199442761279,-47.));
#7821=CARTESIAN_POINT('Ctrl Pts',(-13.4793910171302,-11.6302356109552,-47.));
#7822=CARTESIAN_POINT('Ctrl Pts',(-13.3642737697429,-11.6407301349976,-47.));
#7823=CARTESIAN_POINT('Ctrl Pts',(-13.2461179043753,-11.6513621213683,-47.));
#7824=CARTESIAN_POINT('Ctrl Pts',(-13.115256840839,-11.6631373560522,-47.));
#7825=CARTESIAN_POINT('Ctrl Pts',(-12.9806691946655,-11.6750809593709,-47.));
#7826=CARTESIAN_POINT('Ctrl Pts',(-12.8430617146551,-11.6871025578368,-47.));
#7827=CARTESIAN_POINT('Ctrl Pts',(-12.6607488805321,-11.703029683941,-47.));
#7828=CARTESIAN_POINT('Ctrl Pts',(-12.4731368815008,-11.7190925826446,-47.));
#7829=CARTESIAN_POINT('Ctrl Pts',(-12.2819668431116,-11.7350904991137,-47.));
#7830=CARTESIAN_POINT('Ctrl Pts',(-12.1233795457892,-11.7483617541546,-47.));
#7831=CARTESIAN_POINT('Ctrl Pts',(-11.9623481552418,-11.7615882386487,-47.));
#7832=CARTESIAN_POINT('Ctrl Pts',(-11.7998680094811,-11.7746678823853,-47.));
#7833=CARTESIAN_POINT('Ctrl Pts',(-11.6493647406521,-11.7867833881183,-47.));
#7834=CARTESIAN_POINT('Ctrl Pts',(-11.4976204909322,-11.7987728618698,-47.));
#7835=CARTESIAN_POINT('Ctrl Pts',(-11.345387623448,-11.8105676569195,-47.));
#7836=CARTESIAN_POINT('Ctrl Pts',(-11.2129713690678,-11.8208270877998,-47.));
#7837=CARTESIAN_POINT('Ctrl Pts',(-11.0801857753605,-11.8309393653186,-47.));
#7838=CARTESIAN_POINT('Ctrl Pts',(-10.947482062539,-11.8408681194453,-47.));
#7839=CARTESIAN_POINT('Ctrl Pts',(-10.8239734231567,-11.8501089077163,-47.));
#7840=CARTESIAN_POINT('Ctrl Pts',(-10.7005360627263,-11.859190780595,-47.));
#7841=CARTESIAN_POINT('Ctrl Pts',(-10.5774879443231,-11.868091411369,-47.));
#7842=CARTESIAN_POINT('Ctrl Pts',(-10.4607757394658,-11.8765337366619,-47.));
#7843=CARTESIAN_POINT('Ctrl Pts',(-10.3444139918932,-11.884813046769,-47.));
#7844=CARTESIAN_POINT('Ctrl Pts',(-10.2286268908598,-11.8929161452716,-47.));
#7845=CARTESIAN_POINT('Ctrl Pts',(-10.1175964178368,-11.9006863619162,-47.));
#7846=CARTESIAN_POINT('Ctrl Pts',(-10.0070945641463,-11.9082945832049,-47.));
#7847=CARTESIAN_POINT('Ctrl Pts',(-9.89727098672166,-11.9157341570053,-47.));
#7848=CARTESIAN_POINT('Ctrl Pts',(-9.79120423437281,-11.9229192392106,-47.));
#7849=CARTESIAN_POINT('Ctrl Pts',(-9.68577032914951,-11.9299470460486,-47.));
#7850=CARTESIAN_POINT('Ctrl Pts',(-9.5810554361434,-11.9368158575475,-47.));
#7851=CARTESIAN_POINT('Ctrl Pts',(-9.47941044607957,-11.9434832976462,-47.));
#7852=CARTESIAN_POINT('Ctrl Pts',(-9.37844308443754,-11.9500009562261,-47.));
#7853=CARTESIAN_POINT('Ctrl Pts',(-9.27818302843216,-11.9563709324082,-47.));
#7854=CARTESIAN_POINT('Ctrl Pts',(-9.1804952107667,-11.9625774826197,-47.));
#7855=CARTESIAN_POINT('Ctrl Pts',(-9.08347900873364,-11.968643856393,-47.));
#7856=CARTESIAN_POINT('Ctrl Pts',(-8.9871123702106,-11.9745751493713,-47.));
#7857=CARTESIAN_POINT('Ctrl Pts',(-8.89294446316718,-11.9803711121069,-47.));
#7858=CARTESIAN_POINT('Ctrl Pts',(-8.79939693867281,-11.9860381111596,-47.));
#7859=CARTESIAN_POINT('Ctrl Pts',(-8.70639941605122,-11.9915835996182,-47.));
#7860=CARTESIAN_POINT('Ctrl Pts',(-8.61531377839326,-11.9970150814269,-47.));
#7861=CARTESIAN_POINT('Ctrl Pts',(-8.52475587082221,-12.002330019293,-47.));
#7862=CARTESIAN_POINT('Ctrl Pts',(-8.43460951465004,-12.0075377059792,-47.));
#7863=CARTESIAN_POINT('Ctrl Pts',(-8.34615177453093,-12.0126478425955,-47.));
#7864=CARTESIAN_POINT('Ctrl Pts',(-8.25809041223807,-12.0176547294536,-47.));
#7865=CARTESIAN_POINT('Ctrl Pts',(-8.1702654016127,-12.0225690621603,-47.));
#7866=CARTESIAN_POINT('Ctrl Pts',(-8.07918344434565,-12.0276656404402,-47.));
#7867=CARTESIAN_POINT('Ctrl Pts',(-7.98835630988555,-12.0326626831133,-47.));
#7868=CARTESIAN_POINT('Ctrl Pts',(-7.89754465984362,-12.0375739946974,-47.));
#7869=CARTESIAN_POINT('Ctrl Pts',(-7.80941343501763,-12.0423403424646,-47.));
#7870=CARTESIAN_POINT('Ctrl Pts',(-7.72128783710623,-12.0470264171987,-47.));
#7871=CARTESIAN_POINT('Ctrl Pts',(-7.63295694099156,-12.051642789159,-47.));
#7872=CARTESIAN_POINT('Ctrl Pts',(-7.54325022007446,-12.0563310648282,-47.));
#7873=CARTESIAN_POINT('Ctrl Pts',(-7.45333183993098,-12.0609474175026,-47.));
#7874=CARTESIAN_POINT('Ctrl Pts',(-7.36303426946387,-12.0654987066887,-47.));
#7875=CARTESIAN_POINT('Ctrl Pts',(-7.26743844125396,-12.0703170451767,-47.));
#7876=CARTESIAN_POINT('Ctrl Pts',(-7.17141732935814,-12.0750624510526,-47.));
#7877=CARTESIAN_POINT('Ctrl Pts',(-7.07483366645359,-12.0797386666865,-47.));
#7878=CARTESIAN_POINT('Ctrl Pts',(-6.97927602186753,-12.0843652063942,-47.));
#7879=CARTESIAN_POINT('Ctrl Pts',(-6.88316811069684,-12.0889239612206,-47.));
#7880=CARTESIAN_POINT('Ctrl Pts',(-6.78643363156615,-12.0934149581813,-47.));
#7881=CARTESIAN_POINT('Ctrl Pts',(-6.68760434629734,-12.0980032086557,-47.));
#7882=CARTESIAN_POINT('Ctrl Pts',(-6.58812117911869,-12.1025206945053,-47.));
#7883=CARTESIAN_POINT('Ctrl Pts',(-6.48795874131061,-12.1069643800003,-47.));
#7884=CARTESIAN_POINT('Ctrl Pts',(-6.38535373131525,-12.1115164296969,-47.));
#7885=CARTESIAN_POINT('Ctrl Pts',(-6.28203604987376,-12.115990990847,-47.));
#7886=CARTESIAN_POINT('Ctrl Pts',(-6.17803464145356,-12.1203822740233,-47.));
#7887=CARTESIAN_POINT('Ctrl Pts',(-6.07113196315022,-12.1248960584024,-47.));
#7888=CARTESIAN_POINT('Ctrl Pts',(-5.96350703201908,-12.1293218029522,-47.));
#7889=CARTESIAN_POINT('Ctrl Pts',(-5.85524783482441,-12.1336513212534,-47.));
#7890=CARTESIAN_POINT('Ctrl Pts',(-5.74346131533995,-12.1381219047647,-47.));
#7891=CARTESIAN_POINT('Ctrl Pts',(-5.63099870642823,-12.1424898310712,-47.));
#7892=CARTESIAN_POINT('Ctrl Pts',(-5.51801382952208,-12.1467449366174,-47.));
#7893=CARTESIAN_POINT('Ctrl Pts',(-5.40060586648106,-12.1511666193096,-47.));
#7894=CARTESIAN_POINT('Ctrl Pts',(-5.28263416622459,-12.1554664065218,-47.));
#7895=CARTESIAN_POINT('Ctrl Pts',(-5.16432881132828,-12.1596326630731,-47.));
#7896=CARTESIAN_POINT('Ctrl Pts',(-5.04022891410162,-12.1640029809703,-47.));
#7897=CARTESIAN_POINT('Ctrl Pts',(-4.91576216322807,-12.1682262836442,-47.));
#7898=CARTESIAN_POINT('Ctrl Pts',(-4.79125235591137,-12.1722900967104,-47.));
#7899=CARTESIAN_POINT('Ctrl Pts',(-4.65861961684855,-12.1766190300661,-47.));
#7900=CARTESIAN_POINT('Ctrl Pts',(-4.52593841891525,-12.1807668747104,-47.));
#7901=CARTESIAN_POINT('Ctrl Pts',(-4.39365953011441,-12.1847211741308,-47.));
#7902=CARTESIAN_POINT('Ctrl Pts',(-4.2477458636068,-12.1890830668873,-47.));
#7903=CARTESIAN_POINT('Ctrl Pts',(-4.1023223278844,-12.1932092778046,-47.));
#7904=CARTESIAN_POINT('Ctrl Pts',(-3.95805655192086,-12.1970886043157,-47.));
#7905=CARTESIAN_POINT('Ctrl Pts',(-3.77684777897516,-12.2019613330848,-47.));
#7906=CARTESIAN_POINT('Ctrl Pts',(-3.59746707797868,-12.2064438726494,-47.));
#7907=CARTESIAN_POINT('Ctrl Pts',(-3.42131934506087,-12.2105298941305,-47.));
#7908=CARTESIAN_POINT('Ctrl Pts',(-3.24784651807311,-12.2145538669953,-47.));
#7909=CARTESIAN_POINT('Ctrl Pts',(-3.07751487710533,-12.2181933100692,-47.));
#7910=CARTESIAN_POINT('Ctrl Pts',(-2.91167437375377,-12.2214601940585,-47.));
#7911=CARTESIAN_POINT('Ctrl Pts',(-2.77950186538279,-12.2240638538563,-47.));
#7912=CARTESIAN_POINT('Ctrl Pts',(-2.65018328611617,-12.2264312612508,-47.));
#7913=CARTESIAN_POINT('Ctrl Pts',(-2.52436986668945,-12.2285761891493,-47.));
#7914=CARTESIAN_POINT('Ctrl Pts',(-2.41050696173217,-12.2305173789092,-47.));
#7915=CARTESIAN_POINT('Ctrl Pts',(-2.29951554840179,-12.2322764762345,-47.));
#7916=CARTESIAN_POINT('Ctrl Pts',(-2.19183804890349,-12.2338678230622,-47.));
#7917=CARTESIAN_POINT('Ctrl Pts',(-2.09102150676399,-12.2353577730077,-47.));
#7918=CARTESIAN_POINT('Ctrl Pts',(-1.99311041594958,-12.2367007465504,-47.));
#7919=CARTESIAN_POINT('Ctrl Pts',(-1.89842401849764,-12.2379109566582,-47.));
#7920=CARTESIAN_POINT('Ctrl Pts',(-1.8082932934484,-12.2390629395978,-47.));
#7921=CARTESIAN_POINT('Ctrl Pts',(-1.72108471977944,-12.2400946817388,-47.));
#7922=CARTESIAN_POINT('Ctrl Pts',(-1.63702766073835,-12.2410198141977,-47.));
#7923=CARTESIAN_POINT('Ctrl Pts',(-1.55621883474404,-12.2419091965857,-47.));
#7924=CARTESIAN_POINT('Ctrl Pts',(-1.47832289512944,-12.2427000899473,-47.));
#7925=CARTESIAN_POINT('Ctrl Pts',(-1.40349624845675,-12.2434052357246,-47.));
#7926=CARTESIAN_POINT('Ctrl Pts',(-1.33108221700992,-12.2440876456783,-47.));
#7927=CARTESIAN_POINT('Ctrl Pts',(-1.26154293931739,-12.2446897785182,-47.));
#7928=CARTESIAN_POINT('Ctrl Pts',(-1.19497178428906,-12.2452232809567,-47.));
#7929=CARTESIAN_POINT('Ctrl Pts',(-1.13023863282155,-12.2457420536015,-47.));
#7930=CARTESIAN_POINT('Ctrl Pts',(-1.06831213510683,-12.246195955356,-47.));
#7931=CARTESIAN_POINT('Ctrl Pts',(-1.00922897920517,-12.246595413068,-47.));
#7932=CARTESIAN_POINT('Ctrl Pts',(-0.951569369747495,-12.246985246267,-47.));
#7933=CARTESIAN_POINT('Ctrl Pts',(-0.896617882216939,-12.2473232429001,
-47.));
#7934=CARTESIAN_POINT('Ctrl Pts',(-0.844358852877522,-12.2476185497361,
-47.));
#7935=CARTESIAN_POINT('Ctrl Pts',(-0.793214767609045,-12.2479075562139,
-47.));
#7936=CARTESIAN_POINT('Ctrl Pts',(-0.744649606271869,-12.2481556851189,
-47.));
#7937=CARTESIAN_POINT('Ctrl Pts',(-0.698598434167918,-12.248370796294,-47.));
#7938=CARTESIAN_POINT('Ctrl Pts',(-0.653834178843604,-12.2485798961089,
-47.));
#7939=CARTESIAN_POINT('Ctrl Pts',(-0.611445401659912,-12.2487578020227,
-47.));
#7940=CARTESIAN_POINT('Ctrl Pts',(-0.571323391233711,-12.2489109503062,
-47.));
#7941=CARTESIAN_POINT('Ctrl Pts',(-0.531821457352467,-12.2490617317177,
-47.));
#7942=CARTESIAN_POINT('Ctrl Pts',(-0.494516879960053,-12.2491885170436,
-47.));
#7943=CARTESIAN_POINT('Ctrl Pts',(-0.459256434626005,-12.2492966305241,
-47.));
#7944=CARTESIAN_POINT('Ctrl Pts',(-0.42449838268948,-12.2494032035957,-47.));
#7945=CARTESIAN_POINT('Ctrl Pts',(-0.391726730902347,-12.2494916327226,
-47.));
#7946=CARTESIAN_POINT('Ctrl Pts',(-0.360744656823581,-12.2495662037878,
-47.));
#7947=CARTESIAN_POINT('Ctrl Pts',(-0.33017242645858,-12.2496397883961,-47.));
#7948=CARTESIAN_POINT('Ctrl Pts',(-0.301342835040409,-12.249699877047,-47.));
#7949=CARTESIAN_POINT('Ctrl Pts',(-0.274016210795345,-12.2497498086506,
-47.));
#7950=CARTESIAN_POINT('Ctrl Pts',(-0.246968809069298,-12.2497992300548,
-47.));
#7951=CARTESIAN_POINT('Ctrl Pts',(-0.221393924071971,-12.2498386982817,
-47.));
#7952=CARTESIAN_POINT('Ctrl Pts',(-0.197007766573257,-12.2498707180843,
-47.));
#7953=CARTESIAN_POINT('Ctrl Pts',(-0.173075476983505,-12.2499021419438,
-47.));
#7954=CARTESIAN_POINT('Ctrl Pts',(-0.150288098693849,-12.2499263886873,
-47.));
#7955=CARTESIAN_POINT('Ctrl Pts',(-0.128326822944039,-12.2499451631574,
-47.));
#7956=CARTESIAN_POINT('Ctrl Pts',(-0.10574081476326,-12.2499644717049,-47.));
#7957=CARTESIAN_POINT('Ctrl Pts',(-0.0840290407241614,-12.2499779954967,
-47.));
#7958=CARTESIAN_POINT('Ctrl Pts',(-0.0627864843382273,-12.2499868767422,
-47.));
#7959=CARTESIAN_POINT('Ctrl Pts',(-0.0415439279522933,-12.2499957579876,
-47.));
#7960=CARTESIAN_POINT('Ctrl Pts',(-0.0207707942364186,-12.25,-47.));
#7961=CARTESIAN_POINT('Ctrl Pts',(-4.43013941598455E-17,-12.25,-47.));
#7962=CARTESIAN_POINT('Ctrl Pts',(4.12164898915685E-6,-12.1511824764243,
-44.));
#7963=CARTESIAN_POINT('Ctrl Pts',(-0.392184422865848,-12.1696743006777,
-44.066549679734));
#7964=CARTESIAN_POINT('Ctrl Pts',(-1.20401663953599,-12.1904037148714,-44.1996499653071));
#7965=CARTESIAN_POINT('Ctrl Pts',(-2.67258754875182,-12.1403628504412,-44.3973094284189));
#7966=CARTESIAN_POINT('Ctrl Pts',(-4.61511853428196,-11.953710806469,-44.5885530846988));
#7967=CARTESIAN_POINT('Ctrl Pts',(-7.37859468604726,-11.5461223767152,-44.7607593861398));
#7968=CARTESIAN_POINT('Ctrl Pts',(-11.3799727997377,-10.9574746948574,-44.8703443114763));
#7969=CARTESIAN_POINT('Ctrl Pts',(-14.1401446434934,-10.6935650417241,-44.8786796564405));
#7970=CARTESIAN_POINT('Ctrl Pts',(-15.733268560792,-10.5242153164085,-44.8786796564404));
#7971=CARTESIAN_POINT('Ctrl Pts',(-0.554619276939775,-12.1511799260612,
-44.));
#7972=CARTESIAN_POINT('Ctrl Pts',(-0.931544583985825,-12.1632591106427,
-44.0650182475164));
#7973=CARTESIAN_POINT('Ctrl Pts',(-1.72618027740397,-12.1711379674565,-44.1935382085778));
#7974=CARTESIAN_POINT('Ctrl Pts',(-3.19123939242412,-12.0964587076588,-44.3803222697441));
#7975=CARTESIAN_POINT('Ctrl Pts',(-5.1365354705744,-11.8794362560932,-44.5566212102379));
#7976=CARTESIAN_POINT('Ctrl Pts',(-7.89284577625247,-11.4405084038982,-44.7093885642753));
#7977=CARTESIAN_POINT('Ctrl Pts',(-11.745590834581,-10.8516621607541,-44.7988383776766));
#7978=CARTESIAN_POINT('Ctrl Pts',(-14.3003807116131,-10.5922781212845,-44.79489792346));
#7979=CARTESIAN_POINT('Ctrl Pts',(-15.7234845118543,-10.4321738186052,-44.7861195952287));
#7980=CARTESIAN_POINT('Ctrl Pts',(-1.66312728608626,-12.1280287376909,-44.));
#7981=CARTESIAN_POINT('Ctrl Pts',(-2.02376387891394,-12.1278279755989,-44.0608835328612));
#7982=CARTESIAN_POINT('Ctrl Pts',(-2.80387444651643,-12.1073589295537,-44.1787597629118));
#7983=CARTESIAN_POINT('Ctrl Pts',(-4.27635019028535,-11.9776415351217,-44.3425957454916));
#7984=CARTESIAN_POINT('Ctrl Pts',(-6.23176850919803,-11.6955157265484,-44.4888557859208));
#7985=CARTESIAN_POINT('Ctrl Pts',(-8.9499812894298,-11.2001018717901,-44.6048815407835));
#7986=CARTESIAN_POINT('Ctrl Pts',(-12.4527264582559,-10.6257634855185,-44.6585538768007));
#7987=CARTESIAN_POINT('Ctrl Pts',(-14.591918325625,-10.3799271518388,-44.6342134502681));
#7988=CARTESIAN_POINT('Ctrl Pts',(-15.7026339105176,-10.2360259263211,-44.6131333908961));
#7989=CARTESIAN_POINT('Ctrl Pts',(-3.52914739815789,-11.9831428214777,-44.));
#7990=CARTESIAN_POINT('Ctrl Pts',(-3.88809264759289,-11.9559162913465,-44.0517386377851));
#7991=CARTESIAN_POINT('Ctrl Pts',(-4.67681320779778,-11.8769221146071,-44.1488492271651));
#7992=CARTESIAN_POINT('Ctrl Pts',(-6.1693162945839,-11.6501917480493,-44.2744083220998));
#7993=CARTESIAN_POINT('Ctrl Pts',(-8.10018329637681,-11.2757021724907,-44.3766167121019));
#7994=CARTESIAN_POINT('Ctrl Pts',(-10.6071808878784,-10.7452332954267,-44.4462195274628));
#7995=CARTESIAN_POINT('Ctrl Pts',(-13.4100763878628,-10.2461973274904,-44.4600949351405));
#7996=CARTESIAN_POINT('Ctrl Pts',(-14.925358116122,-10.0345047647384,-44.4209073135023));
#7997=CARTESIAN_POINT('Ctrl Pts',(-15.6680454278871,-9.9106416433582,-44.3944936137784));
#7998=CARTESIAN_POINT('Ctrl Pts',(-5.83562217888246,-11.6047520959806,-44.));
#7999=CARTESIAN_POINT('Ctrl Pts',(-6.19639721943576,-11.546041972753,-44.039508634546));
#8000=CARTESIAN_POINT('Ctrl Pts',(-6.98969260430149,-11.4030795749038,-44.1108578702038));
#8001=CARTESIAN_POINT('Ctrl Pts',(-8.44108181986366,-11.0926294492865,-44.1957641391853));
#8002=CARTESIAN_POINT('Ctrl Pts',(-10.202024141175,-10.6760867725597,-44.2580495660461));
#8003=CARTESIAN_POINT('Ctrl Pts',(-12.2443141693597,-10.2017047656486,-44.291482812237));
#8004=CARTESIAN_POINT('Ctrl Pts',(-14.1810080186266,-9.83625674121765,-44.2805115537454));
#8005=CARTESIAN_POINT('Ctrl Pts',(-15.151858568735,-9.66455825188479,-44.2426731976767));
#8006=CARTESIAN_POINT('Ctrl Pts',(-15.6307362378982,-9.55966284610645,-44.2204348858706));
#8007=CARTESIAN_POINT('Ctrl Pts',(-8.87524758296212,-10.7599572427621,-44.));
#8008=CARTESIAN_POINT('Ctrl Pts',(-9.19948232437665,-10.6829989127948,-44.0242781523223));
#8009=CARTESIAN_POINT('Ctrl Pts',(-9.88799960851986,-10.5170300106661,-44.0663003750034));
#8010=CARTESIAN_POINT('Ctrl Pts',(-11.0446877079366,-10.2271197105037,-44.1124733186947));
#8011=CARTESIAN_POINT('Ctrl Pts',(-12.3167291642302,-9.90583204143667,-44.1418027438519));
#8012=CARTESIAN_POINT('Ctrl Pts',(-13.6048651094735,-9.61111817487343,-44.1495507514615));
#8013=CARTESIAN_POINT('Ctrl Pts',(-14.6797479229249,-9.40942864713651,-44.1308696603076));
#8014=CARTESIAN_POINT('Ctrl Pts',(-15.2872024235599,-9.27196758551919,-44.1068398297099));
#8015=CARTESIAN_POINT('Ctrl Pts',(-15.5913447017732,-9.18909479101843,-44.0939352575362));
#8016=CARTESIAN_POINT('Ctrl Pts',(-12.2212876442686,-9.2660698498105,-44.));
#8017=CARTESIAN_POINT('Ctrl Pts',(-12.3620078496786,-9.2646451220895,-44.008785230231));
#8018=CARTESIAN_POINT('Ctrl Pts',(-12.671295641836,-9.24938836107445,-44.0230539504249));
#8019=CARTESIAN_POINT('Ctrl Pts',(-13.2173109117941,-9.18999737404575,-44.0357973521408));
#8020=CARTESIAN_POINT('Ctrl Pts',(-13.8156228739722,-9.11249973508878,-44.039940873654));
#8021=CARTESIAN_POINT('Ctrl Pts',(-14.4044411425239,-9.041291255882,-44.035941598841));
#8022=CARTESIAN_POINT('Ctrl Pts',(-14.9707769581587,-8.95608284936286,-44.0269259407128));
#8023=CARTESIAN_POINT('Ctrl Pts',(-15.36306146479,-8.85846299881372,-44.0204167975293));
#8024=CARTESIAN_POINT('Ctrl Pts',(-15.5505448023278,-8.80527783761737,-44.0171592107815));
#8025=CARTESIAN_POINT('Ctrl Pts',(-13.3515994411092,-8.34470101099948,-44.));
#8026=CARTESIAN_POINT('Ctrl Pts',(-13.4315561882371,-8.39746433755351,-44.));
#8027=CARTESIAN_POINT('Ctrl Pts',(-13.6170501979615,-8.48633350066375,-44.));
#8028=CARTESIAN_POINT('Ctrl Pts',(-13.9569880361596,-8.57937675068065,-44.));
#8029=CARTESIAN_POINT('Ctrl Pts',(-14.3371291442878,-8.63551912932041,-44.));
#8030=CARTESIAN_POINT('Ctrl Pts',(-14.7341986544243,-8.65130008962642,-44.));
#8031=CARTESIAN_POINT('Ctrl Pts',(-15.1322931571678,-8.62010268420363,-44.));
#8032=CARTESIAN_POINT('Ctrl Pts',(-15.3935954212253,-8.57117236990275,-44.));
#8033=CARTESIAN_POINT('Ctrl Pts',(-15.5228714112232,-8.54494590522509,-44.));
#8034=CARTESIAN_POINT('Ctrl Pts',(-13.9363731009904,-7.83983129326111,-44.));
#8035=CARTESIAN_POINT('Ctrl Pts',(-13.9906019322035,-7.92419957709992,-44.));
#8036=CARTESIAN_POINT('Ctrl Pts',(-14.1171129669926,-8.08011941574882,-44.));
#8037=CARTESIAN_POINT('Ctrl Pts',(-14.350036778365,-8.26209660244365,-44.));
#8038=CARTESIAN_POINT('Ctrl Pts',(-14.6153428366624,-8.38339235023092,-44.));
#8039=CARTESIAN_POINT('Ctrl Pts',(-14.9016362724589,-8.44259602824015,-44.));
#8040=CARTESIAN_POINT('Ctrl Pts',(-15.200835041961,-8.44689938243796,-44.));
#8041=CARTESIAN_POINT('Ctrl Pts',(-15.4053300201992,-8.42580341819847,-44.));
#8042=CARTESIAN_POINT('Ctrl Pts',(-15.5090346765206,-8.41477957073044,-44.));
#8043=CARTESIAN_POINT('',(-13.9363731009904,-7.83983129326111,-44.));
#8044=CARTESIAN_POINT('Ctrl Pts',(4.12164898915685E-6,-12.1511824764243,
-44.));
#8045=CARTESIAN_POINT('Ctrl Pts',(-0.554619276939775,-12.1511799260612,
-44.));
#8046=CARTESIAN_POINT('Ctrl Pts',(-1.66312728608626,-12.1280287376909,-44.));
#8047=CARTESIAN_POINT('Ctrl Pts',(-3.52914739815789,-11.9831428214777,-44.));
#8048=CARTESIAN_POINT('Ctrl Pts',(-5.83562217888246,-11.6047520959806,-44.));
#8049=CARTESIAN_POINT('Ctrl Pts',(-8.87524758296212,-10.7599572427621,-44.));
#8050=CARTESIAN_POINT('Ctrl Pts',(-12.2212876442686,-9.2660698498105,-44.));
#8051=CARTESIAN_POINT('Ctrl Pts',(-13.3515994411092,-8.34470101099948,-44.));
#8052=CARTESIAN_POINT('Ctrl Pts',(-13.9363731009904,-7.83983129326111,-44.));
#8053=CARTESIAN_POINT('',(-15.5090346765206,-8.41477957073043,-44.));
#8054=CARTESIAN_POINT('Ctrl Pts',(-13.9363731009904,-7.83983129326111,-44.));
#8055=CARTESIAN_POINT('Ctrl Pts',(-13.9652166507177,-7.8847055923355,-44.));
#8056=CARTESIAN_POINT('Ctrl Pts',(-13.9965998321482,-7.92776679973626,-44.));
#8057=CARTESIAN_POINT('Ctrl Pts',(-14.0302741462261,-7.96867627316102,-44.));
#8058=CARTESIAN_POINT('Ctrl Pts',(-14.0626473716397,-8.00800511002066,-44.));
#8059=CARTESIAN_POINT('Ctrl Pts',(-14.0971354833564,-8.04534339757135,-44.));
#8060=CARTESIAN_POINT('Ctrl Pts',(-14.1334826719518,-8.08040939843294,-44.));
#8061=CARTESIAN_POINT('Ctrl Pts',(-14.1670774858045,-8.11282004192504,-44.));
#8062=CARTESIAN_POINT('Ctrl Pts',(-14.2022601400229,-8.14328910214214,-44.));
#8063=CARTESIAN_POINT('Ctrl Pts',(-14.2388365569578,-8.17164169257582,-44.));
#8064=CARTESIAN_POINT('Ctrl Pts',(-14.2745708131555,-8.19934147334518,-44.));
#8065=CARTESIAN_POINT('Ctrl Pts',(-14.3116356784731,-8.22502095813464,-44.));
#8066=CARTESIAN_POINT('Ctrl Pts',(-14.3498553617002,-8.24856649150097,-44.));
#8067=CARTESIAN_POINT('Ctrl Pts',(-14.3872377649442,-8.27159621201602,-44.));
#8068=CARTESIAN_POINT('Ctrl Pts',(-14.4257251877173,-8.2925843187934,-44.));
#8069=CARTESIAN_POINT('Ctrl Pts',(-14.4651542773353,-8.31147450674126,-44.));
#8070=CARTESIAN_POINT('Ctrl Pts',(-14.504123629723,-8.33014443795048,-44.));
#8071=CARTESIAN_POINT('Ctrl Pts',(-14.5440130363016,-8.3467648911828,-44.));
#8072=CARTESIAN_POINT('Ctrl Pts',(-14.584662512261,-8.36133350685752,-44.));
#8073=CARTESIAN_POINT('Ctrl Pts',(-14.6230296367826,-8.37508413656444,-44.));
#8074=CARTESIAN_POINT('Ctrl Pts',(-14.6620740100742,-8.38700708367248,-44.));
#8075=CARTESIAN_POINT('Ctrl Pts',(-14.7016566060768,-8.397146163532,-44.));
#8076=CARTESIAN_POINT('Ctrl Pts',(-14.7347886911028,-8.40563294534814,-44.));
#8077=CARTESIAN_POINT('Ctrl Pts',(-14.7682949285845,-8.41287064912884,-44.));
#8078=CARTESIAN_POINT('Ctrl Pts',(-14.8021011042983,-8.41891049596854,-44.));
#8079=CARTESIAN_POINT('Ctrl Pts',(-14.8402065304968,-8.4257184514128,-44.));
#8080=CARTESIAN_POINT('Ctrl Pts',(-14.8786951700011,-8.4310031254656,-44.));
#8081=CARTESIAN_POINT('Ctrl Pts',(-14.9175335443084,-8.43487794753134,-44.));
#8082=CARTESIAN_POINT('Ctrl Pts',(-14.9502477345291,-8.43814177276582,-44.));
#8083=CARTESIAN_POINT('Ctrl Pts',(-14.9832138322587,-8.44040577553585,-44.));
#8084=CARTESIAN_POINT('Ctrl Pts',(-15.0164052549359,-8.44176724730183,-44.));
#8085=CARTESIAN_POINT('Ctrl Pts',(-15.0459284641091,-8.44297825341391,-44.));
#8086=CARTESIAN_POINT('Ctrl Pts',(-15.0756312493178,-8.44347540672229,-44.));
#8087=CARTESIAN_POINT('Ctrl Pts',(-15.1054598834159,-8.44334868406908,-44.));
#8088=CARTESIAN_POINT('Ctrl Pts',(-15.1296413602991,-8.44324595254945,-44.));
#8089=CARTESIAN_POINT('Ctrl Pts',(-15.1538986418314,-8.44273434027435,-44.));
#8090=CARTESIAN_POINT('Ctrl Pts',(-15.1782057509872,-8.44186927278821,-44.));
#8091=CARTESIAN_POINT('Ctrl Pts',(-15.2086767537585,-8.4407848380412,-44.));
#8092=CARTESIAN_POINT('Ctrl Pts',(-15.2392277768174,-8.43914397125472,-44.));
#8093=CARTESIAN_POINT('Ctrl Pts',(-15.2699032608888,-8.43706178063641,-44.));
#8094=CARTESIAN_POINT('Ctrl Pts',(-15.298080973268,-8.43514913377402,-44.));
#8095=CARTESIAN_POINT('Ctrl Pts',(-15.3263692175517,-8.43286349812864,-44.));
#8096=CARTESIAN_POINT('Ctrl Pts',(-15.3548081716608,-8.43031053451502,-44.));
#8097=CARTESIAN_POINT('Ctrl Pts',(-15.3786767657899,-8.42816785190841,-44.));
#8098=CARTESIAN_POINT('Ctrl Pts',(-15.4026530148617,-8.42583691424636,-44.));
#8099=CARTESIAN_POINT('Ctrl Pts',(-15.4267256182798,-8.42339471893656,-44.));
#8100=CARTESIAN_POINT('Ctrl Pts',(-15.4481518738948,-8.4212209988756,-44.));
#8101=CARTESIAN_POINT('Ctrl Pts',(-15.4696549336022,-8.41895917741164,-44.));
#8102=CARTESIAN_POINT('Ctrl Pts',(-15.4911851808341,-8.416675574375,-44.));
#8103=CARTESIAN_POINT('Ctrl Pts',(-15.4971338119488,-8.41604463354413,-44.));
#8104=CARTESIAN_POINT('Ctrl Pts',(-15.5030842298519,-8.41541210564998,-44.));
#8105=CARTESIAN_POINT('Ctrl Pts',(-15.5090346765206,-8.41477957073043,-44.));
#8106=CARTESIAN_POINT('Origin',(-15.5090346765206,-8.41477957073043,-47.));
#8107=CARTESIAN_POINT('Ctrl Pts',(-1.39346326716652E-5,12.1497385612887,
-44.));
#8108=CARTESIAN_POINT('Ctrl Pts',(-0.206952653177785,12.1621745755705,-44.0362998253095));
#8109=CARTESIAN_POINT('Ctrl Pts',(-0.62720931014324,12.1832034092723,-44.1088999451549));
#8110=CARTESIAN_POINT('Ctrl Pts',(-1.30172712252421,12.2006907582363,-44.2174849786367));
#8111=CARTESIAN_POINT('Ctrl Pts',(-2.04768440352146,12.2001717484522,-44.3253539906989));
#8112=CARTESIAN_POINT('Ctrl Pts',(-2.89736026214833,12.1764986429517,-44.4318800190448));
#8113=CARTESIAN_POINT('Ctrl Pts',(-3.89152378527739,12.1237739486028,-44.5359395454904));
#8114=CARTESIAN_POINT('Ctrl Pts',(-5.08301712813761,12.0370547739379,-44.6353881294531));
#8115=CARTESIAN_POINT('Ctrl Pts',(-6.53491253158445,11.917620047208,-44.7261566877176));
#8116=CARTESIAN_POINT('Ctrl Pts',(-8.29699192734683,11.7851227189015,-44.8014038973976));
#8117=CARTESIAN_POINT('Ctrl Pts',(-10.3357181137151,11.6911327745674,-44.8526851700674));
#8118=CARTESIAN_POINT('Ctrl Pts',(-12.4905439622393,11.6948383886044,-44.8772149275519));
#8119=CARTESIAN_POINT('Ctrl Pts',(-13.9642205793019,11.7604381820978,-44.8786796564404));
#8120=CARTESIAN_POINT('Ctrl Pts',(-14.7854316062491,11.8016351527839,-44.8786796564404));
#8121=CARTESIAN_POINT('Ctrl Pts',(-4.91606517500968E-6,12.181978969334,
-44.0941154596514));
#8122=CARTESIAN_POINT('Ctrl Pts',(-0.204946446410195,12.192935303557,-44.1283986279993));
#8123=CARTESIAN_POINT('Ctrl Pts',(-0.623513490703445,12.2108586302258,-44.1973364274297));
#8124=CARTESIAN_POINT('Ctrl Pts',(-1.30046097510168,12.2234538837474,-44.3014536853359));
#8125=CARTESIAN_POINT('Ctrl Pts',(-2.05238160196471,12.2182037517244,-44.4058186724516));
#8126=CARTESIAN_POINT('Ctrl Pts',(-2.91043370954963,12.1905821216045,-44.5097388877695));
#8127=CARTESIAN_POINT('Ctrl Pts',(-3.91421853242277,12.135738690531,-44.6119769681427));
#8128=CARTESIAN_POINT('Ctrl Pts',(-5.11433663144945,12.0504816034597,-44.7101842336636));
#8129=CARTESIAN_POINT('Ctrl Pts',(-6.56863297647029,11.938788657461,-44.8000471902317));
#8130=CARTESIAN_POINT('Ctrl Pts',(-8.31695871246299,11.8227507057473,-44.8748188555427));
#8131=CARTESIAN_POINT('Ctrl Pts',(-10.3197791477498,11.7510481885512,-44.9273858441687));
#8132=CARTESIAN_POINT('Ctrl Pts',(-12.4456564416227,11.7725537272751,-44.9574656951648));
#8133=CARTESIAN_POINT('Ctrl Pts',(-13.9386183928628,11.8470360776199,-44.9664515386168));
#8134=CARTESIAN_POINT('Ctrl Pts',(-14.7807940589885,11.8940789632144,-44.971239717652));
#8135=CARTESIAN_POINT('Ctrl Pts',(5.42391055024182E-5,12.2401930442693,
-44.2823005049952));
#8136=CARTESIAN_POINT('Ctrl Pts',(-0.204115047482708,12.2476290159082,-44.3140866197479));
#8137=CARTESIAN_POINT('Ctrl Pts',(-0.624806912193688,12.2584385924083,-44.3784508008197));
#8138=CARTESIAN_POINT('Ctrl Pts',(-1.31334482768304,12.2604809330761,-44.4769714750022));
#8139=CARTESIAN_POINT('Ctrl Pts',(-2.0831183463083,12.2455913762884,-44.5769731604437));
#8140=CARTESIAN_POINT('Ctrl Pts',(-2.9632175439428,12.2106562173347,-44.6776386855384));
#8141=CARTESIAN_POINT('Ctrl Pts',(-3.99016284818692,12.1531588496347,-44.7774387912561));
#8142=CARTESIAN_POINT('Ctrl Pts',(-5.20841011071949,12.0736812679721,-44.8735505318155));
#8143=CARTESIAN_POINT('Ctrl Pts',(-6.66305703289709,11.9811352604381,-44.9612877791185));
#8144=CARTESIAN_POINT('Ctrl Pts',(-8.37470350026095,11.8999549580995,-45.0346495106701));
#8145=CARTESIAN_POINT('Ctrl Pts',(-10.3022189501887,11.8700037802535,-45.0898461027373));
#8146=CARTESIAN_POINT('Ctrl Pts',(-12.3750841094044,11.9227406413814,-45.1310372814786));
#8147=CARTESIAN_POINT('Ctrl Pts',(-13.8995381129641,12.0115608379054,-45.1544816291016));
#8148=CARTESIAN_POINT('Ctrl Pts',(-14.7721269115436,12.0668479055755,-45.1684927105914));
#8149=CARTESIAN_POINT('Ctrl Pts',(3.74933062321319E-5,12.2917157840758,
-44.6016706877616));
#8150=CARTESIAN_POINT('Ctrl Pts',(-0.212557313974806,12.293897698589,-44.6324076198903));
#8151=CARTESIAN_POINT('Ctrl Pts',(-0.653979525336643,12.2944464944268,-44.6947513728114));
#8152=CARTESIAN_POINT('Ctrl Pts',(-1.38201211404414,12.2827532915858,-44.7904846100957));
#8153=CARTESIAN_POINT('Ctrl Pts',(-2.19608767377597,12.2574951678356,-44.8877467766025));
#8154=CARTESIAN_POINT('Ctrl Pts',(-3.12055401298082,12.2182245819679,-44.9852686942507));
#8155=CARTESIAN_POINT('Ctrl Pts',(-4.1846322836186,12.1662705577702,-45.0808596078959));
#8156=CARTESIAN_POINT('Ctrl Pts',(-5.42050058630122,12.1068224799001,-45.1711552943894));
#8157=CARTESIAN_POINT('Ctrl Pts',(-6.85549065588007,12.051975460857,-45.251954364811));
#8158=CARTESIAN_POINT('Ctrl Pts',(-8.49741809620996,12.0226633452492,-45.3201510314512));
#8159=CARTESIAN_POINT('Ctrl Pts',(-10.3283861674489,12.0434916193428,-45.3772656190598));
#8160=CARTESIAN_POINT('Ctrl Pts',(-12.3466231962319,12.1288619627464,-45.4312652405224));
#8161=CARTESIAN_POINT('Ctrl Pts',(-13.8889120210627,12.2270295742547,-45.4713482939084));
#8162=CARTESIAN_POINT('Ctrl Pts',(-14.7611723779557,12.2852130821307,-45.495710214295));
#8163=CARTESIAN_POINT('Ctrl Pts',(-5.47576878060963E-5,12.2960973922815,
-45.0028594130878));
#8164=CARTESIAN_POINT('Ctrl Pts',(-0.231824382608416,12.2942236506839,-45.0334237370066));
#8165=CARTESIAN_POINT('Ctrl Pts',(-0.713147725440284,12.2873066255036,-45.0950827506154));
#8166=CARTESIAN_POINT('Ctrl Pts',(-1.50172905606075,12.2680715074641,-45.1883554089258));
#8167=CARTESIAN_POINT('Ctrl Pts',(-2.37274057524062,12.2411835338605,-45.2810698986723));
#8168=CARTESIAN_POINT('Ctrl Pts',(-3.34526293990456,12.2088453532485,-45.3712166837349));
#8169=CARTESIAN_POINT('Ctrl Pts',(-4.44150105969493,12.1750447751892,-45.4561261992973));
#8170=CARTESIAN_POINT('Ctrl Pts',(-5.68486544575561,12.1466849761898,-45.5328608791677));
#8171=CARTESIAN_POINT('Ctrl Pts',(-7.09532219227352,12.1344388192463,-45.5994368219754));
#8172=CARTESIAN_POINT('Ctrl Pts',(-8.68332159154186,12.1516159155886,-45.6569148178042));
#8173=CARTESIAN_POINT('Ctrl Pts',(-10.4542399033187,12.2093108308998,-45.7110668794551));
#8174=CARTESIAN_POINT('Ctrl Pts',(-12.4264754240062,12.3112635048409,-45.7702453730172));
#8175=CARTESIAN_POINT('Ctrl Pts',(-13.9313931776898,12.4057186491873,-45.8193820500649));
#8176=CARTESIAN_POINT('Ctrl Pts',(-14.7524514937403,12.4590532010313,-45.8486664322285));
#8177=CARTESIAN_POINT('Ctrl Pts',(3.24087276352201E-5,12.2453024371182,
-45.544908427288));
#8178=CARTESIAN_POINT('Ctrl Pts',(-0.260895550728161,12.2420978613954,-45.5736751852894));
#8179=CARTESIAN_POINT('Ctrl Pts',(-0.798453056289479,12.2344354917559,-45.6302753195077));
#8180=CARTESIAN_POINT('Ctrl Pts',(-1.66452374749049,12.2211853531583,-45.7109827871662));
#8181=CARTESIAN_POINT('Ctrl Pts',(-2.60530697092973,12.2084838417432,-45.7859067772072));
#8182=CARTESIAN_POINT('Ctrl Pts',(-3.63823678396262,12.199223320734,-45.8534072576797));
#8183=CARTESIAN_POINT('Ctrl Pts',(-4.78250219990203,12.1972710991056,-45.9121885077219));
#8184=CARTESIAN_POINT('Ctrl Pts',(-6.05671640697292,12.2076516582843,-45.9620735152784));
#8185=CARTESIAN_POINT('Ctrl Pts',(-7.47485570116369,12.2360276452126,-46.0050336107026));
#8186=CARTESIAN_POINT('Ctrl Pts',(-9.04279390467172,12.2871547365269,-46.0457026750932));
#8187=CARTESIAN_POINT('Ctrl Pts',(-10.7614781668088,12.3630318062923,-46.0904040914652));
#8188=CARTESIAN_POINT('Ctrl Pts',(-12.6373610436267,12.4625194133599,-46.1451658149911));
#8189=CARTESIAN_POINT('Ctrl Pts',(-14.0221988513874,12.5420302557354,-46.1939081735526));
#8190=CARTESIAN_POINT('Ctrl Pts',(-14.746113468493,12.5853939521954,-46.2213222742195));
#8191=CARTESIAN_POINT('Ctrl Pts',(-5.75965126732E-6,12.1955914479494,-46.2646970866791));
#8192=CARTESIAN_POINT('Ctrl Pts',(-0.307355160753719,12.1969893154718,-46.2806765073742));
#8193=CARTESIAN_POINT('Ctrl Pts',(-0.938450505288198,12.2004539206508,-46.3102907379149));
#8194=CARTESIAN_POINT('Ctrl Pts',(-1.94498435184943,12.2090253862682,-46.3476369450142));
#8195=CARTESIAN_POINT('Ctrl Pts',(-3.02212223918057,12.2225206697222,-46.3780997068544));
#8196=CARTESIAN_POINT('Ctrl Pts',(-4.17979673414527,12.242672739641,-46.4023904363121));
#8197=CARTESIAN_POINT('Ctrl Pts',(-5.42559399516076,12.2712776150159,-46.4220651923322));
#8198=CARTESIAN_POINT('Ctrl Pts',(-6.7628681505204,12.3098803460073,-46.439702360934));
#8199=CARTESIAN_POINT('Ctrl Pts',(-8.18998386589787,12.3593741493069,-46.4586851983636));
#8200=CARTESIAN_POINT('Ctrl Pts',(-9.7022308618031,12.4197973069989,-46.4824843846522));
#8201=CARTESIAN_POINT('Ctrl Pts',(-11.2973035445503,12.4904144299722,-46.514212185873));
#8202=CARTESIAN_POINT('Ctrl Pts',(-12.9794486898494,12.5703039463303,-46.5562201070745));
#8203=CARTESIAN_POINT('Ctrl Pts',(-14.1472143123977,12.6304430003441,-46.5892638630808));
#8204=CARTESIAN_POINT('Ctrl Pts',(-14.7422667495016,12.6620735720971,-46.6073016590483));
#8205=CARTESIAN_POINT('Ctrl Pts',(2.33674367290833E-15,12.25,-46.7382006122008));
#8206=CARTESIAN_POINT('Ctrl Pts',(-0.384473841360656,12.25,-46.7438103128803));
#8207=CARTESIAN_POINT('Ctrl Pts',(-1.16374403020145,12.2522882415639,-46.7535406992033));
#8208=CARTESIAN_POINT('Ctrl Pts',(-2.36740466971071,12.2627974881081,-46.7646267359634));
#8209=CARTESIAN_POINT('Ctrl Pts',(-3.60823011939857,12.2805783772729,-46.7733083667273));
#8210=CARTESIAN_POINT('Ctrl Pts',(-4.8871272273219,12.3057557339873,-46.7807609134608));
#8211=CARTESIAN_POINT('Ctrl Pts',(-6.20347266084996,12.3383567064156,-46.7881345337573));
#8212=CARTESIAN_POINT('Ctrl Pts',(-7.55527380205036,12.3782895860375,-46.7964372040508));
#8213=CARTESIAN_POINT('Ctrl Pts',(-8.93957109956921,12.4253505404434,-46.8064241542918));
#8214=CARTESIAN_POINT('Ctrl Pts',(-10.3530126395978,12.4792450321406,-46.8185391537223));
#8215=CARTESIAN_POINT('Ctrl Pts',(-11.7924040484456,12.5396227181298,-46.8329447809821));
#8216=CARTESIAN_POINT('Ctrl Pts',(-13.2549998050461,12.6061115642636,-46.8496457836947));
#8217=CARTESIAN_POINT('Ctrl Pts',(-14.243913200484,12.6542538972868,-46.8623287983698));
#8218=CARTESIAN_POINT('Ctrl Pts',(-14.7414070196147,12.679211231773,-46.8691003061004));
#8219=CARTESIAN_POINT('Ctrl Pts',(2.17586247007158E-15,12.25,-47.));
#8220=CARTESIAN_POINT('Ctrl Pts',(-0.446945623605846,12.25,-47.));
#8221=CARTESIAN_POINT('Ctrl Pts',(-1.34083308837563,12.2531756590053,-47.));
#8222=CARTESIAN_POINT('Ctrl Pts',(-2.68160650098436,12.2666997889075,-47.));
#8223=CARTESIAN_POINT('Ctrl Pts',(-4.02227428652268,12.2882602895515,-47.0000000000001));
#8224=CARTESIAN_POINT('Ctrl Pts',(-5.36280196084044,12.3171756748571,-47.));
#8225=CARTESIAN_POINT('Ctrl Pts',(-6.70316681861105,12.3528164132548,-47.));
#8226=CARTESIAN_POINT('Ctrl Pts',(-8.04335355520943,12.3946017443214,-47.));
#8227=CARTESIAN_POINT('Ctrl Pts',(-9.38335236231862,12.4420000395095,-47.));
#8228=CARTESIAN_POINT('Ctrl Pts',(-10.7231593969268,12.4945256495601,-47.0000000000001));
#8229=CARTESIAN_POINT('Ctrl Pts',(-12.0627733017125,12.5517342469443,-47.));
#8230=CARTESIAN_POINT('Ctrl Pts',(-13.4022003494315,12.613221486336,-47.));
#8231=CARTESIAN_POINT('Ctrl Pts',(-14.2950175242665,12.6568176029115,-47.));
#8232=CARTESIAN_POINT('Ctrl Pts',(-14.7414070196147,12.679211231773,-47.));
#8233=CARTESIAN_POINT('',(-1.39346326716652E-5,12.1497385612887,-44.));
#8234=CARTESIAN_POINT('',(-14.7854316062491,11.8016351527839,-44.8786796564404));
#8235=CARTESIAN_POINT('Ctrl Pts',(-1.39346326716652E-5,12.1497385612887,
-44.));
#8236=CARTESIAN_POINT('Ctrl Pts',(-0.206952653177785,12.1621745755705,-44.0362998253095));
#8237=CARTESIAN_POINT('Ctrl Pts',(-0.62720931014324,12.1832034092723,-44.1088999451549));
#8238=CARTESIAN_POINT('Ctrl Pts',(-1.30172712252421,12.2006907582363,-44.2174849786367));
#8239=CARTESIAN_POINT('Ctrl Pts',(-2.04768440352146,12.2001717484522,-44.3253539906989));
#8240=CARTESIAN_POINT('Ctrl Pts',(-2.89736026214833,12.1764986429517,-44.4318800190448));
#8241=CARTESIAN_POINT('Ctrl Pts',(-3.89152378527739,12.1237739486028,-44.5359395454904));
#8242=CARTESIAN_POINT('Ctrl Pts',(-5.08301712813761,12.0370547739379,-44.6353881294531));
#8243=CARTESIAN_POINT('Ctrl Pts',(-6.53491253158445,11.917620047208,-44.7261566877176));
#8244=CARTESIAN_POINT('Ctrl Pts',(-8.29699192734683,11.7851227189015,-44.8014038973976));
#8245=CARTESIAN_POINT('Ctrl Pts',(-10.3357181137151,11.6911327745674,-44.8526851700674));
#8246=CARTESIAN_POINT('Ctrl Pts',(-12.4905439622393,11.6948383886044,-44.8772149275519));
#8247=CARTESIAN_POINT('Ctrl Pts',(-13.9642205793019,11.7604381820978,-44.8786796564404));
#8248=CARTESIAN_POINT('Ctrl Pts',(-14.7854316062491,11.8016351527839,-44.8786796564404));
#8249=CARTESIAN_POINT('',(-4.40668354247559E-15,12.25,-47.));
#8250=CARTESIAN_POINT('Ctrl Pts',(-1.39319830240874E-5,12.1497385614479,
-44.0000000004648));
#8251=CARTESIAN_POINT('Ctrl Pts',(-4.91344099930864E-6,12.1819789694742,
-44.0941154600904));
#8252=CARTESIAN_POINT('Ctrl Pts',(5.4241719787727E-5,12.2401930443646,-44.2823005054021));
#8253=CARTESIAN_POINT('Ctrl Pts',(3.74960279518665E-5,12.2917157841038,
-44.6016706881551));
#8254=CARTESIAN_POINT('Ctrl Pts',(-5.47547202671792E-5,12.2960973922575,
-45.0028594134792));
#8255=CARTESIAN_POINT('Ctrl Pts',(3.24120684821178E-5,12.2453024370772,
-45.5449084276563));
#8256=CARTESIAN_POINT('Ctrl Pts',(-5.75571611255073E-6,12.1955914479673,
-46.2646970868837));
#8257=CARTESIAN_POINT('Ctrl Pts',(4.92264776364381E-9,12.25,-46.7382006122727));
#8258=CARTESIAN_POINT('Ctrl Pts',(5.72251068828528E-9,12.25,-47.));
#8259=CARTESIAN_POINT('',(-14.7414070196147,12.679211231773,-47.));
#8260=CARTESIAN_POINT('Ctrl Pts',(-1.77635683940025E-15,12.25,-47.));
#8261=CARTESIAN_POINT('Ctrl Pts',(-0.0189640213781695,12.25,-47.));
#8262=CARTESIAN_POINT('Ctrl Pts',(-0.0379432435748143,12.2500028176898,
-47.));
#8263=CARTESIAN_POINT('Ctrl Pts',(-0.0573377488587852,12.2500086995094,
-47.));
#8264=CARTESIAN_POINT('Ctrl Pts',(-0.0769665872553288,12.2500146523957,
-47.));
#8265=CARTESIAN_POINT('Ctrl Pts',(-0.0970207401176505,12.2500237453348,
-47.));
#8266=CARTESIAN_POINT('Ctrl Pts',(-0.117861639442873,12.2500367137089,-47.));
#8267=CARTESIAN_POINT('Ctrl Pts',(-0.138982107435293,12.2500498560463,-47.));
#8268=CARTESIAN_POINT('Ctrl Pts',(-0.160910498563356,12.2500669777935,-47.));
#8269=CARTESIAN_POINT('Ctrl Pts',(-0.183969573568147,12.2500893296877,-47.));
#8270=CARTESIAN_POINT('Ctrl Pts',(-0.207365715974542,12.250112008312,-47.));
#8271=CARTESIAN_POINT('Ctrl Pts',(-0.231925760065818,12.2501400692933,-47.));
#8272=CARTESIAN_POINT('Ctrl Pts',(-0.25793335321438,12.2501753355523,-47.));
#8273=CARTESIAN_POINT('Ctrl Pts',(-0.284349904164803,12.2502111563575,-47.));
#8274=CARTESIAN_POINT('Ctrl Pts',(-0.312259800317289,12.2502544088578,-47.));
#8275=CARTESIAN_POINT('Ctrl Pts',(-0.341906760671113,12.2503075623138,-47.));
#8276=CARTESIAN_POINT('Ctrl Pts',(-0.373042764202262,12.2503633854462,-47.));
#8277=CARTESIAN_POINT('Ctrl Pts',(-0.406094914779892,12.2504301242686,-47.));
#8278=CARTESIAN_POINT('Ctrl Pts',(-0.441285576078942,12.2505113095936,-47.));
#8279=CARTESIAN_POINT('Ctrl Pts',(-0.476305597547614,12.2505921012502,-47.));
#8280=CARTESIAN_POINT('Ctrl Pts',(-0.513443119306431,12.2506872027399,-47.));
#8281=CARTESIAN_POINT('Ctrl Pts',(-0.552861027660787,12.2508007464608,-47.));
#8282=CARTESIAN_POINT('Ctrl Pts',(-0.59304045729721,12.2509164837522,-47.));
#8283=CARTESIAN_POINT('Ctrl Pts',(-0.635589127935022,12.2510513860303,-47.));
#8284=CARTESIAN_POINT('Ctrl Pts',(-0.680623886956884,12.2512104656883,-47.));
#8285=CARTESIAN_POINT('Ctrl Pts',(-0.726585590593544,12.2513728196622,-47.));
#8286=CARTESIAN_POINT('Ctrl Pts',(-0.77513666358283,12.2515603634317,-47.));
#8287=CARTESIAN_POINT('Ctrl Pts',(-0.826345571748167,12.2517790042501,-47.));
#8288=CARTESIAN_POINT('Ctrl Pts',(-0.878687734640897,12.2520024835966,-47.));
#8289=CARTESIAN_POINT('Ctrl Pts',(-0.933806548326719,12.2522584628797,-47.));
#8290=CARTESIAN_POINT('Ctrl Pts',(-0.991719266454997,12.2525537101344,-47.));
#8291=CARTESIAN_POINT('Ctrl Pts',(-1.05102993229038,12.2528560843249,-47.));
#8292=CARTESIAN_POINT('Ctrl Pts',(-1.11327088174129,12.2531996615988,-47.));
#8293=CARTESIAN_POINT('Ctrl Pts',(-1.17840462500854,12.2535919759865,-47.));
#8294=CARTESIAN_POINT('Ctrl Pts',(-1.24528906190851,12.2539948351744,-47.));
#8295=CARTESIAN_POINT('Ctrl Pts',(-1.31522374389709,12.2544491090039,-47.));
#8296=CARTESIAN_POINT('Ctrl Pts',(-1.38811180710053,12.2549629309184,-47.));
#8297=CARTESIAN_POINT('Ctrl Pts',(-1.46324327984666,12.2554925676719,-47.));
#8298=CARTESIAN_POINT('Ctrl Pts',(-1.54151256825354,12.2560855036808,-47.));
#8299=CARTESIAN_POINT('Ctrl Pts',(-1.62275694654561,12.2567502213171,-47.));
#8300=CARTESIAN_POINT('Ctrl Pts',(-1.70697367728199,12.2574392578679,-47.));
#8301=CARTESIAN_POINT('Ctrl Pts',(-1.79438697113319,12.258205461598,-47.));
#8302=CARTESIAN_POINT('Ctrl Pts',(-1.88475837525853,12.2590573112957,-47.));
#8303=CARTESIAN_POINT('Ctrl Pts',(-1.97926358838277,12.2599481266814,-47.));
#8304=CARTESIAN_POINT('Ctrl Pts',(-2.07700347336354,12.2609326503337,-47.));
#8305=CARTESIAN_POINT('Ctrl Pts',(-2.17764723806883,12.2620188647281,-47.));
#8306=CARTESIAN_POINT('Ctrl Pts',(-2.28448401649002,12.2631719182422,-47.));
#8307=CARTESIAN_POINT('Ctrl Pts',(-2.39459269847542,12.2644396273116,-47.));
#8308=CARTESIAN_POINT('Ctrl Pts',(-2.50751798606703,12.2658287415288,-47.));
#8309=CARTESIAN_POINT('Ctrl Pts',(-2.63100687300691,12.2673478004762,-47.));
#8310=CARTESIAN_POINT('Ctrl Pts',(-2.75786340801262,12.269012144431,-47.));
#8311=CARTESIAN_POINT('Ctrl Pts',(-2.88742961939228,12.27082593987,-47.));
#8312=CARTESIAN_POINT('Ctrl Pts',(-3.04972447243004,12.27309790307,-47.));
#8313=CARTESIAN_POINT('Ctrl Pts',(-3.21626969793291,12.2756047769819,-47.));
#8314=CARTESIAN_POINT('Ctrl Pts',(-3.38568741972366,12.2783430360362,-47.));
#8315=CARTESIAN_POINT('Ctrl Pts',(-3.54633531777297,12.2809395504783,-47.));
#8316=CARTESIAN_POINT('Ctrl Pts',(-3.70956098348254,12.2837439528011,-47.));
#8317=CARTESIAN_POINT('Ctrl Pts',(-3.87417705872322,12.2867426751379,-47.));
#8318=CARTESIAN_POINT('Ctrl Pts',(-4.01470619823023,12.2893026187461,-47.));
#8319=CARTESIAN_POINT('Ctrl Pts',(-4.1562467190844,12.2920039449033,-47.));
#8320=CARTESIAN_POINT('Ctrl Pts',(-4.2980924835777,12.2948331668872,-47.));
#8321=CARTESIAN_POINT('Ctrl Pts',(-4.42432710996868,12.2973510128123,-47.));
#8322=CARTESIAN_POINT('Ctrl Pts',(-4.55080281435945,12.2999700380405,-47.));
#8323=CARTESIAN_POINT('Ctrl Pts',(-4.67706501125211,12.3026785029255,-47.));
#8324=CARTESIAN_POINT('Ctrl Pts',(-4.79345032093486,12.3051750975686,-47.));
#8325=CARTESIAN_POINT('Ctrl Pts',(-4.90965384367352,12.3077476207175,-47.));
#8326=CARTESIAN_POINT('Ctrl Pts',(-5.02536535596223,12.3103860257919,-47.));
#8327=CARTESIAN_POINT('Ctrl Pts',(-5.13449578620415,12.3128743718106,-47.));
#8328=CARTESIAN_POINT('Ctrl Pts',(-5.24318829549913,12.3154212740749,-47.));
#8329=CARTESIAN_POINT('Ctrl Pts',(-5.35122976484783,12.3180182653456,-47.));
#8330=CARTESIAN_POINT('Ctrl Pts',(-5.45443751023233,12.3204990684617,-47.));
#8331=CARTESIAN_POINT('Ctrl Pts',(-5.55705093802513,12.3230255450523,-47.));
#8332=CARTESIAN_POINT('Ctrl Pts',(-5.65893226274786,12.3255908282095,-47.));
#8333=CARTESIAN_POINT('Ctrl Pts',(-5.75706115221006,12.32806162831,-47.));
#8334=CARTESIAN_POINT('Ctrl Pts',(-5.85451068345852,12.3305684019656,-47.));
#8335=CARTESIAN_POINT('Ctrl Pts',(-5.95120635020558,12.3331059351457,-47.));
#8336=CARTESIAN_POINT('Ctrl Pts',(-6.04488019909164,12.3355641683597,-47.));
#8337=CARTESIAN_POINT('Ctrl Pts',(-6.13784640180008,12.3380512462994,-47.));
#8338=CARTESIAN_POINT('Ctrl Pts',(-6.2300862980496,12.3405636652519,-47.));
#8339=CARTESIAN_POINT('Ctrl Pts',(-6.3198256548487,12.3430079748183,-47.));
#8340=CARTESIAN_POINT('Ctrl Pts',(-6.40887740813349,12.3454762512106,-47.));
#8341=CARTESIAN_POINT('Ctrl Pts',(-6.49727381821897,12.3479667555926,-47.));
#8342=CARTESIAN_POINT('Ctrl Pts',(-6.58355457649612,12.3503976530279,-47.));
#8343=CARTESIAN_POINT('Ctrl Pts',(-6.66921085968972,12.3528497108855,-47.));
#8344=CARTESIAN_POINT('Ctrl Pts',(-6.75432240428286,12.3553230051369,-47.));
#8345=CARTESIAN_POINT('Ctrl Pts',(-6.83760831945284,12.3577432476105,-47.));
#8346=CARTESIAN_POINT('Ctrl Pts',(-6.9203725013397,12.3601838107865,-47.));
#8347=CARTESIAN_POINT('Ctrl Pts',(-7.00273964025377,12.3626466312551,-47.));
#8348=CARTESIAN_POINT('Ctrl Pts',(-7.08349710729023,12.3650613216938,-47.));
#8349=CARTESIAN_POINT('Ctrl Pts',(-7.16387279588731,12.3674973948963,-47.));
#8350=CARTESIAN_POINT('Ctrl Pts',(-7.24403438738866,12.3699586904927,-47.));
#8351=CARTESIAN_POINT('Ctrl Pts',(-7.33885337858262,12.3728700294657,-47.));
#8352=CARTESIAN_POINT('Ctrl Pts',(-7.43337620237336,12.3758167166243,-47.));
#8353=CARTESIAN_POINT('Ctrl Pts',(-7.52795408333387,12.3788085254572,-47.));
#8354=CARTESIAN_POINT('Ctrl Pts',(-7.61218531138242,12.3814730356949,-47.));
#8355=CARTESIAN_POINT('Ctrl Pts',(-7.69646200791796,12.3841734252204,-47.));
#8356=CARTESIAN_POINT('Ctrl Pts',(-7.78098522963584,12.3869159095397,-47.));
#8357=CARTESIAN_POINT('Ctrl Pts',(-7.87028381657156,12.3898133378373,-47.));
#8358=CARTESIAN_POINT('Ctrl Pts',(-7.95985789029628,12.3927577740019,-47.));
#8359=CARTESIAN_POINT('Ctrl Pts',(-8.04988297262431,12.3957552259727,-47.));
#8360=CARTESIAN_POINT('Ctrl Pts',(-8.13842874378038,12.3987034231794,-47.));
#8361=CARTESIAN_POINT('Ctrl Pts',(-8.22741042207962,12.4017029125566,-47.));
#8362=CARTESIAN_POINT('Ctrl Pts',(-8.31693884424093,12.4047579902461,-47.));
#8363=CARTESIAN_POINT('Ctrl Pts',(-8.40809124058615,12.4078684846086,-47.));
#8364=CARTESIAN_POINT('Ctrl Pts',(-8.49981029810835,12.411036613647,-47.));
#8365=CARTESIAN_POINT('Ctrl Pts',(-8.59215758001322,12.4142652958007,-47.));
#8366=CARTESIAN_POINT('Ctrl Pts',(-8.68639602984818,12.4175600977147,-47.));
#8367=CARTESIAN_POINT('Ctrl Pts',(-8.78128858711901,12.4209179696754,-47.));
#8368=CARTESIAN_POINT('Ctrl Pts',(-8.87684504805786,12.4243401688475,-47.));
#8369=CARTESIAN_POINT('Ctrl Pts',(-8.97463973132314,12.4278425263104,-47.));
#8370=CARTESIAN_POINT('Ctrl Pts',(-9.07312965575669,12.4314122712899,-47.));
#8371=CARTESIAN_POINT('Ctrl Pts',(-9.17226943872485,12.4350486602821,-47.));
#8372=CARTESIAN_POINT('Ctrl Pts',(-9.27411300029943,12.438784222285,-47.));
#8373=CARTESIAN_POINT('Ctrl Pts',(-9.37664219971489,12.4425901246368,-47.));
#8374=CARTESIAN_POINT('Ctrl Pts',(-9.47975163172373,12.4464631972435,-47.));
#8375=CARTESIAN_POINT('Ctrl Pts',(-9.58621466577419,12.4504622403259,-47.));
#8376=CARTESIAN_POINT('Ctrl Pts',(-9.69329610830631,12.4545329058988,-47.));
#8377=CARTESIAN_POINT('Ctrl Pts',(-9.80082329674445,12.458669030129,-47.));
#8378=CARTESIAN_POINT('Ctrl Pts',(-9.9126607551246,12.4629709525374,-47.));
#8379=CARTESIAN_POINT('Ctrl Pts',(-10.0249801833186,12.4673436985005,-47.));
#8380=CARTESIAN_POINT('Ctrl Pts',(-10.1375300855428,12.4717772924509,-47.));
#8381=CARTESIAN_POINT('Ctrl Pts',(-10.2559122014913,12.4764406304257,-47.));
#8382=CARTESIAN_POINT('Ctrl Pts',(-10.3745489924057,12.4811712978626,-47.));
#8383=CARTESIAN_POINT('Ctrl Pts',(-10.4930896996562,12.4859541855721,-47.));
#8384=CARTESIAN_POINT('Ctrl Pts',(-10.62020332182,12.491082973777,-47.));
#8385=CARTESIAN_POINT('Ctrl Pts',(-10.7472060136972,12.4962718212779,-47.));
#8386=CARTESIAN_POINT('Ctrl Pts',(-10.8736057089939,12.5014979437687,-47.));
#8387=CARTESIAN_POINT('Ctrl Pts',(-11.0170258115066,12.5074277921089,-47.));
#8388=CARTESIAN_POINT('Ctrl Pts',(-11.1596688863228,12.5134056619899,-47.));
#8389=CARTESIAN_POINT('Ctrl Pts',(-11.300750089445,12.5193926256618,-47.));
#8390=CARTESIAN_POINT('Ctrl Pts',(-11.5350568481522,12.5293357365895,-47.));
#8391=CARTESIAN_POINT('Ctrl Pts',(-11.7650501742496,12.5393047474059,-47.));
#8392=CARTESIAN_POINT('Ctrl Pts',(-11.9869697491304,12.5490966725447,-47.));
#8393=CARTESIAN_POINT('Ctrl Pts',(-12.1170388183258,12.5548358083966,-47.));
#8394=CARTESIAN_POINT('Ctrl Pts',(-12.2443317567018,12.5605135785263,-47.));
#8395=CARTESIAN_POINT('Ctrl Pts',(-12.368117276722,12.5660873935134,-47.));
#8396=CARTESIAN_POINT('Ctrl Pts',(-12.4776598965843,12.5710198791241,-47.));
#8397=CARTESIAN_POINT('Ctrl Pts',(-12.5844551174529,12.5758708748948,-47.));
#8398=CARTESIAN_POINT('Ctrl Pts',(-12.688035183338,12.5806116663211,-47.));
#8399=CARTESIAN_POINT('Ctrl Pts',(-12.7842227431251,12.58501410761,-47.));
#8400=CARTESIAN_POINT('Ctrl Pts',(-12.8776372707054,12.5893214677953,-47.));
#8401=CARTESIAN_POINT('Ctrl Pts',(-12.9679474507621,12.5935123157463,-47.));
#8402=CARTESIAN_POINT('Ctrl Pts',(-13.0535589431793,12.5974851208869,-47.));
#8403=CARTESIAN_POINT('Ctrl Pts',(-13.1363803978305,12.6013531906455,-47.));
#8404=CARTESIAN_POINT('Ctrl Pts',(-13.2161751909856,12.6051002646592,-47.));
#8405=CARTESIAN_POINT('Ctrl Pts',(-13.2927066058203,12.6086940940862,-47.));
#8406=CARTESIAN_POINT('Ctrl Pts',(-13.3664536133752,12.6121765986946,-47.));
#8407=CARTESIAN_POINT('Ctrl Pts',(-13.4372546043209,12.6155357108258,-47.));
#8408=CARTESIAN_POINT('Ctrl Pts',(-13.5056760656951,12.6187819275505,-47.));
#8409=CARTESIAN_POINT('Ctrl Pts',(-13.5713460041062,12.6219128885334,-47.));
#8410=CARTESIAN_POINT('Ctrl Pts',(-13.6341668033669,12.6249201738035,-47.));
#8411=CARTESIAN_POINT('Ctrl Pts',(-13.6952004125125,12.6278419047576,-47.));
#8412=CARTESIAN_POINT('Ctrl Pts',(-13.7535445164287,12.6306468827687,-47.));
#8413=CARTESIAN_POINT('Ctrl Pts',(-13.8091586496091,12.6333299922354,-47.));
#8414=CARTESIAN_POINT('Ctrl Pts',(-13.8634045956832,12.6359470933771,-47.));
#8415=CARTESIAN_POINT('Ctrl Pts',(-13.9150530942309,12.6384482375058,-47.));
#8416=CARTESIAN_POINT('Ctrl Pts',(-13.9641162808722,12.6408313758493,-47.));
#8417=CARTESIAN_POINT('Ctrl Pts',(-14.0143303899126,12.6432704177631,-47.));
#8418=CARTESIAN_POINT('Ctrl Pts',(-14.0618358803566,12.6455858183164,-47.));
#8419=CARTESIAN_POINT('Ctrl Pts',(-14.1067046028755,12.647778616072,-47.));
#8420=CARTESIAN_POINT('Ctrl Pts',(-14.1483644948518,12.649814593753,-47.));
#8421=CARTESIAN_POINT('Ctrl Pts',(-14.1877516295965,12.6517448969234,-47.));
#8422=CARTESIAN_POINT('Ctrl Pts',(-14.224973704713,12.6535731294527,-47.));
#8423=CARTESIAN_POINT('Ctrl Pts',(-14.2616215251326,12.6553731563778,-47.));
#8424=CARTESIAN_POINT('Ctrl Pts',(-14.2961704620401,12.6570742320811,-47.));
#8425=CARTESIAN_POINT('Ctrl Pts',(-14.3287727921607,12.658682528677,-47.));
#8426=CARTESIAN_POINT('Ctrl Pts',(-14.360912451375,12.6602680013814,-47.));
#8427=CARTESIAN_POINT('Ctrl Pts',(-14.3911602593104,12.6617633050327,-47.));
#8428=CARTESIAN_POINT('Ctrl Pts',(-14.4197121654383,12.6631771052613,-47.));
#8429=CARTESIAN_POINT('Ctrl Pts',(-14.4478882679259,12.6645722968804,-47.));
#8430=CARTESIAN_POINT('Ctrl Pts',(-14.4744127242369,12.6658881127057,-47.));
#8431=CARTESIAN_POINT('Ctrl Pts',(-14.4995244099204,12.6671356423353,-47.));
#8432=CARTESIAN_POINT('Ctrl Pts',(-14.5241672491735,12.6683598800275,-47.));
#8433=CARTESIAN_POINT('Ctrl Pts',(-14.547449548871,12.6695183573134,-47.));
#8434=CARTESIAN_POINT('Ctrl Pts',(-14.5696469052308,12.6706242565392,-47.));
#8435=CARTESIAN_POINT('Ctrl Pts',(-14.5916287385151,12.6717194181438,-47.));
#8436=CARTESIAN_POINT('Ctrl Pts',(-14.6125464992176,12.6727630137651,-47.));
#8437=CARTESIAN_POINT('Ctrl Pts',(-14.6327182262057,12.6737705578563,-47.));
#8438=CARTESIAN_POINT('Ctrl Pts',(-14.6525860104143,12.674762920513,-47.));
#8439=CARTESIAN_POINT('Ctrl Pts',(-14.6717300336706,12.6757203083832,-47.));
#8440=CARTESIAN_POINT('Ctrl Pts',(-14.6905042232396,12.676660225433,-47.));
#8441=CARTESIAN_POINT('Ctrl Pts',(-14.7076777863733,12.6775200082074,-47.));
#8442=CARTESIAN_POINT('Ctrl Pts',(-14.724542359786,12.6783651972291,-47.));
#8443=CARTESIAN_POINT('Ctrl Pts',(-14.7414070196147,12.679211231773,-47.));
#8444=CARTESIAN_POINT('Origin',(-14.8917163603796,9.68297908087433,-47.));
#8445=CARTESIAN_POINT('Ctrl Pts',(-1.39346326716652E-5,12.1497385612887,
-44.));
#8446=CARTESIAN_POINT('Ctrl Pts',(-4.91606517500968E-6,12.181978969334,
-44.0941154596514));
#8447=CARTESIAN_POINT('Ctrl Pts',(5.42391055024182E-5,12.2401930442693,
-44.2823005049952));
#8448=CARTESIAN_POINT('Ctrl Pts',(3.74933062321319E-5,12.2917157840758,
-44.6016706877616));
#8449=CARTESIAN_POINT('Ctrl Pts',(-5.47576878060963E-5,12.2960973922815,
-45.0028594130878));
#8450=CARTESIAN_POINT('Ctrl Pts',(3.24087276352201E-5,12.2453024371182,
-45.544908427288));
#8451=CARTESIAN_POINT('Ctrl Pts',(-5.75965126732E-6,12.1955914479494,-46.2646970866791));
#8452=CARTESIAN_POINT('Ctrl Pts',(2.33674367290833E-15,12.25,-46.7382006122008));
#8453=CARTESIAN_POINT('Ctrl Pts',(2.17586247007158E-15,12.25,-47.));
#8454=CARTESIAN_POINT('Ctrl Pts',(0.206931740738151,12.1621724500874,-44.0362998253095));
#8455=CARTESIAN_POINT('Ctrl Pts',(0.204951326900818,12.1929328955376,-44.1283986279993));
#8456=CARTESIAN_POINT('Ctrl Pts',(0.204238011816857,12.2476328288833,-44.3140866197479));
#8457=CARTESIAN_POINT('Ctrl Pts',(0.212612227133158,12.2938995850825,-44.6324076198903));
#8458=CARTESIAN_POINT('Ctrl Pts',(0.231719214997692,12.2942182939198,-45.0334237370066));
#8459=CARTESIAN_POINT('Ctrl Pts',(0.260962889932618,12.2421006349174,-45.5736751852894));
#8460=CARTESIAN_POINT('Ctrl Pts',(0.307342005462192,12.1969885349451,-46.2806765073742));
#8461=CARTESIAN_POINT('Ctrl Pts',(0.384473841360661,12.25,-46.7438103128803));
#8462=CARTESIAN_POINT('Ctrl Pts',(0.44694562360585,12.25,-47.));
#8463=CARTESIAN_POINT('Ctrl Pts',(0.627211943943988,12.1831963350928,-44.1088999451549));
#8464=CARTESIAN_POINT('Ctrl Pts',(0.623554760612947,12.2108553208145,-44.1973364274297));
#8465=CARTESIAN_POINT('Ctrl Pts',(0.624947810050058,12.2584557348512,-44.3784508008198));
#8466=CARTESIAN_POINT('Ctrl Pts',(0.653989482983046,12.2944454252188,-44.6947513728114));
#8467=CARTESIAN_POINT('Ctrl Pts',(0.713060119574867,12.2872935146041,-45.0950827506154));
#8468=CARTESIAN_POINT('Ctrl Pts',(0.79852222339696,12.2344435241055,-45.6302753195077));
#8469=CARTESIAN_POINT('Ctrl Pts',(0.938434668440888,12.200451558095,-46.3102907379148));
#8470=CARTESIAN_POINT('Ctrl Pts',(1.16374403020146,12.2522882415512,-46.7535406992033));
#8471=CARTESIAN_POINT('Ctrl Pts',(1.34083308837564,12.2531756589932,-47.));
#8472=CARTESIAN_POINT('Ctrl Pts',(1.30178290947071,12.2006932807817,-44.2174849786367));
#8473=CARTESIAN_POINT('Ctrl Pts',(1.30055396691038,12.2234692268043,-44.3014536853359));
#8474=CARTESIAN_POINT('Ctrl Pts',(1.31346874856884,12.2605136117831,-44.4769714750022));
#8475=CARTESIAN_POINT('Ctrl Pts',(1.38195124921647,12.2827274823938,-44.7904846100956));
#8476=CARTESIAN_POINT('Ctrl Pts',(1.50169724189088,12.2680626300823,-45.1883554089258));
#8477=CARTESIAN_POINT('Ctrl Pts',(1.66457865545835,12.2211961535674,-45.7109827871662));
#8478=CARTESIAN_POINT('Ctrl Pts',(1.94496925577173,12.2090218696941,-46.3476369450142));
#8479=CARTESIAN_POINT('Ctrl Pts',(2.36740466971073,12.2627974881288,-46.7646267359635));
#8480=CARTESIAN_POINT('Ctrl Pts',(2.68160650098438,12.2666997889299,-47.));
#8481=CARTESIAN_POINT('Ctrl Pts',(2.04778105677291,12.2001991442877,-44.3253539906989));
#8482=CARTESIAN_POINT('Ctrl Pts',(2.05248930941945,12.2182405804644,-44.4058186724516));
#8483=CARTESIAN_POINT('Ctrl Pts',(2.08317522927454,12.2456128674102,-44.5769731604437));
#8484=CARTESIAN_POINT('Ctrl Pts',(2.19599188957435,12.2574433110443,-44.8877467766025));
#8485=CARTESIAN_POINT('Ctrl Pts',(2.37277659210575,12.2411923580905,-45.2810698986723));
#8486=CARTESIAN_POINT('Ctrl Pts',(2.60533184268838,12.2084909074028,-45.7859067772073));
#8487=CARTESIAN_POINT('Ctrl Pts',(3.02211329380806,12.2225177917446,-46.3780997068543));
#8488=CARTESIAN_POINT('Ctrl Pts',(3.60823011939859,12.2805783772721,-46.7733083667273));
#8489=CARTESIAN_POINT('Ctrl Pts',(4.0222742865227,12.288260289545,-47.));
#8490=CARTESIAN_POINT('Ctrl Pts',(2.89745029503513,12.176542076691,-44.4318800190448));
#8491=CARTESIAN_POINT('Ctrl Pts',(2.91050012683661,12.190617336245,-44.5097388877695));
#8492=CARTESIAN_POINT('Ctrl Pts',(2.96316156366228,12.210622330387,-44.6776386855384));
#8493=CARTESIAN_POINT('Ctrl Pts',(3.12051120927196,12.2181796237404,-44.9852686942507));
#8494=CARTESIAN_POINT('Ctrl Pts',(3.34533341189848,12.2088692098188,-45.3712166837349));
#8495=CARTESIAN_POINT('Ctrl Pts',(3.63822976077325,12.1992234671511,-45.8534072576796));
#8496=CARTESIAN_POINT('Ctrl Pts',(4.17979645632306,12.2426716335569,-46.4023904363121));
#8497=CARTESIAN_POINT('Ctrl Pts',(4.88712722732191,12.3057557339823,-46.7807609134609));
#8498=CARTESIAN_POINT('Ctrl Pts',(5.36280196084045,12.3171756748562,-47.));
#8499=CARTESIAN_POINT('Ctrl Pts',(3.89153699389982,12.1237885994178,-44.5359395454903));
#8500=CARTESIAN_POINT('Ctrl Pts',(3.91418342270666,12.1357203432071,-44.6119769681427));
#8501=CARTESIAN_POINT('Ctrl Pts',(3.99006652995921,12.153078116235,-44.7774387912561));
#8502=CARTESIAN_POINT('Ctrl Pts',(4.18470485795726,12.1662684976979,-45.0808596078959));
#8503=CARTESIAN_POINT('Ctrl Pts',(4.44153984381565,12.1750664096571,-45.4561261992973));
#8504=CARTESIAN_POINT('Ctrl Pts',(4.78247849052856,12.197265750566,-45.912188507722));
#8505=CARTESIAN_POINT('Ctrl Pts',(5.42560009568331,12.2712782369484,-46.4220651923323));
#8506=CARTESIAN_POINT('Ctrl Pts',(6.20347266084996,12.3383567064192,-46.7881345337573));
#8507=CARTESIAN_POINT('Ctrl Pts',(6.70316681861106,12.3528164132565,-47.));
#8508=CARTESIAN_POINT('Ctrl Pts',(5.08293376747288,12.0369928713812,-44.6353881294532));
#8509=CARTESIAN_POINT('Ctrl Pts',(5.11425944632582,12.050404432497,-44.7101842336637));
#8510=CARTESIAN_POINT('Ctrl Pts',(5.20846907235729,12.0736444978436,-44.8735505318156));
#8511=CARTESIAN_POINT('Ctrl Pts',(5.42060407588373,12.1068512557827,-45.1711552943895));
#8512=CARTESIAN_POINT('Ctrl Pts',(5.68483753800234,12.1466905146738,-45.5328608791677));
#8513=CARTESIAN_POINT('Ctrl Pts',(6.05670171608955,12.2076453970533,-45.9620735152784));
#8514=CARTESIAN_POINT('Ctrl Pts',(6.76287374785095,12.3098815884134,-46.4397023609338));
#8515=CARTESIAN_POINT('Ctrl Pts',(7.55527380205035,12.3782895860358,-46.7964372040507));
#8516=CARTESIAN_POINT('Ctrl Pts',(8.04335355520943,12.3946017443203,-47.));
#8517=CARTESIAN_POINT('Ctrl Pts',(6.53497250803818,11.9175721444741,-44.7261566877176));
#8518=CARTESIAN_POINT('Ctrl Pts',(6.56876590636485,11.938771493752,-44.8000471902317));
#8519=CARTESIAN_POINT('Ctrl Pts',(6.66323609611227,11.9811706480347,-44.9612877791184));
#8520=CARTESIAN_POINT('Ctrl Pts',(6.85547343553468,12.0519898106375,-45.251954364811));
#8521=CARTESIAN_POINT('Ctrl Pts',(7.09525627859575,12.1344260158005,-45.5994368219752));
#8522=CARTESIAN_POINT('Ctrl Pts',(7.47487198852069,12.2360267625243,-46.0050336107025));
#8523=CARTESIAN_POINT('Ctrl Pts',(8.18998151285718,12.3593741741033,-46.4586851983638));
#8524=CARTESIAN_POINT('Ctrl Pts',(8.93957109956923,12.4253505404441,-46.8064241542919));
#8525=CARTESIAN_POINT('Ctrl Pts',(9.38335236231864,12.44200003951,-47.));
#8526=CARTESIAN_POINT('Ctrl Pts',(8.29717538682515,11.7851675429096,-44.8014038973976));
#8527=CARTESIAN_POINT('Ctrl Pts',(8.3170606497544,11.8227908036906,-44.8748188555428));
#8528=CARTESIAN_POINT('Ctrl Pts',(8.37460047562399,11.8999566609608,-45.0346495106702));
#8529=CARTESIAN_POINT('Ctrl Pts',(8.49730232382406,12.0226388659558,-45.3201510314512));
#8530=CARTESIAN_POINT('Ctrl Pts',(8.68334544474729,12.1516113305821,-45.6569148178043));
#8531=CARTESIAN_POINT('Ctrl Pts',(9.04280369981097,12.287154403726,-46.0457026750932));
#8532=CARTESIAN_POINT('Ctrl Pts',(9.70222990530337,12.419797357413,-46.4824843846522));
#8533=CARTESIAN_POINT('Ctrl Pts',(10.3530126395978,12.4792450321405,-46.8185391537222));
#8534=CARTESIAN_POINT('Ctrl Pts',(10.7231593969267,12.4945256495599,-47.));
#8535=CARTESIAN_POINT('Ctrl Pts',(10.3354797626062,11.6910894363222,-44.8526851700673));
#8536=CARTESIAN_POINT('Ctrl Pts',(10.3195795029489,11.751000325482,-44.9273858441687));
#8537=CARTESIAN_POINT('Ctrl Pts',(10.3021893783301,11.8699731972877,-45.0898461027373));
#8538=CARTESIAN_POINT('Ctrl Pts',(10.3284653775297,12.0434880738776,-45.3772656190598));
#8539=CARTESIAN_POINT('Ctrl Pts',(10.4542704421738,12.2093103624871,-45.711066879455));
#8540=CARTESIAN_POINT('Ctrl Pts',(10.7614821981239,12.3630318844953,-46.0904040914652));
#8541=CARTESIAN_POINT('Ctrl Pts',(11.2973031414151,12.4904144152566,-46.514212185873));
#8542=CARTESIAN_POINT('Ctrl Pts',(11.7924040484456,12.5396227181298,-46.8329447809821));
#8543=CARTESIAN_POINT('Ctrl Pts',(12.0627733017126,12.5517342469443,-47.));
#8544=CARTESIAN_POINT('Ctrl Pts',(12.4907727944475,11.6948399290484,-44.8772149275519));
#8545=CARTESIAN_POINT('Ctrl Pts',(12.4458607223244,11.7725604248435,-44.9574656951648));
#8546=CARTESIAN_POINT('Ctrl Pts',(12.3751977238842,11.9227472006197,-45.1310372814786));
#8547=CARTESIAN_POINT('Ctrl Pts',(12.3466468562277,12.1288628997223,-45.4312652405224));
#8548=CARTESIAN_POINT('Ctrl Pts',(12.426479018582,12.311263742485,-45.7702453730172));
#8549=CARTESIAN_POINT('Ctrl Pts',(12.6373609779944,12.4625194110231,-46.145165814991));
#8550=CARTESIAN_POINT('Ctrl Pts',(12.9794487232861,12.5703039487258,-46.5562201070745));
#8551=CARTESIAN_POINT('Ctrl Pts',(13.2549998050459,12.6061115642636,-46.8496457836947));
#8552=CARTESIAN_POINT('Ctrl Pts',(13.4022003494313,12.6132214863359,-47.));
#8553=CARTESIAN_POINT('Ctrl Pts',(13.9642205793022,11.7604381820979,-44.8786796564404));
#8554=CARTESIAN_POINT('Ctrl Pts',(13.9386183928632,11.84703607762,-44.9664515386168));
#8555=CARTESIAN_POINT('Ctrl Pts',(13.8995381129646,12.0115608379055,-45.1544816291016));
#8556=CARTESIAN_POINT('Ctrl Pts',(13.8889120210632,12.2270295742547,-45.4713482939085));
#8557=CARTESIAN_POINT('Ctrl Pts',(13.9313931776903,12.4057186491873,-45.8193820500649));
#8558=CARTESIAN_POINT('Ctrl Pts',(14.022198851388,12.5420302557354,-46.1939081735526));
#8559=CARTESIAN_POINT('Ctrl Pts',(14.1472143123981,12.630443000344,-46.5892638630808));
#8560=CARTESIAN_POINT('Ctrl Pts',(14.2439132004844,12.6542538972869,-46.8623287983698));
#8561=CARTESIAN_POINT('Ctrl Pts',(14.2950175242668,12.6568176029115,-47.));
#8562=CARTESIAN_POINT('Ctrl Pts',(14.7854316062491,11.8016351527839,-44.8786796564404));
#8563=CARTESIAN_POINT('Ctrl Pts',(14.7807940589885,11.8940789632144,-44.971239717652));
#8564=CARTESIAN_POINT('Ctrl Pts',(14.7721269115436,12.0668479055755,-45.1684927105914));
#8565=CARTESIAN_POINT('Ctrl Pts',(14.7611723779557,12.2852130821307,-45.495710214295));
#8566=CARTESIAN_POINT('Ctrl Pts',(14.7524514937404,12.4590532010313,-45.8486664322284));
#8567=CARTESIAN_POINT('Ctrl Pts',(14.746113468493,12.5853939521954,-46.2213222742195));
#8568=CARTESIAN_POINT('Ctrl Pts',(14.7422667495016,12.6620735720971,-46.6073016590482));
#8569=CARTESIAN_POINT('Ctrl Pts',(14.7414070196147,12.679211231773,-46.8691003061004));
#8570=CARTESIAN_POINT('Ctrl Pts',(14.7414070196147,12.679211231773,-47.));
#8571=CARTESIAN_POINT('',(14.7854316062491,11.8016351527839,-44.8786796564404));
#8572=CARTESIAN_POINT('Ctrl Pts',(-1.39346326716652E-5,12.1497385612887,
-44.));
#8573=CARTESIAN_POINT('Ctrl Pts',(0.206931740738151,12.1621724500874,-44.0362998253095));
#8574=CARTESIAN_POINT('Ctrl Pts',(0.627211943943988,12.1831963350928,-44.1088999451549));
#8575=CARTESIAN_POINT('Ctrl Pts',(1.30178290947071,12.2006932807817,-44.2174849786367));
#8576=CARTESIAN_POINT('Ctrl Pts',(2.04778105677291,12.2001991442877,-44.3253539906989));
#8577=CARTESIAN_POINT('Ctrl Pts',(2.89745029503513,12.176542076691,-44.4318800190448));
#8578=CARTESIAN_POINT('Ctrl Pts',(3.89153699389982,12.1237885994178,-44.5359395454903));
#8579=CARTESIAN_POINT('Ctrl Pts',(5.08293376747288,12.0369928713812,-44.6353881294532));
#8580=CARTESIAN_POINT('Ctrl Pts',(6.53497250803818,11.9175721444741,-44.7261566877176));
#8581=CARTESIAN_POINT('Ctrl Pts',(8.29717538682515,11.7851675429096,-44.8014038973976));
#8582=CARTESIAN_POINT('Ctrl Pts',(10.3354797626062,11.6910894363222,-44.8526851700673));
#8583=CARTESIAN_POINT('Ctrl Pts',(12.4907727944475,11.6948399290484,-44.8772149275519));
#8584=CARTESIAN_POINT('Ctrl Pts',(13.9642205793022,11.7604381820979,-44.8786796564404));
#8585=CARTESIAN_POINT('Ctrl Pts',(14.7854316062491,11.8016351527839,-44.8786796564404));
#8586=CARTESIAN_POINT('',(14.7414070196147,12.679211231773,-47.));
#8587=CARTESIAN_POINT('Origin',(14.8917163603797,9.68297908087433,-47.));
#8588=CARTESIAN_POINT('Ctrl Pts',(14.7414070196147,12.679211231773,-47.));
#8589=CARTESIAN_POINT('Ctrl Pts',(14.7230463832624,12.6782901498918,-47.));
#8590=CARTESIAN_POINT('Ctrl Pts',(14.7046851700552,12.6773700338474,-47.));
#8591=CARTESIAN_POINT('Ctrl Pts',(14.6859266669911,12.6764310741793,-47.));
#8592=CARTESIAN_POINT('Ctrl Pts',(14.6669432444882,12.6754808561351,-47.));
#8593=CARTESIAN_POINT('Ctrl Pts',(14.6475530127107,12.674511343455,-47.));
#8594=CARTESIAN_POINT('Ctrl Pts',(14.6273980920204,12.6735048544996,-47.));
#8595=CARTESIAN_POINT('Ctrl Pts',(14.6069906613745,12.6724857557957,-47.));
#8596=CARTESIAN_POINT('Ctrl Pts',(14.5857993288487,12.6714287514004,-47.));
#8597=CARTESIAN_POINT('Ctrl Pts',(14.5635058872387,12.6703183416618,-47.));
#8598=CARTESIAN_POINT('Ctrl Pts',(14.5409171474381,12.6691932234725,-47.));
#8599=CARTESIAN_POINT('Ctrl Pts',(14.5171969798977,12.6680132783682,-47.));
#8600=CARTESIAN_POINT('Ctrl Pts',(14.4920676873064,12.6667652544008,-47.));
#8601=CARTESIAN_POINT('Ctrl Pts',(14.4665825256185,12.6654995565111,-47.));
#8602=CARTESIAN_POINT('Ctrl Pts',(14.439648122358,12.6641638405992,-47.));
#8603=CARTESIAN_POINT('Ctrl Pts',(14.4110281806673,12.6627471787053,-47.));
#8604=CARTESIAN_POINT('Ctrl Pts',(14.3819703160311,12.6613088400115,-47.));
#8605=CARTESIAN_POINT('Ctrl Pts',(14.3511750195885,12.6597870623672,-47.));
#8606=CARTESIAN_POINT('Ctrl Pts',(14.3184484031752,12.658173328516,-47.));
#8607=CARTESIAN_POINT('Ctrl Pts',(14.2838226729292,12.6564659502672,-47.));
#8608=CARTESIAN_POINT('Ctrl Pts',(14.2470346831075,12.6546556167073,-47.));
#8609=CARTESIAN_POINT('Ctrl Pts',(14.2079162641277,12.6527356219038,-47.));
#8610=CARTESIAN_POINT('Ctrl Pts',(14.1692137454514,12.650836040155,-47.));
#8611=CARTESIAN_POINT('Ctrl Pts',(14.1282304787149,12.6488291377061,-47.));
#8612=CARTESIAN_POINT('Ctrl Pts',(14.0848602489783,12.6467115491193,-47.));
#8613=CARTESIAN_POINT('Ctrl Pts',(14.0405474758941,12.6445479400467,-47.));
#8614=CARTESIAN_POINT('Ctrl Pts',(13.9937429756212,12.6422687883451,-47.));
#8615=CARTESIAN_POINT('Ctrl Pts',(13.9443895246611,12.6398736008278,-47.));
#8616=CARTESIAN_POINT('Ctrl Pts',(13.893818062311,12.637419301625,-47.));
#8617=CARTESIAN_POINT('Ctrl Pts',(13.8405704120541,12.6348431774818,-47.));
#8618=CARTESIAN_POINT('Ctrl Pts',(13.7846414402959,12.6321477963378,-47.));
#8619=CARTESIAN_POINT('Ctrl Pts',(13.7271204879461,12.6293756929812,-47.));
#8620=CARTESIAN_POINT('Ctrl Pts',(13.6667635462704,12.626477458617,-47.));
#8621=CARTESIAN_POINT('Ctrl Pts',(13.6036219177212,12.623458968309,-47.));
#8622=CARTESIAN_POINT('Ctrl Pts',(13.5383660870958,12.6203394084116,-47.));
#8623=CARTESIAN_POINT('Ctrl Pts',(13.4701361417448,12.6170914200901,-47.));
#8624=CARTESIAN_POINT('Ctrl Pts',(13.3990461838881,12.61372452699,-47.));
#8625=CARTESIAN_POINT('Ctrl Pts',(13.3250810036872,12.6102214604195,-47.));
#8626=CARTESIAN_POINT('Ctrl Pts',(13.2480200024027,12.606589697148,-47.));
#8627=CARTESIAN_POINT('Ctrl Pts',(13.1680499506425,12.6028429223324,-47.));
#8628=CARTESIAN_POINT('Ctrl Pts',(13.0840216067165,12.5989060075013,-47.));
#8629=CARTESIAN_POINT('Ctrl Pts',(12.9967817404261,12.5948421404161,-47.));
#8630=CARTESIAN_POINT('Ctrl Pts',(12.9066064016024,12.5906700201277,-47.));
#8631=CARTESIAN_POINT('Ctrl Pts',(12.8103354461206,12.5862158754381,-47.));
#8632=CARTESIAN_POINT('Ctrl Pts',(12.7107191208788,12.5816383897637,-47.));
#8633=CARTESIAN_POINT('Ctrl Pts',(12.6081544748818,12.576962906062,-47.));
#8634=CARTESIAN_POINT('Ctrl Pts',(12.4952998324047,12.5718183454152,-47.));
#8635=CARTESIAN_POINT('Ctrl Pts',(12.3788761932258,12.5665552086225,-47.));
#8636=CARTESIAN_POINT('Ctrl Pts',(12.2594769999028,12.5612093946114,-47.));
#8637=CARTESIAN_POINT('Ctrl Pts',(12.1102865972769,12.5545297502815,-47.));
#8638=CARTESIAN_POINT('Ctrl Pts',(11.9564516410849,12.5477212442814,-47.));
#8639=CARTESIAN_POINT('Ctrl Pts',(11.7992161023269,12.5408548076593,-47.));
#8640=CARTESIAN_POINT('Ctrl Pts',(11.6415604082385,12.5339700229591,-47.));
#8641=CARTESIAN_POINT('Ctrl Pts',(11.480491298803,12.5270273059047,-47.));
#8642=CARTESIAN_POINT('Ctrl Pts',(11.3172827472701,12.5200945541552,-47.));
#8643=CARTESIAN_POINT('Ctrl Pts',(11.1755929307142,12.5140758724478,-47.));
#8644=CARTESIAN_POINT('Ctrl Pts',(11.0322929776525,12.5080647397696,-47.));
#8645=CARTESIAN_POINT('Ctrl Pts',(10.8881819661951,12.5021008887557,-47.));
#8646=CARTESIAN_POINT('Ctrl Pts',(10.7624154684947,12.496896202124,-47.));
#8647=CARTESIAN_POINT('Ctrl Pts',(10.6360317444411,12.4917274960038,-47.));
#8648=CARTESIAN_POINT('Ctrl Pts',(10.5095181557834,12.4866174002449,-47.));
#8649=CARTESIAN_POINT('Ctrl Pts',(10.3919726948399,12.4818695421863,-47.));
#8650=CARTESIAN_POINT('Ctrl Pts',(10.2743154785134,12.4771722672793,-47.));
#8651=CARTESIAN_POINT('Ctrl Pts',(10.1568912042665,12.4725404801438,-47.));
#8652=CARTESIAN_POINT('Ctrl Pts',(10.0453496883541,12.4681407377413,-47.));
#8653=CARTESIAN_POINT('Ctrl Pts',(9.93401861709969,12.4638000753195,-47.));
#8654=CARTESIAN_POINT('Ctrl Pts',(9.82314584452224,12.4595283787346,-47.));
#8655=CARTESIAN_POINT('Ctrl Pts',(9.71655273240068,12.4554215685373,-47.));
#8656=CARTESIAN_POINT('Ctrl Pts',(9.61038342391516,12.4513784925267,-47.));
#8657=CARTESIAN_POINT('Ctrl Pts',(9.50480968551028,12.4474053384954,-47.));
#8658=CARTESIAN_POINT('Ctrl Pts',(9.40254011020277,12.4435565330865,-47.));
#8659=CARTESIAN_POINT('Ctrl Pts',(9.30082957489577,12.4397733311089,-47.));
#8660=CARTESIAN_POINT('Ctrl Pts',(9.19978511702809,12.4360590172902,-47.));
#8661=CARTESIAN_POINT('Ctrl Pts',(9.10139395474675,12.4324422365047,-47.));
#8662=CARTESIAN_POINT('Ctrl Pts',(9.00363448855811,12.4288907632193,-47.));
#8663=CARTESIAN_POINT('Ctrl Pts',(8.90655598351594,12.4254055235472,-47.));
#8664=CARTESIAN_POINT('Ctrl Pts',(8.81166906311273,12.421998964503,-47.));
#8665=CARTESIAN_POINT('Ctrl Pts',(8.71743282582197,12.4186556720185,-47.));
#8666=CARTESIAN_POINT('Ctrl Pts',(8.62384336134538,12.4153746204649,-47.));
#8667=CARTESIAN_POINT('Ctrl Pts',(8.5321028100028,12.4121583879521,-47.));
#8668=CARTESIAN_POINT('Ctrl Pts',(8.44098383519039,12.409001951157,-47.));
#8669=CARTESIAN_POINT('Ctrl Pts',(8.35043255748757,12.4059026564141,-47.));
#8670=CARTESIAN_POINT('Ctrl Pts',(8.26146631053982,12.4028576124517,-47.));
#8671=CARTESIAN_POINT('Ctrl Pts',(8.17304815458854,12.3998677172341,-47.));
#8672=CARTESIAN_POINT('Ctrl Pts',(8.08507656006845,12.3969289593082,-47.));
#8673=CARTESIAN_POINT('Ctrl Pts',(7.99847987021567,12.394036131117,-47.));
#8674=CARTESIAN_POINT('Ctrl Pts',(7.91231597655028,12.3911928436647,-47.));
#8675=CARTESIAN_POINT('Ctrl Pts',(7.82643740517611,12.3883939628342,-47.));
#8676=CARTESIAN_POINT('Ctrl Pts',(7.74176068626223,12.3856342517495,-47.));
#8677=CARTESIAN_POINT('Ctrl Pts',(7.6573614351223,12.3829177019481,-47.));
#8678=CARTESIAN_POINT('Ctrl Pts',(7.57304747431287,12.3802382696157,-47.));
#8679=CARTESIAN_POINT('Ctrl Pts',(7.47769557347808,12.3772080601036,-47.));
#8680=CARTESIAN_POINT('Ctrl Pts',(7.38245321948947,12.3742252916867,-47.));
#8681=CARTESIAN_POINT('Ctrl Pts',(7.28696480563922,12.3712798750754,-47.));
#8682=CARTESIAN_POINT('Ctrl Pts',(7.20685823076783,12.3688089236083,-47.));
#8683=CARTESIAN_POINT('Ctrl Pts',(7.12657292631041,12.3663641179636,-47.));
#8684=CARTESIAN_POINT('Ctrl Pts',(7.04593183795219,12.3639412294291,-47.));
#8685=CARTESIAN_POINT('Ctrl Pts',(6.96371985726313,12.3614711429078,-47.));
#8686=CARTESIAN_POINT('Ctrl Pts',(6.88113820463664,12.3590238494384,-47.));
#8687=CARTESIAN_POINT('Ctrl Pts',(6.79805319771442,12.356597058995,-47.));
#8688=CARTESIAN_POINT('Ctrl Pts',(6.70908588151452,12.3539984549783,-47.));
#8689=CARTESIAN_POINT('Ctrl Pts',(6.61954107706407,12.3514233596582,-47.));
#8690=CARTESIAN_POINT('Ctrl Pts',(6.52931830068279,12.3488713675446,-47.));
#8691=CARTESIAN_POINT('Ctrl Pts',(6.43994390420292,12.3463433722409,-47.));
#8692=CARTESIAN_POINT('Ctrl Pts',(6.34990470545542,12.3438380782699,-47.));
#8693=CARTESIAN_POINT('Ctrl Pts',(6.259161017095,12.3413570925005,-47.));
#8694=CARTESIAN_POINT('Ctrl Pts',(6.16583962281617,12.3388056307365,-47.));
#8695=CARTESIAN_POINT('Ctrl Pts',(6.07177330249194,12.336279898906,-47.));
#8696=CARTESIAN_POINT('Ctrl Pts',(5.97697617273283,12.3337833945177,-47.));
#8697=CARTESIAN_POINT('Ctrl Pts',(5.87906888600741,12.3312049834248,-47.));
#8698=CARTESIAN_POINT('Ctrl Pts',(5.78038223168094,12.3286577743534,-47.));
#8699=CARTESIAN_POINT('Ctrl Pts',(5.68098945956353,12.3261471024991,-47.));
#8700=CARTESIAN_POINT('Ctrl Pts',(5.57774786360682,12.3235392089507,-47.));
#8701=CARTESIAN_POINT('Ctrl Pts',(5.47374462238003,12.3209707682774,-47.));
#8702=CARTESIAN_POINT('Ctrl Pts',(5.36912005914115,12.3184488939931,-47.));
#8703=CARTESIAN_POINT('Ctrl Pts',(5.2595707693146,12.3158083139198,-47.));
#8704=CARTESIAN_POINT('Ctrl Pts',(5.14934055900746,12.3132188270573,-47.));
#8705=CARTESIAN_POINT('Ctrl Pts',(5.0386494593853,12.3106892623688,-47.));
#8706=CARTESIAN_POINT('Ctrl Pts',(4.92134323922723,12.3080085258574,-47.));
#8707=CARTESIAN_POINT('Ctrl Pts',(4.80351974906174,12.3053951415686,-47.));
#8708=CARTESIAN_POINT('Ctrl Pts',(4.68550085145726,12.302859600642,-47.));
#8709=CARTESIAN_POINT('Ctrl Pts',(4.55785974230434,12.300117334253,-47.));
#8710=CARTESIAN_POINT('Ctrl Pts',(4.42999056827117,12.2974662030793,-47.));
#8711=CARTESIAN_POINT('Ctrl Pts',(4.30236217600122,12.2949183658208,-47.));
#8712=CARTESIAN_POINT('Ctrl Pts',(4.15670657349528,12.2920106525418,-47.));
#8713=CARTESIAN_POINT('Ctrl Pts',(4.0113653845079,12.2892376419022,-47.));
#8714=CARTESIAN_POINT('Ctrl Pts',(3.86710321432254,12.2866139182441,-47.));
#8715=CARTESIAN_POINT('Ctrl Pts',(3.62011764774948,12.2821219445451,-47.));
#8716=CARTESIAN_POINT('Ctrl Pts',(3.37630050419836,12.2780705788957,-47.));
#8717=CARTESIAN_POINT('Ctrl Pts',(3.13967030702586,12.2744967021886,-47.));
#8718=CARTESIAN_POINT('Ctrl Pts',(3.00243456986332,12.2724240013656,-47.));
#8719=CARTESIAN_POINT('Ctrl Pts',(2.86761867409578,12.270510961006,-47.));
#8720=CARTESIAN_POINT('Ctrl Pts',(2.73598076200321,12.2687565966415,-47.));
#8721=CARTESIAN_POINT('Ctrl Pts',(2.61774198986086,12.2671808052524,-47.));
#8722=CARTESIAN_POINT('Ctrl Pts',(2.50206783474924,12.2657329339253,-47.));
#8723=CARTESIAN_POINT('Ctrl Pts',(2.38946857059355,12.2644082001834,-47.));
#8724=CARTESIAN_POINT('Ctrl Pts',(2.28396401724655,12.2631669359283,-47.));
#8725=CARTESIAN_POINT('Ctrl Pts',(2.18115948163876,12.2620337217469,-47.));
#8726=CARTESIAN_POINT('Ctrl Pts',(2.0814311934716,12.261001875551,-47.));
#8727=CARTESIAN_POINT('Ctrl Pts',(1.98627332233333,12.2600173175169,-47.));
#8728=CARTESIAN_POINT('Ctrl Pts',(1.89391648918515,12.2591250045871,-47.));
#8729=CARTESIAN_POINT('Ctrl Pts',(1.80464162314453,12.2583172644187,-47.));
#8730=CARTESIAN_POINT('Ctrl Pts',(1.71860345483765,12.2575388092091,-47.));
#8731=CARTESIAN_POINT('Ctrl Pts',(1.63542805377153,12.2568388693194,-47.));
#8732=CARTESIAN_POINT('Ctrl Pts',(1.55531951046216,12.2562093742915,-47.));
#8733=CARTESIAN_POINT('Ctrl Pts',(1.47763781549608,12.2555989495013,-47.));
#8734=CARTESIAN_POINT('Ctrl Pts',(1.40284015985101,12.2550547364175,-47.));
#8735=CARTESIAN_POINT('Ctrl Pts',(1.33106427352688,12.2545686962736,-47.));
#8736=CARTESIAN_POINT('Ctrl Pts',(1.26117809899624,12.2540954525692,-47.));
#8737=CARTESIAN_POINT('Ctrl Pts',(1.1941568328886,12.2536773350898,-47.));
#8738=CARTESIAN_POINT('Ctrl Pts',(1.13007853076662,12.2533066558439,-47.));
#8739=CARTESIAN_POINT('Ctrl Pts',(1.06750989906315,12.2529447097179,-47.));
#8740=CARTESIAN_POINT('Ctrl Pts',(1.00774733438248,12.25262797426,-47.));
#8741=CARTESIAN_POINT('Ctrl Pts',(0.950813884593554,12.2523493422767,-47.));
#8742=CARTESIAN_POINT('Ctrl Pts',(0.895107040839807,12.2520767132965,-47.));
#8743=CARTESIAN_POINT('Ctrl Pts',(0.842108849179518,12.2518405498453,-47.));
#8744=CARTESIAN_POINT('Ctrl Pts',(0.791790848445037,12.2516344786976,-47.));
#8745=CARTESIAN_POINT('Ctrl Pts',(0.74086266715952,12.2514259086309,-47.));
#8746=CARTESIAN_POINT('Ctrl Pts',(0.692680511505912,12.2512481519062,-47.));
#8747=CARTESIAN_POINT('Ctrl Pts',(0.647158386271735,12.2510951007115,-47.));
#8748=CARTESIAN_POINT('Ctrl Pts',(0.604318532023047,12.2509510676542,-47.));
#8749=CARTESIAN_POINT('Ctrl Pts',(0.563834229474793,12.2508289126283,-47.));
#8750=CARTESIAN_POINT('Ctrl Pts',(0.525583836359826,12.2507240809025,-47.));
#8751=CARTESIAN_POINT('Ctrl Pts',(0.487948406232585,12.2506209345877,-47.));
#8752=CARTESIAN_POINT('Ctrl Pts',(0.452475746140722,12.2505345565032,-47.));
#8753=CARTESIAN_POINT('Ctrl Pts',(0.419000494433068,12.2504611789157,-47.));
#8754=CARTESIAN_POINT('Ctrl Pts',(0.386036139983237,12.2503889212126,-47.));
#8755=CARTESIAN_POINT('Ctrl Pts',(0.355008798568193,12.2503292699089,-47.));
#8756=CARTESIAN_POINT('Ctrl Pts',(0.325710540286372,12.2502792052688,-47.));
#8757=CARTESIAN_POINT('Ctrl Pts',(0.296835792904976,12.2502298643209,-47.));
#8758=CARTESIAN_POINT('Ctrl Pts',(0.269640604001229,12.2501898360483,-47.));
#8759=CARTESIAN_POINT('Ctrl Pts',(0.2438754070361,12.2501567885527,-47.));
#8760=CARTESIAN_POINT('Ctrl Pts',(0.218637329733808,12.2501244171623,-47.));
#8761=CARTESIAN_POINT('Ctrl Pts',(0.194771366903432,12.2500987461873,-47.));
#8762=CARTESIAN_POINT('Ctrl Pts',(0.171993197863733,12.2500780964636,-47.));
#8763=CARTESIAN_POINT('Ctrl Pts',(0.149455398047884,12.2500576646485,-47.));
#8764=CARTESIAN_POINT('Ctrl Pts',(0.127982659904974,12.2500421499785,-47.));
#8765=CARTESIAN_POINT('Ctrl Pts',(0.10724918653397,12.2500304063512,-47.));
#8766=CARTESIAN_POINT('Ctrl Pts',(0.086833488684994,12.2500188427148,-47.));
#8767=CARTESIAN_POINT('Ctrl Pts',(0.0671346155704291,12.2500109359826,-47.));
#8768=CARTESIAN_POINT('Ctrl Pts',(0.0477913519357884,12.2500060449917,-47.));
#8769=CARTESIAN_POINT('Ctrl Pts',(0.0316940467764748,12.2500019747492,-47.));
#8770=CARTESIAN_POINT('Ctrl Pts',(0.015842178243438,12.25,-47.));
#8771=CARTESIAN_POINT('Ctrl Pts',(-4.40668354247559E-15,12.25,-47.));
#8772=CARTESIAN_POINT('Ctrl Pts',(-1.39346326716652E-5,12.1497385612887,
-44.));
#8773=CARTESIAN_POINT('Ctrl Pts',(0.206931740738151,12.1621724500874,-44.0362998253095));
#8774=CARTESIAN_POINT('Ctrl Pts',(0.627211943943988,12.1831963350928,-44.1088999451549));
#8775=CARTESIAN_POINT('Ctrl Pts',(1.30178290947071,12.2006932807817,-44.2174849786367));
#8776=CARTESIAN_POINT('Ctrl Pts',(2.04778105677291,12.2001991442877,-44.3253539906989));
#8777=CARTESIAN_POINT('Ctrl Pts',(2.89745029503513,12.176542076691,-44.4318800190448));
#8778=CARTESIAN_POINT('Ctrl Pts',(3.89153699389982,12.1237885994178,-44.5359395454903));
#8779=CARTESIAN_POINT('Ctrl Pts',(5.08293376747288,12.0369928713812,-44.6353881294532));
#8780=CARTESIAN_POINT('Ctrl Pts',(6.53497250803818,11.9175721444741,-44.7261566877176));
#8781=CARTESIAN_POINT('Ctrl Pts',(8.29717538682515,11.7851675429096,-44.8014038973976));
#8782=CARTESIAN_POINT('Ctrl Pts',(10.3354797626062,11.6910894363222,-44.8526851700673));
#8783=CARTESIAN_POINT('Ctrl Pts',(12.4907727944475,11.6948399290484,-44.8772149275519));
#8784=CARTESIAN_POINT('Ctrl Pts',(13.9642205793022,11.7604381820979,-44.8786796564404));
#8785=CARTESIAN_POINT('Ctrl Pts',(14.7854316062491,11.8016351527839,-44.8786796564404));
#8786=CARTESIAN_POINT('Ctrl Pts',(0.536530244903607,12.1497358058923,-44.));
#8787=CARTESIAN_POINT('Ctrl Pts',(0.734747830250575,12.1593108069324,-44.0354644986453));
#8788=CARTESIAN_POINT('Ctrl Pts',(1.14130813099708,12.1748651882085,-44.1059358151236));
#8789=CARTESIAN_POINT('Ctrl Pts',(1.80368311598398,12.1840021805129,-44.2100823508941));
#8790=CARTESIAN_POINT('Ctrl Pts',(2.54350030035972,12.1745614599091,-44.3123170068638));
#8791=CARTESIAN_POINT('Ctrl Pts',(3.39092521056814,12.1412424717706,-44.4120038634433));
#8792=CARTESIAN_POINT('Ctrl Pts',(4.38447145692701,12.0783270605464,-44.5079797238368));
#8793=CARTESIAN_POINT('Ctrl Pts',(5.5734101472977,11.9816973285273,-44.5980840720499));
#8794=CARTESIAN_POINT('Ctrl Pts',(7.01317555601808,11.8546180801494,-44.6783862068329));
#8795=CARTESIAN_POINT('Ctrl Pts',(8.73681159087777,11.7191835766004,-44.7425607848764));
#8796=CARTESIAN_POINT('Ctrl Pts',(10.6887294780155,11.6257259645193,-44.7831635490176));
#8797=CARTESIAN_POINT('Ctrl Pts',(12.705960877098,11.6242663648381,-44.7973184144006));
#8798=CARTESIAN_POINT('Ctrl Pts',(14.0543431975123,11.6770770262798,-44.7909077742639));
#8799=CARTESIAN_POINT('Ctrl Pts',(14.7900691535097,11.7091913423535,-44.7861195952287));
#8800=CARTESIAN_POINT('Ctrl Pts',(1.60887708862602,12.1313409316743,-44.));
#8801=CARTESIAN_POINT('Ctrl Pts',(1.79651791265863,12.1357467398712,-44.0332091997425));
#8802=CARTESIAN_POINT('Ctrl Pts',(2.1872059326439,12.1405076033667,-44.0984577776051));
#8803=CARTESIAN_POINT('Ctrl Pts',(2.83754774678104,12.1317299542745,-44.192690253026));
#8804=CARTESIAN_POINT('Ctrl Pts',(3.57361339003355,12.1026094533786,-44.2829291113312));
#8805=CARTESIAN_POINT('Ctrl Pts',(4.42205300984661,12.0481577770362,-44.3685111504237));
#8806=CARTESIAN_POINT('Ctrl Pts',(5.41659787012249,11.9636918907387,-44.4482707375379));
#8807=CARTESIAN_POINT('Ctrl Pts',(6.59744140060291,11.8475657188965,-44.5201712694222));
#8808=CARTESIAN_POINT('Ctrl Pts',(8.0008056043015,11.7075168793711,-44.5807535207035));
#8809=CARTESIAN_POINT('Ctrl Pts',(9.62519294628849,11.5699432390472,-44.6248171388828));
#8810=CARTESIAN_POINT('Ctrl Pts',(11.3818302884595,11.4802009716627,-44.6465694781625));
#8811=CARTESIAN_POINT('Ctrl Pts',(13.1152044247476,11.468847198157,-44.6430405049348));
#8812=CARTESIAN_POINT('Ctrl Pts',(14.2213523290375,11.4971886825706,-44.6246316050991));
#8813=CARTESIAN_POINT('Ctrl Pts',(14.7999521426206,11.5121860892514,-44.6131333908961));
#8814=CARTESIAN_POINT('Ctrl Pts',(3.39768279271313,12.0190776962094,-44.));
#8815=CARTESIAN_POINT('Ctrl Pts',(3.58129305167879,12.0131177263314,-44.0282210751555));
#8816=CARTESIAN_POINT('Ctrl Pts',(3.96775908115949,11.9964809748961,-44.0827604627712));
#8817=CARTESIAN_POINT('Ctrl Pts',(4.61907960425067,11.9541210575926,-44.1587542176804));
#8818=CARTESIAN_POINT('Ctrl Pts',(5.35837315757821,11.8908460691622,-44.2286731515966));
#8819=CARTESIAN_POINT('Ctrl Pts',(6.20513544305551,11.8034657579324,-44.2920465671424));
#8820=CARTESIAN_POINT('Ctrl Pts',(7.18137037910293,11.6906326079276,-44.3480419129852));
#8821=CARTESIAN_POINT('Ctrl Pts',(8.30653018456238,11.5560595765981,-44.395173821541));
#8822=CARTESIAN_POINT('Ctrl Pts',(9.58265732813981,11.4135423434619,-44.4309128355059));
#8823=CARTESIAN_POINT('Ctrl Pts',(10.9670162885142,11.2897461307732,-44.4515511003114));
#8824=CARTESIAN_POINT('Ctrl Pts',(12.3585424000997,11.214378577304,-44.4532020189143));
#8825=CARTESIAN_POINT('Ctrl Pts',(13.6447509945814,11.1921398275099,-44.43401252152));
#8826=CARTESIAN_POINT('Ctrl Pts',(14.4234675523229,11.1900628852009,-44.4089010863551));
#8827=CARTESIAN_POINT('Ctrl Pts',(14.8163467583768,11.1853795542736,-44.3944936137784));
#8828=CARTESIAN_POINT('Ctrl Pts',(5.58490811073753,11.7303953887217,-44.));
#8829=CARTESIAN_POINT('Ctrl Pts',(5.76733727768305,11.7130963040523,-44.0215501642978));
#8830=CARTESIAN_POINT('Ctrl Pts',(6.15206108009177,11.6739086353523,-44.0623681297742));
#8831=CARTESIAN_POINT('Ctrl Pts',(6.79576345570257,11.5998294392383,-44.1169014229808));
#8832=CARTESIAN_POINT('Ctrl Pts',(7.51374247547536,11.509314368618,-44.16484303776));
#8833=CARTESIAN_POINT('Ctrl Pts',(8.31393112674797,11.402437028349,-44.2061510171804));
#8834=CARTESIAN_POINT('Ctrl Pts',(9.20191476986633,11.2820790074444,-44.2404535923978));
#8835=CARTESIAN_POINT('Ctrl Pts',(10.1739426888905,11.1563074124998,-44.2667733313191));
#8836=CARTESIAN_POINT('Ctrl Pts',(11.2051504799591,11.0399874341789,-44.2833106109283));
#8837=CARTESIAN_POINT('Ctrl Pts',(12.2393718783179,10.951270585228,-44.2876735382686));
#8838=CARTESIAN_POINT('Ctrl Pts',(13.2063083733851,10.8995557616507,-44.2780874068999));
#8839=CARTESIAN_POINT('Ctrl Pts',(14.0576248472667,10.8724219838588,-44.2547824788952));
#8840=CARTESIAN_POINT('Ctrl Pts',(14.5753778198987,10.849212215139,-44.2325648741284));
#8841=CARTESIAN_POINT('Ctrl Pts',(14.8340309638556,10.8328666315963,-44.2204348858706));
#8842=CARTESIAN_POINT('Ctrl Pts',(8.44697092351279,11.0894018480446,-44.));
#8843=CARTESIAN_POINT('Ctrl Pts',(8.61032749627862,11.0677109640118,-44.0132426285395));
#8844=CARTESIAN_POINT('Ctrl Pts',(8.948640128816,11.0230184528296,-44.037778112916));
#8845=CARTESIAN_POINT('Ctrl Pts',(9.4913222071733,10.9518533391979,-44.069218940596));
#8846=CARTESIAN_POINT('Ctrl Pts',(10.0701527189566,10.8765955232196,-44.0956390774744));
#8847=CARTESIAN_POINT('Ctrl Pts',(10.6849107688076,10.7985388782771,-44.1171154368414));
#8848=CARTESIAN_POINT('Ctrl Pts',(11.3308210512116,10.7213593264232,-44.133344127636));
#8849=CARTESIAN_POINT('Ctrl Pts',(11.9941842538904,10.6516090450701,-44.1436045188505));
#8850=CARTESIAN_POINT('Ctrl Pts',(12.6500271763819,10.596869428508,-44.1469561210129));
#8851=CARTESIAN_POINT('Ctrl Pts',(13.2680503183586,10.5607037897804,-44.1427668920371));
#8852=CARTESIAN_POINT('Ctrl Pts',(13.83038299632,10.5375519866149,-44.131371609346));
#8853=CARTESIAN_POINT('Ctrl Pts',(14.3414686446913,10.5119335093159,-44.1142895183085));
#8854=CARTESIAN_POINT('Ctrl Pts',(14.68459013247,10.479693872101,-44.1009741150855));
#8855=CARTESIAN_POINT('Ctrl Pts',(14.8527021818362,10.4606788265984,-44.0939352575362));
#8856=CARTESIAN_POINT('Ctrl Pts',(11.6186717297283,9.95457737697718,-44.));
#8857=CARTESIAN_POINT('Ctrl Pts',(11.6894566827031,9.96855462517574,-44.0047919437623));
#8858=CARTESIAN_POINT('Ctrl Pts',(11.8392293353885,9.99426637926,-44.0133849022097));
#8859=CARTESIAN_POINT('Ctrl Pts',(12.0890716238645,10.0257509749567,-44.0235575162528));
#8860=CARTESIAN_POINT('Ctrl Pts',(12.3631486950133,10.0506584655282,-44.0311464640655));
#8861=CARTESIAN_POINT('Ctrl Pts',(12.6581273621758,10.0706848535468,-44.0361854000929));
#8862=CARTESIAN_POINT('Ctrl Pts',(12.9677793341545,10.0882414684425,-44.038673933241));
#8863=CARTESIAN_POINT('Ctrl Pts',(13.283948349543,10.1051904784551,-44.0386872586034));
#8864=CARTESIAN_POINT('Ctrl Pts',(13.5989530625853,10.1208026315171,-44.0364937988149));
#8865=CARTESIAN_POINT('Ctrl Pts',(13.9107112974692,10.1311659617037,-44.0325990571926));
#8866=CARTESIAN_POINT('Ctrl Pts',(14.225662728569,10.1298732405032,-44.0276875663448));
#8867=CARTESIAN_POINT('Ctrl Pts',(14.5523966776179,10.1104214713934,-44.0225223986282));
#8868=CARTESIAN_POINT('Ctrl Pts',(14.7664371302916,10.0879469575818,-44.0189360762803));
#8869=CARTESIAN_POINT('Ctrl Pts',(14.872040950797,10.0751842124624,-44.0171592107815));
#8870=CARTESIAN_POINT('Ctrl Pts',(12.7443139096278,9.24747009079468,-44.));
#8871=CARTESIAN_POINT('Ctrl Pts',(12.783430037667,9.28510378544401,-44.));
#8872=CARTESIAN_POINT('Ctrl Pts',(12.8694880938745,9.35657215149748,-44.));
#8873=CARTESIAN_POINT('Ctrl Pts',(13.02033964649,9.45333630698262,-44.));
#8874=CARTESIAN_POINT('Ctrl Pts',(13.1905421536437,9.54011103568464,-44.));
#8875=CARTESIAN_POINT('Ctrl Pts',(13.3772396339443,9.61692667464686,-44.));
#8876=CARTESIAN_POINT('Ctrl Pts',(13.5771881253494,9.68327778079989,-44.));
#8877=CARTESIAN_POINT('Ctrl Pts',(13.7867827349414,9.73807331941153,-44.));
#8878=CARTESIAN_POINT('Ctrl Pts',(14.0023745379823,9.7798078191902,-44.));
#8879=CARTESIAN_POINT('Ctrl Pts',(14.2221474587828,9.80757976601697,-44.));
#8880=CARTESIAN_POINT('Ctrl Pts',(14.4437539849578,9.82126731395224,-44.));
#8881=CARTESIAN_POINT('Ctrl Pts',(14.6647579763218,9.82215756899059,-44.));
#8882=CARTESIAN_POINT('Ctrl Pts',(14.8121406466525,9.81683140326502,-44.));
#8883=CARTESIAN_POINT('Ctrl Pts',(14.8851578781475,9.81371437134256,-44.));
#8884=CARTESIAN_POINT('Ctrl Pts',(13.3303808827937,8.85981750805153,-44.));
#8885=CARTESIAN_POINT('Ctrl Pts',(13.3561819410001,8.9112916947947,-44.));
#8886=CARTESIAN_POINT('Ctrl Pts',(13.413654811262,9.01097794768289,-44.));
#8887=CARTESIAN_POINT('Ctrl Pts',(13.5159808607927,9.14821837650081,-44.));
#8888=CARTESIAN_POINT('Ctrl Pts',(13.6328714769363,9.27103931187689,-44.));
#8889=CARTESIAN_POINT('Ctrl Pts',(13.7628016567248,9.37789714060636,-44.));
#8890=CARTESIAN_POINT('Ctrl Pts',(13.9041049594802,9.46778311306246,-44.));
#8891=CARTESIAN_POINT('Ctrl Pts',(14.0546700897093,9.54016093096835,-44.));
#8892=CARTESIAN_POINT('Ctrl Pts',(14.2125696721635,9.5952125019641,-44.));
#8893=CARTESIAN_POINT('Ctrl Pts',(14.3769239474698,9.63429191038717,-44.));
#8894=CARTESIAN_POINT('Ctrl Pts',(14.5455366339912,9.65953566206436,-44.));
#8895=CARTESIAN_POINT('Ctrl Pts',(14.7169009206422,9.67417941171065,-44.));
#8896=CARTESIAN_POINT('Ctrl Pts',(14.8333842507477,9.68005278527952,-44.));
#8897=CARTESIAN_POINT('Ctrl Pts',(14.8917163603797,9.68297908087433,-44.));
#8898=CARTESIAN_POINT('',(13.3303808827937,8.85981750805153,-44.));
#8899=CARTESIAN_POINT('Ctrl Pts',(-1.39346326716652E-5,12.1497385612887,
-44.));
#8900=CARTESIAN_POINT('Ctrl Pts',(0.536530244903607,12.1497358058923,-44.));
#8901=CARTESIAN_POINT('Ctrl Pts',(1.60887708862602,12.1313409316743,-44.));
#8902=CARTESIAN_POINT('Ctrl Pts',(3.39768279271313,12.0190776962094,-44.));
#8903=CARTESIAN_POINT('Ctrl Pts',(5.58490811073753,11.7303953887217,-44.));
#8904=CARTESIAN_POINT('Ctrl Pts',(8.44697092351279,11.0894018480446,-44.));
#8905=CARTESIAN_POINT('Ctrl Pts',(11.6186717297283,9.95457737697718,-44.));
#8906=CARTESIAN_POINT('Ctrl Pts',(12.7443139096278,9.24747009079468,-44.));
#8907=CARTESIAN_POINT('Ctrl Pts',(13.3303808827937,8.85981750805153,-44.));
#8908=CARTESIAN_POINT('',(14.8917163603797,9.68297908087433,-44.));
#8909=CARTESIAN_POINT('Ctrl Pts',(13.3303808827937,8.85981750805153,-44.));
#8910=CARTESIAN_POINT('Ctrl Pts',(13.3542062943136,8.90735019729244,-44.));
#8911=CARTESIAN_POINT('Ctrl Pts',(13.3805323479009,8.95349028471343,-44.));
#8912=CARTESIAN_POINT('Ctrl Pts',(13.4091695318155,8.9979142331967,-44.));
#8913=CARTESIAN_POINT('Ctrl Pts',(13.4358686261638,9.03933168525522,-44.));
#8914=CARTESIAN_POINT('Ctrl Pts',(13.464571760222,9.0792527721622,-44.));
#8915=CARTESIAN_POINT('Ctrl Pts',(13.4951143059693,9.11744479812884,-44.));
#8916=CARTESIAN_POINT('Ctrl Pts',(13.525915668505,9.15596046239285,-44.));
#8917=CARTESIAN_POINT('Ctrl Pts',(13.5585886248505,9.19271768212781,-44.));
#8918=CARTESIAN_POINT('Ctrl Pts',(13.5929674769857,9.22753058187125,-44.));
#8919=CARTESIAN_POINT('Ctrl Pts',(13.627150258066,9.26214493507948,-44.));
#8920=CARTESIAN_POINT('Ctrl Pts',(13.6630203963461,9.29483724858259,-44.));
#8921=CARTESIAN_POINT('Ctrl Pts',(13.7004050638007,9.32547501006629,-44.));
#8922=CARTESIAN_POINT('Ctrl Pts',(13.7371184472415,9.35556263586856,-44.));
#8923=CARTESIAN_POINT('Ctrl Pts',(13.7752932057168,9.38366907852638,-44.));
#8924=CARTESIAN_POINT('Ctrl Pts',(13.8147441927116,9.40971418350858,-44.));
#8925=CARTESIAN_POINT('Ctrl Pts',(13.8533468425508,9.43519922568987,-44.));
#8926=CARTESIAN_POINT('Ctrl Pts',(13.8931720450355,9.45871087515816,-44.));
#8927=CARTESIAN_POINT('Ctrl Pts',(13.9340156428773,9.48021420445158,-44.));
#8928=CARTESIAN_POINT('Ctrl Pts',(13.965413065461,9.49674431326811,-44.));
#8929=CARTESIAN_POINT('Ctrl Pts',(13.9974067806954,9.51208670536678,-44.));
#8930=CARTESIAN_POINT('Ctrl Pts',(14.0299172014465,9.52625099396364,-44.));
#8931=CARTESIAN_POINT('Ctrl Pts',(14.0680941532628,9.5428841026956,-44.));
#8932=CARTESIAN_POINT('Ctrl Pts',(14.1069856872984,9.55789176098321,-44.));
#8933=CARTESIAN_POINT('Ctrl Pts',(14.1465102625418,9.57134492556751,-44.));
#8934=CARTESIAN_POINT('Ctrl Pts',(14.1834675771304,9.58392425963224,-44.));
#8935=CARTESIAN_POINT('Ctrl Pts',(14.2209815342735,9.59514544620138,-44.));
#8936=CARTESIAN_POINT('Ctrl Pts',(14.258980733666,9.60510683783722,-44.));
#8937=CARTESIAN_POINT('Ctrl Pts',(14.2939142231518,9.6142645615666,-44.));
#8938=CARTESIAN_POINT('Ctrl Pts',(14.3292594645214,9.62235825411104,-44.));
#8939=CARTESIAN_POINT('Ctrl Pts',(14.3649251496296,9.62948839550848,-44.));
#8940=CARTESIAN_POINT('Ctrl Pts',(14.3945020409181,9.63540128955058,-44.));
#8941=CARTESIAN_POINT('Ctrl Pts',(14.4242940824409,9.64065125298241,-44.));
#8942=CARTESIAN_POINT('Ctrl Pts',(14.454237126718,9.64530846794502,-44.));
#8943=CARTESIAN_POINT('Ctrl Pts',(14.4862522795818,9.65028796994783,-44.));
#8944=CARTESIAN_POINT('Ctrl Pts',(14.5184408837498,9.65458960272005,-44.));
#8945=CARTESIAN_POINT('Ctrl Pts',(14.5507878165211,9.65832700147346,-44.));
#8946=CARTESIAN_POINT('Ctrl Pts',(14.5888813944441,9.66272837367308,-44.));
#8947=CARTESIAN_POINT('Ctrl Pts',(14.627199150404,9.66634658945956,-44.));
#8948=CARTESIAN_POINT('Ctrl Pts',(14.6657551582483,9.66941206234274,-44.));
#8949=CARTESIAN_POINT('Ctrl Pts',(14.6973534603985,9.67192434885299,-44.));
#8950=CARTESIAN_POINT('Ctrl Pts',(14.7291143701799,9.67406643657562,-44.));
#8951=CARTESIAN_POINT('Ctrl Pts',(14.7610189508223,9.67598521514307,-44.));
#8952=CARTESIAN_POINT('Ctrl Pts',(14.7886205414966,9.67764520689181,-44.));
#8953=CARTESIAN_POINT('Ctrl Pts',(14.816330238191,9.67913843089332,-44.));
#8954=CARTESIAN_POINT('Ctrl Pts',(14.8440970569164,9.68056877031933,-44.));
#8955=CARTESIAN_POINT('Ctrl Pts',(14.8599580661722,9.68138581123062,-44.));
#8956=CARTESIAN_POINT('Ctrl Pts',(14.8758369371503,9.68218247182766,-44.));
#8957=CARTESIAN_POINT('Ctrl Pts',(14.8917163603797,9.68297908087433,-44.));
#8958=CARTESIAN_POINT('Origin',(14.8917163603797,9.68297908087433,-47.));
#8959=CARTESIAN_POINT('Ctrl Pts',(-1.39346326716652E-5,12.1497385612887,
-44.));
#8960=CARTESIAN_POINT('Ctrl Pts',(0.536530244903607,12.1497358058923,-44.));
#8961=CARTESIAN_POINT('Ctrl Pts',(1.60887708862602,12.1313409316743,-44.));
#8962=CARTESIAN_POINT('Ctrl Pts',(3.39768279271313,12.0190776962094,-44.));
#8963=CARTESIAN_POINT('Ctrl Pts',(5.58490811073753,11.7303953887217,-44.));
#8964=CARTESIAN_POINT('Ctrl Pts',(8.44697092351279,11.0894018480446,-44.));
#8965=CARTESIAN_POINT('Ctrl Pts',(11.6186717297283,9.95457737697718,-44.));
#8966=CARTESIAN_POINT('Ctrl Pts',(12.7443139096278,9.24747009079468,-44.));
#8967=CARTESIAN_POINT('Ctrl Pts',(13.3303808827937,8.85981750805153,-44.));
#8968=CARTESIAN_POINT('Ctrl Pts',(0.206924783912442,12.137302547007,-43.9637001746905));
#8969=CARTESIAN_POINT('Ctrl Pts',(0.729203402496289,12.1350135381414,-43.9645355013547));
#8970=CARTESIAN_POINT('Ctrl Pts',(1.78064889481977,12.1129430106025,-43.9667908002576));
#8971=CARTESIAN_POINT('Ctrl Pts',(3.55352827882715,11.9918020615454,-43.9717789248445));
#8972=CARTESIAN_POINT('Ctrl Pts',(5.7313025501469,11.6880928730252,-43.9784498357022));
#8973=CARTESIAN_POINT('Ctrl Pts',(8.56767586616845,11.0253687057439,-43.9867573714606));
#8974=CARTESIAN_POINT('Ctrl Pts',(11.6371846047947,9.88994524022339,-43.9952080562377));
#8975=CARTESIAN_POINT('Ctrl Pts',(12.7303136561921,9.19322356159977,-44.));
#8976=CARTESIAN_POINT('Ctrl Pts',(13.3045798245873,8.80834332130835,-44.));
#8977=CARTESIAN_POINT('Ctrl Pts',(0.614390088142973,12.1085952254039,-43.8911000548451));
#8978=CARTESIAN_POINT('Ctrl Pts',(1.11287075055661,12.1022042277077,-43.8940641848764));
#8979=CARTESIAN_POINT('Ctrl Pts',(2.13006569384477,12.0725833139947,-43.9015422223949));
#8980=CARTESIAN_POINT('Ctrl Pts',(3.87836720342056,11.9314250023104,-43.9172395372289));
#8981=CARTESIAN_POINT('Ctrl Pts',(6.04018538668189,11.5942367076981,-43.9376318702259));
#8982=CARTESIAN_POINT('Ctrl Pts',(8.81743357025144,10.8864845727567,-43.962221887084));
#8983=CARTESIAN_POINT('Ctrl Pts',(11.6808309353623,9.75372175529176,-43.9866150977903));
#8984=CARTESIAN_POINT('Ctrl Pts',(12.7100535844953,9.07893577564887,-44.));
#8985=CARTESIAN_POINT('Ctrl Pts',(13.2588439362417,8.70212836703446,-44.));
#8986=CARTESIAN_POINT('Ctrl Pts',(1.23107609226365,12.0546844428413,-43.7825150213633));
#8987=CARTESIAN_POINT('Ctrl Pts',(1.7055708891333,12.0419407508946,-43.7899176491059));
#8988=CARTESIAN_POINT('Ctrl Pts',(2.69047434532912,11.9976096412891,-43.807309746974));
#8989=CARTESIAN_POINT('Ctrl Pts',(4.41862938169308,11.8165131965463,-43.8412457823196));
#8990=CARTESIAN_POINT('Ctrl Pts',(6.55707674784847,11.4174341928928,-43.8830985770192));
#8991=CARTESIAN_POINT('Ctrl Pts',(9.21543956886653,10.6412330087538,-43.9307810594041));
#8992=CARTESIAN_POINT('Ctrl Pts',(11.7665150079585,9.52700013564056,-43.9764424837472));
#8993=CARTESIAN_POINT('Ctrl Pts',(12.7021761354939,8.89084190585351,-44.));
#8994=CARTESIAN_POINT('Ctrl Pts',(13.2088359024584,8.53541926947326,-44.));
#8995=CARTESIAN_POINT('Ctrl Pts',(1.87998679299061,11.9877481009077,-43.6746460093011));
#8996=CARTESIAN_POINT('Ctrl Pts',(2.3402465769103,11.9666365556183,-43.6876829931361));
#8997=CARTESIAN_POINT('Ctrl Pts',(3.30860928548188,11.9010672370289,-43.7170708886689));
#8998=CARTESIAN_POINT('Ctrl Pts',(5.02713410867687,11.6668009185042,-43.7713268484034));
#8999=CARTESIAN_POINT('Ctrl Pts',(7.13260489988241,11.1938799109666,-43.83515696224));
#9000=CARTESIAN_POINT('Ctrl Pts',(9.63552035547491,10.3538231574172,-43.9043609225256));
#9001=CARTESIAN_POINT('Ctrl Pts',(11.8718189908785,9.27662647960352,-43.9688535359345));
#9002=CARTESIAN_POINT('Ctrl Pts',(12.7157728262938,8.68795767400213,-44.));
#9003=CARTESIAN_POINT('Ctrl Pts',(13.1780043013049,8.36371640077039,-44.));
#9004=CARTESIAN_POINT('Ctrl Pts',(2.59260340990093,11.9006943008884,-43.5681199809551));
#9005=CARTESIAN_POINT('Ctrl Pts',(3.04652513159049,11.8670903511852,-43.5879961365567));
#9006=CARTESIAN_POINT('Ctrl Pts',(4.01027203563022,11.770139728124,-43.6314888495763));
#9007=CARTESIAN_POINT('Ctrl Pts',(5.7209592622315,11.466369117589,-43.7079534328576));
#9008=CARTESIAN_POINT('Ctrl Pts',(7.77090168288249,10.9095243186965,-43.7938489828196));
#9009=CARTESIAN_POINT('Ctrl Pts',(10.0752471170062,10.0184179656329,-43.8828845631586));
#9010=CARTESIAN_POINT('Ctrl Pts',(11.9945857861493,9.0024566953223,-43.9638145999071));
#9011=CARTESIAN_POINT('Ctrl Pts',(12.7495998417906,8.47327999940873,-44.));
#9012=CARTESIAN_POINT('Ctrl Pts',(13.1665782148544,8.18943962051906,-44.));
#9013=CARTESIAN_POINT('Ctrl Pts',(3.40832806320312,11.7774678789888,-43.4640604545097));
#9014=CARTESIAN_POINT('Ctrl Pts',(3.86142693917007,11.7248226404784,-43.4920202761632));
#9015=CARTESIAN_POINT('Ctrl Pts',(4.82671086814597,11.5824237205614,-43.5517292624621));
#9016=CARTESIAN_POINT('Ctrl Pts',(6.5176161818778,11.1912103498555,-43.6519580870149));
#9017=CARTESIAN_POINT('Ctrl Pts',(8.4724581471392,10.54656724347,-43.7595464076023));
#9018=CARTESIAN_POINT('Ctrl Pts',(10.5285105809905,9.62990620446624,-43.866655872364));
#9019=CARTESIAN_POINT('Ctrl Pts',(12.1312171577458,8.70672263537505,-43.961326066759));
#9020=CARTESIAN_POINT('Ctrl Pts',(12.8024465783694,8.25094027049253,-44.));
#9021=CARTESIAN_POINT('Ctrl Pts',(13.1744428120081,8.01503655406497,-44.));
#9022=CARTESIAN_POINT('Ctrl Pts',(4.37715368418556,11.5854226741742,-43.3646118705468));
#9023=CARTESIAN_POINT('Ctrl Pts',(4.83063548456506,11.5047706388529,-43.4019159279501));
#9024=CARTESIAN_POINT('Ctrl Pts',(5.792746519425,11.2997604931553,-43.4798287305778));
#9025=CARTESIAN_POINT('Ctrl Pts',(7.42941418922495,10.8067113878804,-43.604826178459));
#9026=CARTESIAN_POINT('Ctrl Pts',(9.22812805783127,10.0852100006462,-43.7332266686809));
#9027=CARTESIAN_POINT('Ctrl Pts',(10.982902796603,9.18718028469643,-43.8563954811495));
#9028=CARTESIAN_POINT('Ctrl Pts',(12.2776992416327,8.39485418204508,-43.9613127413966));
#9029=CARTESIAN_POINT('Ctrl Pts',(12.8728081963426,8.02544035259134,-44.));
#9030=CARTESIAN_POINT('Ctrl Pts',(13.2006753210428,7.84240471587518,-44.));
#9031=CARTESIAN_POINT('Ctrl Pts',(5.55597558357381,11.2623098224171,-43.2738433122824));
#9032=CARTESIAN_POINT('Ctrl Pts',(6.00194047932838,11.1439205606495,-43.3216137931671));
#9033=CARTESIAN_POINT('Ctrl Pts',(6.93489706410593,10.8612043146416,-43.4192464792965));
#9034=CARTESIAN_POINT('Ctrl Pts',(8.44926149613385,10.2688406249166,-43.5690871644942));
#9035=CARTESIAN_POINT('Ctrl Pts',(10.010212495846,9.51028403451443,-43.7166893890717));
#9036=CARTESIAN_POINT('Ctrl Pts',(11.419455438816,8.69746745449907,-43.8530438789872));
#9037=CARTESIAN_POINT('Ctrl Pts',(12.4316442661575,8.07469771965889,-43.9635062011851));
#9038=CARTESIAN_POINT('Ctrl Pts',(12.9589097017856,7.80104411510447,-44.));
#9039=CARTESIAN_POINT('Ctrl Pts',(13.2436813419534,7.6728755947624,-44.));
#9040=CARTESIAN_POINT('Ctrl Pts',(6.98250462433492,10.7014644886392,-43.1985961026024));
#9041=CARTESIAN_POINT('Ctrl Pts',(7.3957585621628,10.5414960788138,-43.2574392151236));
#9042=CARTESIAN_POINT('Ctrl Pts',(8.23915357100731,10.1841596357617,-43.3751828611172));
#9043=CARTESIAN_POINT('Ctrl Pts',(9.52840941769387,9.5372761472536,-43.5484488996885));
#9044=CARTESIAN_POINT('Ctrl Pts',(10.7679187856925,8.82461160651097,-43.7123264617315));
#9045=CARTESIAN_POINT('Ctrl Pts',(11.8190498983683,8.17903107084703,-43.8572331079629));
#9046=CARTESIAN_POINT('Ctrl Pts',(12.5945065237529,7.75463761331251,-43.9674009428073));
#9047=CARTESIAN_POINT('Ctrl Pts',(13.0591222545557,7.58150397203373,-44.));
#9048=CARTESIAN_POINT('Ctrl Pts',(13.3016979844279,7.5074144308596,-44.));
#9049=CARTESIAN_POINT('Ctrl Pts',(8.60595958685517,9.75589760745981,-43.1473148299326));
#9050=CARTESIAN_POINT('Ctrl Pts',(8.94119463891724,9.57323818297345,-43.2168364509823));
#9051=CARTESIAN_POINT('Ctrl Pts',(9.60684905741928,9.19335991869056,-43.3534305218376));
#9052=CARTESIAN_POINT('Ctrl Pts',(10.568889928634,8.60500651159416,-43.5467979810857));
#9053=CARTESIAN_POINT('Ctrl Pts',(11.4451944886274,8.06030153718341,-43.7219125931));
#9054=CARTESIAN_POINT('Ctrl Pts',(12.1756234271412,7.65714849162615,-43.8686283906541));
#9055=CARTESIAN_POINT('Ctrl Pts',(12.7740145811603,7.44107035900631,-43.9723124336552));
#9056=CARTESIAN_POINT('Ctrl Pts',(13.171742065296,7.36971713621802,-44.));
#9057=CARTESIAN_POINT('Ctrl Pts',(13.3721412636974,7.34639341766335,-44.));
#9058=CARTESIAN_POINT('Ctrl Pts',(10.243230836025,8.29663009749274,-43.1227850724481));
#9059=CARTESIAN_POINT('Ctrl Pts',(10.4573906063249,8.14993755499771,-43.2026815855994));
#9060=CARTESIAN_POINT('Ctrl Pts',(10.8774113495724,7.87022671952737,-43.3569594950651));
#9061=CARTESIAN_POINT('Ctrl Pts',(11.4717668539065,7.51814409767006,-43.5659874784801));
#9062=CARTESIAN_POINT('Ctrl Pts',(12.0144987722924,7.27120477156312,-43.7452175211048));
#9063=CARTESIAN_POINT('Ctrl Pts',(12.5027564280616,7.15302291117652,-43.8857104816915));
#9064=CARTESIAN_POINT('Ctrl Pts',(12.9772025228716,7.13659476969954,-43.9774776013718));
#9065=CARTESIAN_POINT('Ctrl Pts',(13.2923035094409,7.16664272595155,-44.));
#9066=CARTESIAN_POINT('Ctrl Pts',(13.4502682641649,7.18895765266182,-44.));
#9067=CARTESIAN_POINT('Ctrl Pts',(11.2141119958809,6.89164665415332,-43.1213203435596));
#9068=CARTESIAN_POINT('Ctrl Pts',(11.33532585073,6.84875983985214,-43.2090922257361));
#9069=CARTESIAN_POINT('Ctrl Pts',(11.5832215210874,6.77953967047163,-43.375368394901));
#9070=CARTESIAN_POINT('Ctrl Pts',(11.9632148806765,6.73553054689248,-43.5910989136449));
#9071=CARTESIAN_POINT('Ctrl Pts',(12.3455335448028,6.75462439410672,-43.7674351258716));
#9072=CARTESIAN_POINT('Ctrl Pts',(12.7284956658607,6.82992105532618,-43.8990258849145));
#9073=CARTESIAN_POINT('Ctrl Pts',(13.1142820758245,6.94494692484916,-43.9810639237197));
#9074=CARTESIAN_POINT('Ctrl Pts',(13.3742949916759,7.03678777062946,-44.));
#9075=CARTESIAN_POINT('Ctrl Pts',(13.5042315707148,7.08531162918973,-44.));
#9076=CARTESIAN_POINT('Ctrl Pts',(11.6489430686243,6.05510981778048,-43.1213203435596));
#9077=CARTESIAN_POINT('Ctrl Pts',(11.7310706634547,6.09779966550648,-43.2138804047713));
#9078=CARTESIAN_POINT('Ctrl Pts',(11.9060912249275,6.18877519125545,-43.3868666091039));
#9079=CARTESIAN_POINT('Ctrl Pts',(12.1964279664315,6.33969196057833,-43.6055063862216));
#9080=CARTESIAN_POINT('Ctrl Pts',(12.5096024055997,6.5024797439947,-43.7795651141294));
#9081=CARTESIAN_POINT('Ctrl Pts',(12.8402561195406,6.67435323824864,-43.9060647424638));
#9082=CARTESIAN_POINT('Ctrl Pts',(13.1827316766564,6.85237171563537,-43.9828407892185));
#9083=CARTESIAN_POINT('Ctrl Pts',(13.4150229363077,6.97311649725319,-44.));
#9084=CARTESIAN_POINT('Ctrl Pts',(13.531168894762,7.03348905888295,-44.));
#9085=CARTESIAN_POINT('',(11.6489430686243,6.05510981778048,-43.1213203435596));
#9086=CARTESIAN_POINT('Ctrl Pts',(-1.39346326716652E-5,12.1497385612887,
-44.));
#9087=CARTESIAN_POINT('Ctrl Pts',(0.206924783912442,12.137302547007,-43.9637001746905));
#9088=CARTESIAN_POINT('Ctrl Pts',(0.614390088142973,12.1085952254039,-43.8911000548451));
#9089=CARTESIAN_POINT('Ctrl Pts',(1.23107609226365,12.0546844428413,-43.7825150213633));
#9090=CARTESIAN_POINT('Ctrl Pts',(1.87998679299061,11.9877481009077,-43.6746460093011));
#9091=CARTESIAN_POINT('Ctrl Pts',(2.59260340990093,11.9006943008884,-43.5681199809551));
#9092=CARTESIAN_POINT('Ctrl Pts',(3.40832806320312,11.7774678789888,-43.4640604545097));
#9093=CARTESIAN_POINT('Ctrl Pts',(4.37715368418556,11.5854226741742,-43.3646118705468));
#9094=CARTESIAN_POINT('Ctrl Pts',(5.55597558357381,11.2623098224171,-43.2738433122824));
#9095=CARTESIAN_POINT('Ctrl Pts',(6.98250462433492,10.7014644886392,-43.1985961026024));
#9096=CARTESIAN_POINT('Ctrl Pts',(8.60595958685517,9.75589760745981,-43.1473148299326));
#9097=CARTESIAN_POINT('Ctrl Pts',(10.243230836025,8.29663009749274,-43.1227850724481));
#9098=CARTESIAN_POINT('Ctrl Pts',(11.2141119958809,6.89164665415332,-43.1213203435596));
#9099=CARTESIAN_POINT('Ctrl Pts',(11.6489430686243,6.05510981778048,-43.1213203435596));
#9100=CARTESIAN_POINT('',(13.531168894762,7.03348905888295,-44.));
#9101=CARTESIAN_POINT('Origin',(13.531168894762,7.03348905888295,-41.));
#9102=CARTESIAN_POINT('Ctrl Pts',(13.531168894762,7.03348905888295,-44.));
#9103=CARTESIAN_POINT('Ctrl Pts',(13.5158233782193,7.06301107482389,-44.));
#9104=CARTESIAN_POINT('Ctrl Pts',(13.500473200572,7.09253314013113,-44.));
#9105=CARTESIAN_POINT('Ctrl Pts',(13.4851927568922,7.12211610085034,-44.));
#9106=CARTESIAN_POINT('Ctrl Pts',(13.4681590109904,7.15509345716741,-44.));
#9107=CARTESIAN_POINT('Ctrl Pts',(13.4512126556478,7.18814697405041,-44.));
#9108=CARTESIAN_POINT('Ctrl Pts',(13.434521198806,7.22135620126716,-44.));
#9109=CARTESIAN_POINT('Ctrl Pts',(13.4132054314455,7.26376593028493,-44.));
#9110=CARTESIAN_POINT('Ctrl Pts',(13.3923076521102,7.30643182354123,-44.));
#9111=CARTESIAN_POINT('Ctrl Pts',(13.3722570924941,7.34948983787512,-44.));
#9112=CARTESIAN_POINT('Ctrl Pts',(13.35580062631,7.3848296373822,-44.));
#9113=CARTESIAN_POINT('Ctrl Pts',(13.3399184728771,7.42043340170275,-44.));
#9114=CARTESIAN_POINT('Ctrl Pts',(13.3248445636226,7.45634872553986,-44.));
#9115=CARTESIAN_POINT('Ctrl Pts',(13.3116563709444,7.48777111258404,-44.));
#9116=CARTESIAN_POINT('Ctrl Pts',(13.2990878974983,7.51943185369678,-44.));
#9117=CARTESIAN_POINT('Ctrl Pts',(13.2872674688082,7.55134136623423,-44.));
#9118=CARTESIAN_POINT('Ctrl Pts',(13.2752710362396,7.58372600519188,-44.));
#9119=CARTESIAN_POINT('Ctrl Pts',(13.2640464381965,7.61636718185919,-44.));
#9120=CARTESIAN_POINT('Ctrl Pts',(13.2536776228126,7.64924985296188,-44.));
#9121=CARTESIAN_POINT('Ctrl Pts',(13.2378431589249,7.69946575987415,-44.));
#9122=CARTESIAN_POINT('Ctrl Pts',(13.2239960621872,7.75024340967566,-44.));
#9123=CARTESIAN_POINT('Ctrl Pts',(13.212368763507,7.80147755637941,-44.));
#9124=CARTESIAN_POINT('Ctrl Pts',(13.2017658581177,7.8481978501587,-44.));
#9125=CARTESIAN_POINT('Ctrl Pts',(13.1930099099981,7.89529776220462,-44.));
#9126=CARTESIAN_POINT('Ctrl Pts',(13.1862571658832,7.94266576401323,-44.));
#9127=CARTESIAN_POINT('Ctrl Pts',(13.1799364673694,7.98700312576465,-44.));
#9128=CARTESIAN_POINT('Ctrl Pts',(13.1753714613073,8.03157539607091,-44.));
#9129=CARTESIAN_POINT('Ctrl Pts',(13.1726606213934,8.07626160424043,-44.));
#9130=CARTESIAN_POINT('Ctrl Pts',(13.1700742981434,8.11889524651361,-44.));
#9131=CARTESIAN_POINT('Ctrl Pts',(13.169176170417,8.16163265045867,-44.));
#9132=CARTESIAN_POINT('Ctrl Pts',(13.1700163103898,8.20434034903302,-44.));
#9133=CARTESIAN_POINT('Ctrl Pts',(13.1710267831696,8.25570675022137,-44.));
#9134=CARTESIAN_POINT('Ctrl Pts',(13.1745523432175,8.30702916192685,-44.));
#9135=CARTESIAN_POINT('Ctrl Pts',(13.1806050708461,8.358026608584,-44.));
#9136=CARTESIAN_POINT('Ctrl Pts',(13.1872761981105,8.41423440078706,-44.));
#9137=CARTESIAN_POINT('Ctrl Pts',(13.1970171226187,8.47004629039115,-44.));
#9138=CARTESIAN_POINT('Ctrl Pts',(13.2097952090663,8.5250893772004,-44.));
#9139=CARTESIAN_POINT('Ctrl Pts',(13.2222535052138,8.57875493026695,-44.));
#9140=CARTESIAN_POINT('Ctrl Pts',(13.2375991058263,8.63169002863274,-44.));
#9141=CARTESIAN_POINT('Ctrl Pts',(13.255752732114,8.68355219828491,-44.));
#9142=CARTESIAN_POINT('Ctrl Pts',(13.2733266918661,8.73375834815682,-44.));
#9143=CARTESIAN_POINT('Ctrl Pts',(13.2935323454999,8.78295927479486,-44.));
#9144=CARTESIAN_POINT('Ctrl Pts',(13.3162485174237,8.83084271309906,-44.));
#9145=CARTESIAN_POINT('Ctrl Pts',(13.3208565943566,8.84055608242291,-44.));
#9146=CARTESIAN_POINT('Ctrl Pts',(13.3255678084885,8.85021522416035,-44.));
#9147=CARTESIAN_POINT('Ctrl Pts',(13.3303808827937,8.85981750805153,-44.));
#9148=CARTESIAN_POINT('Ctrl Pts',(-1.39346326716652E-5,12.1497385612887,
-44.));
#9149=CARTESIAN_POINT('Ctrl Pts',(0.206924783912442,12.137302547007,-43.9637001746905));
#9150=CARTESIAN_POINT('Ctrl Pts',(0.614390088142973,12.1085952254039,-43.8911000548451));
#9151=CARTESIAN_POINT('Ctrl Pts',(1.23107609226365,12.0546844428413,-43.7825150213633));
#9152=CARTESIAN_POINT('Ctrl Pts',(1.87998679299061,11.9877481009077,-43.6746460093011));
#9153=CARTESIAN_POINT('Ctrl Pts',(2.59260340990093,11.9006943008884,-43.5681199809551));
#9154=CARTESIAN_POINT('Ctrl Pts',(3.40832806320312,11.7774678789888,-43.4640604545097));
#9155=CARTESIAN_POINT('Ctrl Pts',(4.37715368418556,11.5854226741742,-43.3646118705468));
#9156=CARTESIAN_POINT('Ctrl Pts',(5.55597558357381,11.2623098224171,-43.2738433122824));
#9157=CARTESIAN_POINT('Ctrl Pts',(6.98250462433492,10.7014644886392,-43.1985961026024));
#9158=CARTESIAN_POINT('Ctrl Pts',(8.60595958685517,9.75589760745981,-43.1473148299326));
#9159=CARTESIAN_POINT('Ctrl Pts',(10.243230836025,8.29663009749274,-43.1227850724481));
#9160=CARTESIAN_POINT('Ctrl Pts',(11.2141119958809,6.89164665415332,-43.1213203435596));
#9161=CARTESIAN_POINT('Ctrl Pts',(11.6489430686243,6.05510981778048,-43.1213203435596));
#9162=CARTESIAN_POINT('Ctrl Pts',(-2.29532001682551E-5,12.1174981532435,
-43.9058845403485));
#9163=CARTESIAN_POINT('Ctrl Pts',(0.199389088412325,12.1049641690967,-43.8716013720007));
#9164=CARTESIAN_POINT('Ctrl Pts',(0.595105035005588,12.0766753077036,-43.8026635725703));
#9165=CARTESIAN_POINT('Ctrl Pts',(1.20150876451028,12.0248524805868,-43.6985463146641));
#9166=CARTESIAN_POINT('Ctrl Pts',(1.84562353206053,11.9610556020758,-43.5941813275484));
#9167=CARTESIAN_POINT('Ctrl Pts',(2.55756284373021,11.8776115525779,-43.4902611122305));
#9168=CARTESIAN_POINT('Ctrl Pts',(3.37548462825245,11.7575412710577,-43.3880230318573));
#9169=CARTESIAN_POINT('Ctrl Pts',(4.34736698227445,11.5669229716561,-43.2898157663363));
#9170=CARTESIAN_POINT('Ctrl Pts',(5.52546708446774,11.242581720607,-43.1999528097683));
#9171=CARTESIAN_POINT('Ctrl Pts',(6.93896310719251,10.6798137658671,-43.1251811444572));
#9172=CARTESIAN_POINT('Ctrl Pts',(8.53321053908879,9.73894668049887,-43.0726141558313));
#9173=CARTESIAN_POINT('Ctrl Pts',(10.1477457364012,8.28854949894486,-43.0425343048352));
#9174=CARTESIAN_POINT('Ctrl Pts',(11.1270616966104,6.86880892737542,-43.0335484613832));
#9175=CARTESIAN_POINT('Ctrl Pts',(11.5668154737938,6.01241997005447,-43.028760282348));
#9176=CARTESIAN_POINT('Ctrl Pts',(1.77363492554504E-6,12.0466367497438,
-43.7176994950048));
#9177=CARTESIAN_POINT('Ctrl Pts',(0.188328759929754,12.0350021552421,-43.6859133802521));
#9178=CARTESIAN_POINT('Ctrl Pts',(0.566930470672552,12.009518474182,-43.6215491991802));
#9179=CARTESIAN_POINT('Ctrl Pts',(1.15957871525846,11.9642539803267,-43.5230285249979));
#9180=CARTESIAN_POINT('Ctrl Pts',(1.79939242419459,11.9084773530379,-43.4230268395562));
#9181=CARTESIAN_POINT('Ctrl Pts',(2.51440235388593,11.8330721817779,-43.3223613144616));
#9182=CARTESIAN_POINT('Ctrl Pts',(3.3401654322817,11.7188381330168,-43.2225612087439));
#9183=CARTESIAN_POINT('Ctrl Pts',(4.31936005863895,11.5291072763041,-43.1264494681845));
#9184=CARTESIAN_POINT('Ctrl Pts',(5.49308265752562,11.1995486193812,-43.0387122208815));
#9185=CARTESIAN_POINT('Ctrl Pts',(6.87426795371046,10.6311158081669,-42.9653504893298));
#9186=CARTESIAN_POINT('Ctrl Pts',(8.40826495597558,9.69715740315699,-42.9101538972627));
#9187=CARTESIAN_POINT('Ctrl Pts',(9.97936713045677,8.25765089058924,-42.8689627185214));
#9188=CARTESIAN_POINT('Ctrl Pts',(10.9681126836976,6.81407853152743,-42.8455183708984));
#9189=CARTESIAN_POINT('Ctrl Pts',(11.413326585447,5.93263658805375,-42.8315072894086));
#9190=CARTESIAN_POINT('Ctrl Pts',(2.38787024529297E-5,11.9452669116698,
-43.3983293122384));
#9191=CARTESIAN_POINT('Ctrl Pts',(0.181779970672788,11.9380950835521,-43.3675923801097));
#9192=CARTESIAN_POINT('Ctrl Pts',(0.552415491081398,11.9224789799176,-43.3052486271886));
#9193=CARTESIAN_POINT('Ctrl Pts',(1.14576120309576,11.8935675069267,-43.2095153899043));
#9194=CARTESIAN_POINT('Ctrl Pts',(1.79623293543481,11.853552611828,-43.1122532233976));
#9195=CARTESIAN_POINT('Ctrl Pts',(2.52849219018912,11.7900390639964,-43.0147313057492));
#9196=CARTESIAN_POINT('Ctrl Pts',(3.37231663647631,11.6796030451464,-42.9191403921041));
#9197=CARTESIAN_POINT('Ctrl Pts',(4.35986952006579,11.4819526062412,-42.8288447056106));
#9198=CARTESIAN_POINT('Ctrl Pts',(5.51632061088754,11.1334895627088,-42.7480456351891));
#9199=CARTESIAN_POINT('Ctrl Pts',(6.84196295852368,10.5442728284645,-42.6798489685487));
#9200=CARTESIAN_POINT('Ctrl Pts',(8.29707234166411,9.59878071266066,-42.6227343809403));
#9201=CARTESIAN_POINT('Ctrl Pts',(9.81102605511113,8.14907426399176,-42.5687347594776));
#9202=CARTESIAN_POINT('Ctrl Pts',(10.7846188436848,6.699341128266,-42.5286517060916));
#9203=CARTESIAN_POINT('Ctrl Pts',(11.2193297492967,5.83179721230329,-42.504289785705));
#9204=CARTESIAN_POINT('Ctrl Pts',(-3.23341023482551E-6,11.8903456166986,
-42.9971405869121));
#9205=CARTESIAN_POINT('Ctrl Pts',(0.185737689591303,11.8906798131457,-42.9665762629934));
#9206=CARTESIAN_POINT('Ctrl Pts',(0.567519894660326,11.8903147565548,-42.9049172493846));
#9207=CARTESIAN_POINT('Ctrl Pts',(1.18482044948767,11.8823699384402,-42.8116445910742));
#9208=CARTESIAN_POINT('Ctrl Pts',(1.86403388591559,11.8575438985884,-42.7189301013277));
#9209=CARTESIAN_POINT('Ctrl Pts',(2.62605378951826,11.7985572025614,-42.6287833162651));
#9210=CARTESIAN_POINT('Ctrl Pts',(3.49431745868829,11.6771147865289,-42.5438738007027));
#9211=CARTESIAN_POINT('Ctrl Pts',(4.49140436113374,11.4500931122795,-42.4671391208323));
#9212=CARTESIAN_POINT('Ctrl Pts',(5.63185341638531,11.0560452092885,-42.4005631780247));
#9213=CARTESIAN_POINT('Ctrl Pts',(6.91190236535904,10.4139776696811,-42.3430851821958));
#9214=CARTESIAN_POINT('Ctrl Pts',(8.30319867379919,9.42143882484965,-42.2889331205449));
#9215=CARTESIAN_POINT('Ctrl Pts',(9.7455274782217,7.95137780508586,-42.2297546269828));
#9216=CARTESIAN_POINT('Ctrl Pts',(10.6617868858047,6.55331583980552,-42.1806179499351));
#9217=CARTESIAN_POINT('Ctrl Pts',(11.0648892217604,5.75151916913331,-42.1513335677715));
#9218=CARTESIAN_POINT('Ctrl Pts',(9.87151435338603E-6,11.9717939527889,
-42.455091572712));
#9219=CARTESIAN_POINT('Ctrl Pts',(0.201567880610457,11.9822473717572,-42.4263248147106));
#9220=CARTESIAN_POINT('Ctrl Pts',(0.617454416000595,11.9988929420106,-42.3697246804923));
#9221=CARTESIAN_POINT('Ctrl Pts',(1.29258008996814,12.0016848611759,-42.2890172128338));
#9222=CARTESIAN_POINT('Ctrl Pts',(2.03355753007713,11.9673311874922,-42.2140932227928));
#9223=CARTESIAN_POINT('Ctrl Pts',(2.8559479223476,11.8738323303688,-42.1465927423203));
#9224=CARTESIAN_POINT('Ctrl Pts',(3.77486966983276,11.6905535584845,-42.087811492278));
#9225=CARTESIAN_POINT('Ctrl Pts',(4.80181086260052,11.3768629927925,-42.0379264847216));
#9226=CARTESIAN_POINT('Ctrl Pts',(5.93942486233421,10.8817050937513,-41.9949663892974));
#9227=CARTESIAN_POINT('Ctrl Pts',(7.17585440716201,10.1442414526082,-41.9542973249068));
#9228=CARTESIAN_POINT('Ctrl Pts',(8.47998735483198,9.0931445931071,-41.9095959085348));
#9229=CARTESIAN_POINT('Ctrl Pts',(9.7910792621152,7.65099507044378,-41.8548341850089));
#9230=CARTESIAN_POINT('Ctrl Pts',(10.6002890805925,6.38631168630699,-41.8060918264474));
#9231=CARTESIAN_POINT('Ctrl Pts',(10.9526473964413,5.69317597229114,-41.7786777257805));
#9232=CARTESIAN_POINT('Ctrl Pts',(-2.86840259739726E-6,12.2485872163213,
-41.7353029133208));
#9233=CARTESIAN_POINT('Ctrl Pts',(0.250680471467582,12.2513116304322,-41.7193234926258));
#9234=CARTESIAN_POINT('Ctrl Pts',(0.770135433488751,12.2436272597646,-41.6897092620852));
#9235=CARTESIAN_POINT('Ctrl Pts',(1.60321563613823,12.1800848012011,-41.6523630549858));
#9236=CARTESIAN_POINT('Ctrl Pts',(2.49084402268654,12.0490546316863,-41.6219002931456));
#9237=CARTESIAN_POINT('Ctrl Pts',(3.43357981806588,11.832072996613,-41.5976095636879));
#9238=CARTESIAN_POINT('Ctrl Pts',(4.43086192618839,11.5078413515923,-41.5779348076678));
#9239=CARTESIAN_POINT('Ctrl Pts',(5.47987916535098,11.0520077246915,-41.5602976390661));
#9240=CARTESIAN_POINT('Ctrl Pts',(6.57427714079366,10.4361930273015,-41.5413148016363));
#9241=CARTESIAN_POINT('Ctrl Pts',(7.70188003480944,9.62634903959513,-41.5175156153477));
#9242=CARTESIAN_POINT('Ctrl Pts',(8.83981179293425,8.58313496282502,-41.4857878141271));
#9243=CARTESIAN_POINT('Ctrl Pts',(9.9443842114613,7.27011792476773,-41.4437798929254));
#9244=CARTESIAN_POINT('Ctrl Pts',(10.596431117417,6.21585896640843,-41.4107361369193));
#9245=CARTESIAN_POINT('Ctrl Pts',(10.8845247960669,5.65776590771191,-41.3926983409517));
#9246=CARTESIAN_POINT('Ctrl Pts',(2.70855725543508E-15,12.25,-41.2617993877991));
#9247=CARTESIAN_POINT('Ctrl Pts',(0.341463561025221,12.25,-41.2561896871197));
#9248=CARTESIAN_POINT('Ctrl Pts',(1.03608201736097,12.2226999595784,-41.2464593007967));
#9249=CARTESIAN_POINT('Ctrl Pts',(2.08981107180684,12.0916116190514,-41.2353732640365));
#9250=CARTESIAN_POINT('Ctrl Pts',(3.13875023113583,11.8666658019985,-41.2266916332727));
#9251=CARTESIAN_POINT('Ctrl Pts',(4.17440394920897,11.5458822036706,-41.2192390865392));
#9252=CARTESIAN_POINT('Ctrl Pts',(5.19596576865479,11.1251271167875,-41.2118654662427));
#9253=CARTESIAN_POINT('Ctrl Pts',(6.20752171004982,10.5947308993185,-41.2035627959493));
#9254=CARTESIAN_POINT('Ctrl Pts',(7.21304601166967,9.93795804051302,-41.1935758457081));
#9255=CARTESIAN_POINT('Ctrl Pts',(8.20988379647931,9.1324446083985,-41.1814608462778));
#9256=CARTESIAN_POINT('Ctrl Pts',(9.18193269943374,8.1557190762187,-41.1670552190179));
#9257=CARTESIAN_POINT('Ctrl Pts',(10.0949656599663,6.99594486178913,-41.1503542163053));
#9258=CARTESIAN_POINT('Ctrl Pts',(10.6298549558691,6.11050033710279,-41.1376712016302));
#9259=CARTESIAN_POINT('Ctrl Pts',(10.8692996039891,5.64985186697155,-41.1308996938996));
#9260=CARTESIAN_POINT('Ctrl Pts',(2.5954931800532E-15,12.25,-41.));
#9261=CARTESIAN_POINT('Ctrl Pts',(0.417182123841102,12.25,-41.));
#9262=CARTESIAN_POINT('Ctrl Pts',(1.2507897899367,12.2069195785557,-41.));
#9263=CARTESIAN_POINT('Ctrl Pts',(2.45416203135601,12.0214537807563,-41.));
#9264=CARTESIAN_POINT('Ctrl Pts',(3.59054124409783,11.7308284354986,-41.));
#9265=CARTESIAN_POINT('Ctrl Pts',(4.65910481271761,11.3478766736697,-41.));
#9266=CARTESIAN_POINT('Ctrl Pts',(5.67081547135047,10.8774008702887,-41.));
#9267=CARTESIAN_POINT('Ctrl Pts',(6.64075017095093,10.3145826317952,-41.));
#9268=CARTESIAN_POINT('Ctrl Pts',(7.58091647958656,9.64644293480936,-41.));
#9269=CARTESIAN_POINT('Ctrl Pts',(8.49411537959378,8.85578743823168,-41.));
#9270=CARTESIAN_POINT('Ctrl Pts',(9.36956884142985,7.92754011789587,-41.));
#9271=CARTESIAN_POINT('Ctrl Pts',(10.1816051713143,6.85745077264306,-41.));
#9272=CARTESIAN_POINT('Ctrl Pts',(10.6556798799292,6.0608178244513,-41.));
#9273=CARTESIAN_POINT('Ctrl Pts',(10.8692996039891,5.64985186697155,-41.));
#9274=CARTESIAN_POINT('',(2.59549413148919E-15,12.25,-41.));
#9275=CARTESIAN_POINT('Ctrl Pts',(-1.39346326716652E-5,12.1497385612887,
-44.));
#9276=CARTESIAN_POINT('Ctrl Pts',(-2.29532001682551E-5,12.1174981532435,
-43.9058845403485));
#9277=CARTESIAN_POINT('Ctrl Pts',(1.77363492554504E-6,12.0466367497438,
-43.7176994950048));
#9278=CARTESIAN_POINT('Ctrl Pts',(2.38787024529297E-5,11.9452669116698,
-43.3983293122384));
#9279=CARTESIAN_POINT('Ctrl Pts',(-3.23341023482551E-6,11.8903456166986,
-42.9971405869121));
#9280=CARTESIAN_POINT('Ctrl Pts',(9.87151435338603E-6,11.9717939527889,
-42.455091572712));
#9281=CARTESIAN_POINT('Ctrl Pts',(-2.86840259739726E-6,12.2485872163213,
-41.7353029133208));
#9282=CARTESIAN_POINT('Ctrl Pts',(2.70855725543508E-15,12.25,-41.2617993877991));
#9283=CARTESIAN_POINT('Ctrl Pts',(2.5954931800532E-15,12.25,-41.));
#9284=CARTESIAN_POINT('',(10.8692996039891,5.64985186697155,-41.));
#9285=CARTESIAN_POINT('Ctrl Pts',(2.97054221372807E-15,12.25,-41.));
#9286=CARTESIAN_POINT('Ctrl Pts',(0.130977562467095,12.25,-41.));
#9287=CARTESIAN_POINT('Ctrl Pts',(0.261951468869212,12.2478969310937,-41.));
#9288=CARTESIAN_POINT('Ctrl Pts',(0.392642865335606,12.2437057944195,-41.));
#9289=CARTESIAN_POINT('Ctrl Pts',(0.531651793249189,12.2392479231933,-41.));
#9290=CARTESIAN_POINT('Ctrl Pts',(0.670340639821885,12.2324280049796,-41.));
#9291=CARTESIAN_POINT('Ctrl Pts',(0.808427791654297,12.2232951574312,-41.));
#9292=CARTESIAN_POINT('Ctrl Pts',(0.945485491327982,12.2142303960842,-41.));
#9293=CARTESIAN_POINT('Ctrl Pts',(1.08195063415262,12.2028876629178,-41.));
#9294=CARTESIAN_POINT('Ctrl Pts',(1.21760048498944,12.1893375151791,-41.));
#9295=CARTESIAN_POINT('Ctrl Pts',(1.35635152523928,12.1754775877064,-41.));
#9296=CARTESIAN_POINT('Ctrl Pts',(1.49424957005395,12.1593086639703,-41.));
#9297=CARTESIAN_POINT('Ctrl Pts',(1.63111038128476,12.1409216669932,-41.));
#9298=CARTESIAN_POINT('Ctrl Pts',(1.77122018633747,12.1220981737025,-41.));
#9299=CARTESIAN_POINT('Ctrl Pts',(1.91024299612442,12.1009505734578,-41.));
#9300=CARTESIAN_POINT('Ctrl Pts',(2.04803671426916,12.0775844280636,-41.));
#9301=CARTESIAN_POINT('Ctrl Pts',(2.18923036096236,12.0536417453218,-41.));
#9302=CARTESIAN_POINT('Ctrl Pts',(2.3291336635805,12.0273702271671,-41.));
#9303=CARTESIAN_POINT('Ctrl Pts',(2.46764976065512,11.9988834755047,-41.));
#9304=CARTESIAN_POINT('Ctrl Pts',(2.60973399906899,11.9696629119722,-41.));
#9305=CARTESIAN_POINT('Ctrl Pts',(2.75035888283822,11.9381120595979,-41.));
#9306=CARTESIAN_POINT('Ctrl Pts',(2.88947512179134,11.9043451529494,-41.));
#9307=CARTESIAN_POINT('Ctrl Pts',(3.03235572137393,11.869664544098,-41.));
#9308=CARTESIAN_POINT('Ctrl Pts',(3.17364526809917,11.8326468595269,-41.));
#9309=CARTESIAN_POINT('Ctrl Pts',(3.31334344187923,11.7933987991654,-41.));
#9310=CARTESIAN_POINT('Ctrl Pts',(3.4570290413863,11.7530304755865,-41.));
#9311=CARTESIAN_POINT('Ctrl Pts',(3.59903158482859,11.7103031379792,-41.));
#9312=CARTESIAN_POINT('Ctrl Pts',(3.73939996271414,11.665307022057,-41.));
#9313=CARTESIAN_POINT('Ctrl Pts',(3.88397577484367,11.6189621821429,-41.));
#9314=CARTESIAN_POINT('Ctrl Pts',(4.02681858466197,11.5702109717605,-41.));
#9315=CARTESIAN_POINT('Ctrl Pts',(4.16802515202004,11.5191174285241,-41.));
#9316=CARTESIAN_POINT('Ctrl Pts',(4.31356377529532,11.4664563938428,-41.));
#9317=CARTESIAN_POINT('Ctrl Pts',(4.45736498284392,11.411307479317,-41.));
#9318=CARTESIAN_POINT('Ctrl Pts',(4.59956953578533,11.3536980797217,-41.));
#9319=CARTESIAN_POINT('Ctrl Pts',(4.75269275487758,11.2916653491688,-41.));
#9320=CARTESIAN_POINT('Ctrl Pts',(4.90396564842369,11.2267804858777,-41.));
#9321=CARTESIAN_POINT('Ctrl Pts',(5.05359064759393,11.1590197403962,-41.));
#9322=CARTESIAN_POINT('Ctrl Pts',(5.20117320243648,11.0921839576615,-41.));
#9323=CARTESIAN_POINT('Ctrl Pts',(5.34715384040971,11.0225499363456,-41.));
#9324=CARTESIAN_POINT('Ctrl Pts',(5.49173415876373,10.9500390834676,-41.));
#9325=CARTESIAN_POINT('Ctrl Pts',(5.63656008190319,10.877405053295,-41.));
#9326=CARTESIAN_POINT('Ctrl Pts',(5.77998212459463,10.8018840235587,-41.));
#9327=CARTESIAN_POINT('Ctrl Pts',(5.92219171483751,10.7233458068231,-41.));
#9328=CARTESIAN_POINT('Ctrl Pts',(6.06245016846642,10.6458851460386,-41.));
#9329=CARTESIAN_POINT('Ctrl Pts',(6.20153021708293,10.5654888678318,-41.));
#9330=CARTESIAN_POINT('Ctrl Pts',(6.3395883023742,10.4819902764885,-41.));
#9331=CARTESIAN_POINT('Ctrl Pts',(6.47429286926012,10.4005199188579,-41.));
#9332=CARTESIAN_POINT('Ctrl Pts',(6.6080252349283,10.3160953564871,-41.));
#9333=CARTESIAN_POINT('Ctrl Pts',(6.74089215967077,10.2285322941119,-41.));
#9334=CARTESIAN_POINT('Ctrl Pts',(6.86992929988294,10.1434931680915,-41.));
#9335=CARTESIAN_POINT('Ctrl Pts',(6.99815062170474,10.0554930840483,-41.));
#9336=CARTESIAN_POINT('Ctrl Pts',(7.12560875494437,9.96434643473721,-41.));
#9337=CARTESIAN_POINT('Ctrl Pts',(7.24931773149089,9.87588084674118,-41.));
#9338=CARTESIAN_POINT('Ctrl Pts',(7.37230800147379,9.78445034680332,-41.));
#9339=CARTESIAN_POINT('Ctrl Pts',(7.49457956129349,9.68988014370879,-41.));
#9340=CARTESIAN_POINT('Ctrl Pts',(7.61339788064508,9.59798082870046,-41.));
#9341=CARTESIAN_POINT('Ctrl Pts',(7.73153760208318,9.50311597180667,-41.));
#9342=CARTESIAN_POINT('Ctrl Pts',(7.84895021503764,9.40513054252096,-41.));
#9343=CARTESIAN_POINT('Ctrl Pts',(7.96324266052002,9.30974901533318,-41.));
#9344=CARTESIAN_POINT('Ctrl Pts',(8.07684609718189,9.21140994115275,-41.));
#9345=CARTESIAN_POINT('Ctrl Pts',(8.18966875353971,9.10998494550322,-41.));
#9346=CARTESIAN_POINT('Ctrl Pts',(8.29967210499229,9.01109444068185,-41.));
#9347=CARTESIAN_POINT('Ctrl Pts',(8.40893307899644,8.9092697415216,-41.));
#9348=CARTESIAN_POINT('Ctrl Pts',(8.51732249676526,8.80441465891381,-41.));
#9349=CARTESIAN_POINT('Ctrl Pts',(8.62772346616926,8.69761361684597,-41.));
#9350=CARTESIAN_POINT('Ctrl Pts',(8.73722030719537,8.58766781815971,-41.));
#9351=CARTESIAN_POINT('Ctrl Pts',(8.84563007487522,8.47451052146748,-41.));
#9352=CARTESIAN_POINT('Ctrl Pts',(8.94598274276981,8.36976316467635,-41.));
#9353=CARTESIAN_POINT('Ctrl Pts',(9.04540330169901,8.2622637908558,-41.));
#9354=CARTESIAN_POINT('Ctrl Pts',(9.14371233118875,8.15199514256889,-41.));
#9355=CARTESIAN_POINT('Ctrl Pts',(9.24001576583633,8.04397607637433,-41.));
#9356=CARTESIAN_POINT('Ctrl Pts',(9.33525223938498,7.93329918237613,-41.));
#9357=CARTESIAN_POINT('Ctrl Pts',(9.42922508262251,7.81998812922645,-41.));
#9358=CARTESIAN_POINT('Ctrl Pts',(9.52131981890958,7.70894166943323,-41.));
#9359=CARTESIAN_POINT('Ctrl Pts',(9.61220056265898,7.59536495380765,-41.));
#9360=CARTESIAN_POINT('Ctrl Pts',(9.70166006998905,7.47932429343588,-41.));
#9361=CARTESIAN_POINT('Ctrl Pts',(9.78936642621115,7.36555769893335,-41.));
#9362=CARTESIAN_POINT('Ctrl Pts',(9.87570630656655,7.24942251060173,-41.));
#9363=CARTESIAN_POINT('Ctrl Pts',(9.96046853229005,7.13102844036256,-41.));
#9364=CARTESIAN_POINT('Ctrl Pts',(10.0433476059466,7.01526471679231,-41.));
#9365=CARTESIAN_POINT('Ctrl Pts',(10.1247179308589,6.89734118035881,-41.));
#9366=CARTESIAN_POINT('Ctrl Pts',(10.2043727324602,6.77740932340831,-41.));
#9367=CARTESIAN_POINT('Ctrl Pts',(10.2821822427527,6.66025582016453,-41.));
#9368=CARTESIAN_POINT('Ctrl Pts',(10.3583543826657,6.54118585681908,-41.));
#9369=CARTESIAN_POINT('Ctrl Pts',(10.4326934266305,6.42039000886556,-41.));
#9370=CARTESIAN_POINT('Ctrl Pts',(10.5096769518011,6.29529706032234,-41.));
#9371=CARTESIAN_POINT('Ctrl Pts',(10.5846941294563,6.16835261195998,-41.));
#9372=CARTESIAN_POINT('Ctrl Pts',(10.6575313371361,6.03982829209262,-41.));
#9373=CARTESIAN_POINT('Ctrl Pts',(10.7254092025355,5.9200549404992,-41.));
#9374=CARTESIAN_POINT('Ctrl Pts',(10.7913935200861,5.79890994885558,-41.));
#9375=CARTESIAN_POINT('Ctrl Pts',(10.8553205454994,5.67666414846426,-41.));
#9376=CARTESIAN_POINT('Ctrl Pts',(10.8599912286171,5.6677325363267,-41.));
#9377=CARTESIAN_POINT('Ctrl Pts',(10.8646509351374,5.65879507038619,-41.));
#9378=CARTESIAN_POINT('Ctrl Pts',(10.8692996039891,5.64985186697155,-41.));
#9379=CARTESIAN_POINT('Origin',(13.531168894762,7.03348905888295,-41.));
#9380=CARTESIAN_POINT('Ctrl Pts',(-1.39346326716652E-5,12.1497385612887,
-44.));
#9381=CARTESIAN_POINT('Ctrl Pts',(-2.29532001682551E-5,12.1174981532435,
-43.9058845403485));
#9382=CARTESIAN_POINT('Ctrl Pts',(1.77363492554504E-6,12.0466367497438,
-43.7176994950048));
#9383=CARTESIAN_POINT('Ctrl Pts',(2.38787024529297E-5,11.9452669116698,
-43.3983293122384));
#9384=CARTESIAN_POINT('Ctrl Pts',(-3.23341023482551E-6,11.8903456166986,
-42.9971405869121));
#9385=CARTESIAN_POINT('Ctrl Pts',(9.87151435338603E-6,11.9717939527889,
-42.455091572712));
#9386=CARTESIAN_POINT('Ctrl Pts',(-2.86840259739726E-6,12.2485872163213,
-41.7353029133208));
#9387=CARTESIAN_POINT('Ctrl Pts',(2.70855725543508E-15,12.25,-41.2617993877991));
#9388=CARTESIAN_POINT('Ctrl Pts',(2.5954931800532E-15,12.25,-41.));
#9389=CARTESIAN_POINT('Ctrl Pts',(-0.206959610003494,12.1373046724901,-43.9637001746905));
#9390=CARTESIAN_POINT('Ctrl Pts',(-0.199433422862473,12.1049659142208,-43.8716013720007));
#9391=CARTESIAN_POINT('Ctrl Pts',(-0.188312448980928,12.0349970815156,-43.6859133802521));
#9392=CARTESIAN_POINT('Ctrl Pts',(-0.181736719262324,11.9380955574911,-43.3675923801097));
#9393=CARTESIAN_POINT('Ctrl Pts',(-0.185744107465467,11.8906840801023,-42.9665762629934));
#9394=CARTESIAN_POINT('Ctrl Pts',(-0.201548308223563,11.9822442364852,-42.4263248147106));
#9395=CARTESIAN_POINT('Ctrl Pts',(-0.25068629954905,12.2513125775022,-41.7193234926258));
#9396=CARTESIAN_POINT('Ctrl Pts',(-0.341463561025216,12.25,-41.2561896871197));
#9397=CARTESIAN_POINT('Ctrl Pts',(-0.417182123841097,12.25,-41.));
#9398=CARTESIAN_POINT('Ctrl Pts',(-0.614429139161446,12.1086005688793,-43.8911000548451));
#9399=CARTESIAN_POINT('Ctrl Pts',(-0.595135340490436,12.076674792002,-43.8026635725703));
#9400=CARTESIAN_POINT('Ctrl Pts',(-0.566893399918774,12.0095005692665,-43.6215491991802));
#9401=CARTESIAN_POINT('Ctrl Pts',(-0.552383407657987,11.9224867249599,-43.3052486271886));
#9402=CARTESIAN_POINT('Ctrl Pts',(-0.567523839976648,11.8903236527096,-42.9049172493846));
#9403=CARTESIAN_POINT('Ctrl Pts',(-0.617436338874412,11.9988846782293,-42.3697246804923));
#9404=CARTESIAN_POINT('Ctrl Pts',(-0.770141147879659,12.243629829966,-41.6897092620852));
#9405=CARTESIAN_POINT('Ctrl Pts',(-1.03608201736097,12.2226999595784,-41.2464593007967));
#9406=CARTESIAN_POINT('Ctrl Pts',(-1.25078978993671,12.2069195785557,-41.));
#9407=CARTESIAN_POINT('Ctrl Pts',(-1.23109315063971,12.0546755171616,-43.7825150213633));
#9408=CARTESIAN_POINT('Ctrl Pts',(-1.20150344407697,12.0248316982822,-43.6985463146641));
#9409=CARTESIAN_POINT('Ctrl Pts',(-1.15952925439077,11.9642312442176,-43.5230285249978));
#9410=CARTESIAN_POINT('Ctrl Pts',(-1.1457494352587,11.8935987465049,-43.2095153899043));
#9411=CARTESIAN_POINT('Ctrl Pts',(-1.18481305693333,11.8823699350088,-42.8116445910741));
#9412=CARTESIAN_POINT('Ctrl Pts',(-1.29256910631036,12.0016757227115,-42.2890172128338));
#9413=CARTESIAN_POINT('Ctrl Pts',(-1.60321957658769,12.1800878925386,-41.6523630549858));
#9414=CARTESIAN_POINT('Ctrl Pts',(-2.08981107180683,12.0916116190514,-41.2353732640365));
#9415=CARTESIAN_POINT('Ctrl Pts',(-2.45416203135599,12.0214537807563,-41.));
#9416=CARTESIAN_POINT('Ctrl Pts',(-1.87997245585471,11.987717535284,-43.6746460093011));
#9417=CARTESIAN_POINT('Ctrl Pts',(-1.84559163223587,11.9610226333052,-43.5941813275484));
#9418=CARTESIAN_POINT('Ctrl Pts',(-1.79935038435716,11.908476877384,-43.4230268395562));
#9419=CARTESIAN_POINT('Ctrl Pts',(-1.79623393972002,11.8536010646838,-43.1122532233976));
#9420=CARTESIAN_POINT('Ctrl Pts',(-1.86401354833814,11.8575239110406,-42.7189301013277));
#9421=CARTESIAN_POINT('Ctrl Pts',(-2.03355683117501,11.9673278935105,-42.2140932227927));
#9422=CARTESIAN_POINT('Ctrl Pts',(-2.49084471830316,12.0490561688883,-41.6219002931456));
#9423=CARTESIAN_POINT('Ctrl Pts',(-3.13875023113583,11.8666658019986,-41.2266916332727));
#9424=CARTESIAN_POINT('Ctrl Pts',(-3.59054124409783,11.7308284354986,-41.));
#9425=CARTESIAN_POINT('Ctrl Pts',(-2.59256851940312,11.9006624822017,-43.5681199809552));
#9426=CARTESIAN_POINT('Ctrl Pts',(-2.55752406068473,11.877595900824,-43.4902611122305));
#9427=CARTESIAN_POINT('Ctrl Pts',(-2.51438892983197,11.8331216360271,-43.3223613144616));
#9428=CARTESIAN_POINT('Ctrl Pts',(-2.5284820895526,11.7900704268014,-43.0147313057492));
#9429=CARTESIAN_POINT('Ctrl Pts',(-2.62603407066584,11.7985265419086,-42.6287833162652));
#9430=CARTESIAN_POINT('Ctrl Pts',(-2.85595463129174,11.8738356700571,-42.1465927423203));
#9431=CARTESIAN_POINT('Ctrl Pts',(-3.43357718950568,11.8320723842676,-41.5976095636879));
#9432=CARTESIAN_POINT('Ctrl Pts',(-4.17440394920897,11.5458822036706,-41.2192390865391));
#9433=CARTESIAN_POINT('Ctrl Pts',(-4.65910481271761,11.3478766736697,-41.));
#9434=CARTESIAN_POINT('Ctrl Pts',(-3.40829854048245,11.7774762783992,-43.4640604545097));
#9435=CARTESIAN_POINT('Ctrl Pts',(-3.37546551148119,11.7575795143115,-43.3880230318573));
#9436=CARTESIAN_POINT('Ctrl Pts',(-3.34016554080045,11.7189166356335,-43.2225612087439));
#9437=CARTESIAN_POINT('Ctrl Pts',(-3.37228322628377,11.6795842670259,-42.9191403921042));
#9438=CARTESIAN_POINT('Ctrl Pts',(-3.49431639096536,11.6770954919398,-42.5438738007027));
#9439=CARTESIAN_POINT('Ctrl Pts',(-3.77487569944679,11.690558638555,-42.0878114922781));
#9440=CARTESIAN_POINT('Ctrl Pts',(-4.4308576918584,11.5078396448901,-41.5779348076678));
#9441=CARTESIAN_POINT('Ctrl Pts',(-5.1959657686548,11.1251271167875,-41.2118654662427));
#9442=CARTESIAN_POINT('Ctrl Pts',(-5.67081547135048,10.8774008702887,-41.));
#9443=CARTESIAN_POINT('Ctrl Pts',(-4.37714906014686,11.5854945910639,-43.3646118705468));
#9444=CARTESIAN_POINT('Ctrl Pts',(-4.34736254308284,11.5669989504163,-43.2898157663363));
#9445=CARTESIAN_POINT('Ctrl Pts',(-4.31932250923018,11.5291175766318,-43.1264494681845));
#9446=CARTESIAN_POINT('Ctrl Pts',(-4.3598481575354,11.4819169860547,-42.8288447056106));
#9447=CARTESIAN_POINT('Ctrl Pts',(-4.49142211337003,11.4500917846868,-42.4671391208323));
#9448=CARTESIAN_POINT('Ctrl Pts',(-4.80180509118509,11.3768644439316,-42.0379264847217));
#9449=CARTESIAN_POINT('Ctrl Pts',(-5.47987712721596,11.0520065466673,-41.5602976390661));
#9450=CARTESIAN_POINT('Ctrl Pts',(-6.2075217100498,10.5947308993186,-41.2035627959493));
#9451=CARTESIAN_POINT('Ctrl Pts',(-6.64075017095092,10.3145826317952,-41.));
#9452=CARTESIAN_POINT('Ctrl Pts',(-5.55593484599753,11.2623330214167,-43.2738433122824));
#9453=CARTESIAN_POINT('Ctrl Pts',(-5.52541248244465,11.2425696975126,-43.1999528097683));
#9454=CARTESIAN_POINT('Ctrl Pts',(-5.49303910294335,11.199501260411,-43.0387122208815));
#9455=CARTESIAN_POINT('Ctrl Pts',(-5.51634692285889,11.1334827602521,-42.7480456351891));
#9456=CARTESIAN_POINT('Ctrl Pts',(-5.63186421798819,11.056052054239,-42.4005631780247));
#9457=CARTESIAN_POINT('Ctrl Pts',(-5.93940246740308,10.8816994611492,-41.9949663892974));
#9458=CARTESIAN_POINT('Ctrl Pts',(-6.574280028923,10.4361937671794,-41.5413148016363));
#9459=CARTESIAN_POINT('Ctrl Pts',(-7.21304601166968,9.93795804051302,-41.1935758457081));
#9460=CARTESIAN_POINT('Ctrl Pts',(-7.58091647958656,9.64644293480935,-41.));
#9461=CARTESIAN_POINT('Ctrl Pts',(-6.98248276360314,10.701418523716,-43.1985961026024));
#9462=CARTESIAN_POINT('Ctrl Pts',(-6.9389762055071,10.6797832391087,-43.1251811444572));
#9463=CARTESIAN_POINT('Ctrl Pts',(-6.87434224565122,10.6311289093872,-42.9653504893298));
#9464=CARTESIAN_POINT('Ctrl Pts',(-6.84197823954589,10.5442848279165,-42.6798489685488));
#9465=CARTESIAN_POINT('Ctrl Pts',(-6.91185010748125,10.4139647197991,-42.3430851821958));
#9466=CARTESIAN_POINT('Ctrl Pts',(-7.17584299461441,10.1442385196974,-41.9542973249067));
#9467=CARTESIAN_POINT('Ctrl Pts',(-7.70188103851615,9.62634927114354,-41.5175156153477));
#9468=CARTESIAN_POINT('Ctrl Pts',(-8.20988379647931,9.1324446083985,-41.1814608462778));
#9469=CARTESIAN_POINT('Ctrl Pts',(-8.49411537959378,8.85578743823167,-41.));
#9470=CARTESIAN_POINT('Ctrl Pts',(-8.60602040104532,9.75593058078968,-43.1473148299326));
#9471=CARTESIAN_POINT('Ctrl Pts',(-8.53322282918012,9.73896930589029,-43.0726141558313));
#9472=CARTESIAN_POINT('Ctrl Pts',(-8.40816466935695,9.69714119465856,-42.9101538972628));
#9473=CARTESIAN_POINT('Ctrl Pts',(-8.29696321800452,9.59875160397056,-42.6227343809402));
#9474=CARTESIAN_POINT('Ctrl Pts',(-8.30316283100913,9.42142913869901,-42.288933120545));
#9475=CARTESIAN_POINT('Ctrl Pts',(-8.47998312612995,9.09314339141325,-41.9095959085348));
#9476=CARTESIAN_POINT('Ctrl Pts',(-8.83981220243269,8.5831350829612,-41.485787814127));
#9477=CARTESIAN_POINT('Ctrl Pts',(-9.18193269943374,8.15571907621869,-41.1670552190179));
#9478=CARTESIAN_POINT('Ctrl Pts',(-9.36956884142986,7.92754011789586,-41.));
#9479=CARTESIAN_POINT('Ctrl Pts',(-10.2429853053918,8.29656167448447,-43.1227850724481));
#9480=CARTESIAN_POINT('Ctrl Pts',(-10.1475460689837,8.28849139171946,-43.0425343048352));
#9481=CARTESIAN_POINT('Ctrl Pts',(-9.97926754966198,8.25762079220753,-42.8689627185213));
#9482=CARTESIAN_POINT('Ctrl Pts',(-9.81100469711176,8.14906805006504,-42.5687347594776));
#9483=CARTESIAN_POINT('Ctrl Pts',(-9.74552446645123,7.95137687928887,-42.2297546269827));
#9484=CARTESIAN_POINT('Ctrl Pts',(-9.79107934756116,7.65099509481506,-41.854834185009));
#9485=CARTESIAN_POINT('Ctrl Pts',(-9.94438417805828,7.27011791458659,-41.4437798929254));
#9486=CARTESIAN_POINT('Ctrl Pts',(-10.0949656599663,6.99594486178913,-41.1503542163053));
#9487=CARTESIAN_POINT('Ctrl Pts',(-10.1816051713143,6.85745077264306,-41.));
#9488=CARTESIAN_POINT('Ctrl Pts',(-11.2141119958809,6.89164665415331,-43.1213203435596));
#9489=CARTESIAN_POINT('Ctrl Pts',(-11.1270616966104,6.86880892737542,-43.0335484613832));
#9490=CARTESIAN_POINT('Ctrl Pts',(-10.9681126836976,6.81407853152742,-42.8455183708984));
#9491=CARTESIAN_POINT('Ctrl Pts',(-10.7846188436848,6.69934112826601,-42.5286517060916));
#9492=CARTESIAN_POINT('Ctrl Pts',(-10.6617868858047,6.55331583980551,-42.1806179499351));
#9493=CARTESIAN_POINT('Ctrl Pts',(-10.6002890805924,6.38631168630704,-41.8060918264474));
#9494=CARTESIAN_POINT('Ctrl Pts',(-10.596431117417,6.2158589664084,-41.4107361369194));
#9495=CARTESIAN_POINT('Ctrl Pts',(-10.6298549558691,6.11050033710279,-41.1376712016302));
#9496=CARTESIAN_POINT('Ctrl Pts',(-10.6556798799292,6.0608178244513,-41.));
#9497=CARTESIAN_POINT('Ctrl Pts',(-11.6489430686243,6.05510981778047,-43.1213203435596));
#9498=CARTESIAN_POINT('Ctrl Pts',(-11.5668154737938,6.01241997005446,-43.028760282348));
#9499=CARTESIAN_POINT('Ctrl Pts',(-11.413326585447,5.93263658805375,-42.8315072894086));
#9500=CARTESIAN_POINT('Ctrl Pts',(-11.2193297492967,5.8317972123033,-42.504289785705));
#9501=CARTESIAN_POINT('Ctrl Pts',(-11.0648892217604,5.75151916913329,-42.1513335677715));
#9502=CARTESIAN_POINT('Ctrl Pts',(-10.9526473964412,5.69317597229121,-41.7786777257805));
#9503=CARTESIAN_POINT('Ctrl Pts',(-10.8845247960669,5.65776590771187,-41.3926983409517));
#9504=CARTESIAN_POINT('Ctrl Pts',(-10.8692996039891,5.64985186697155,-41.1308996938996));
#9505=CARTESIAN_POINT('Ctrl Pts',(-10.8692996039891,5.64985186697155,-41.));
#9506=CARTESIAN_POINT('',(-11.6489430686243,6.05510981778047,-43.1213203435596));
#9507=CARTESIAN_POINT('Ctrl Pts',(-1.39346326716652E-5,12.1497385612887,
-44.));
#9508=CARTESIAN_POINT('Ctrl Pts',(-0.206959610003494,12.1373046724901,-43.9637001746905));
#9509=CARTESIAN_POINT('Ctrl Pts',(-0.614429139161446,12.1086005688793,-43.8911000548451));
#9510=CARTESIAN_POINT('Ctrl Pts',(-1.23109315063971,12.0546755171616,-43.7825150213633));
#9511=CARTESIAN_POINT('Ctrl Pts',(-1.87997245585471,11.987717535284,-43.6746460093011));
#9512=CARTESIAN_POINT('Ctrl Pts',(-2.59256851940312,11.9006624822017,-43.5681199809552));
#9513=CARTESIAN_POINT('Ctrl Pts',(-3.40829854048245,11.7774762783992,-43.4640604545097));
#9514=CARTESIAN_POINT('Ctrl Pts',(-4.37714906014686,11.5854945910639,-43.3646118705468));
#9515=CARTESIAN_POINT('Ctrl Pts',(-5.55593484599753,11.2623330214167,-43.2738433122824));
#9516=CARTESIAN_POINT('Ctrl Pts',(-6.98248276360314,10.701418523716,-43.1985961026024));
#9517=CARTESIAN_POINT('Ctrl Pts',(-8.60602040104532,9.75593058078968,-43.1473148299326));
#9518=CARTESIAN_POINT('Ctrl Pts',(-10.2429853053918,8.29656167448447,-43.1227850724481));
#9519=CARTESIAN_POINT('Ctrl Pts',(-11.2141119958809,6.89164665415331,-43.1213203435596));
#9520=CARTESIAN_POINT('Ctrl Pts',(-11.6489430686243,6.05510981778047,-43.1213203435596));
#9521=CARTESIAN_POINT('',(-10.8692996039891,5.64985186697155,-41.));
#9522=CARTESIAN_POINT('Origin',(-13.531168894762,7.03348905888295,-41.));
#9523=CARTESIAN_POINT('Ctrl Pts',(-10.8692996039891,5.64985186697155,-41.));
#9524=CARTESIAN_POINT('Ctrl Pts',(-10.8056258079075,5.77234880721532,-41.));
#9525=CARTESIAN_POINT('Ctrl Pts',(-10.7398801124031,5.89376507843195,-41.));
#9526=CARTESIAN_POINT('Ctrl Pts',(-10.6722257445886,6.01382554257599,-41.));
#9527=CARTESIAN_POINT('Ctrl Pts',(-10.6033021269199,6.13613843670411,-41.));
#9528=CARTESIAN_POINT('Ctrl Pts',(-10.5323979464847,6.25704420659271,-41.));
#9529=CARTESIAN_POINT('Ctrl Pts',(-10.459695802099,6.37630486469648,-41.));
#9530=CARTESIAN_POINT('Ctrl Pts',(-10.3818981365134,6.50392422001378,-41.));
#9531=CARTESIAN_POINT('Ctrl Pts',(-10.3020421082894,6.62965938903579,-41.));
#9532=CARTESIAN_POINT('Ctrl Pts',(-10.220356101594,6.7532822506252,-41.));
#9533=CARTESIAN_POINT('Ctrl Pts',(-10.1399283325577,6.87500090675452,-41.));
#9534=CARTESIAN_POINT('Ctrl Pts',(-10.0577269956569,6.99467233671147,-41.));
#9535=CARTESIAN_POINT('Ctrl Pts',(-9.97396719057374,7.11213599992003,-41.));
#9536=CARTESIAN_POINT('Ctrl Pts',(-9.8884129011163,7.23211622471762,-41.));
#9537=CARTESIAN_POINT('Ctrl Pts',(-9.8012331124911,7.34979328856571,-41.));
#9538=CARTESIAN_POINT('Ctrl Pts',(-9.71264691080573,7.46505123800338,-41.));
#9539=CARTESIAN_POINT('Ctrl Pts',(-9.62212155664768,7.58283218462793,-41.));
#9540=CARTESIAN_POINT('Ctrl Pts',(-9.53012799125391,7.69808723824477,-41.));
#9541=CARTESIAN_POINT('Ctrl Pts',(-9.43688249462611,7.81074572512889,-41.));
#9542=CARTESIAN_POINT('Ctrl Pts',(-9.34155357245345,7.92592139062117,-41.));
#9543=CARTESIAN_POINT('Ctrl Pts',(-9.24491656819067,8.03838352176795,-41.));
#9544=CARTESIAN_POINT('Ctrl Pts',(-9.14717776881728,8.14810645890534,-41.));
#9545=CARTESIAN_POINT('Ctrl Pts',(-9.04720116475608,8.2603415867455,-41.));
#9546=CARTESIAN_POINT('Ctrl Pts',(-8.94607210885817,8.36971108377078,-41.));
#9547=CARTESIAN_POINT('Ctrl Pts',(-8.84397956084885,8.47623297976688,-41.));
#9548=CARTESIAN_POINT('Ctrl Pts',(-8.7394714825626,8.58527520530662,-41.));
#9549=CARTESIAN_POINT('Ctrl Pts',(-8.63395409322306,8.69133398355227,-41.));
#9550=CARTESIAN_POINT('Ctrl Pts',(-8.52759177720771,8.79446862984338,-41.));
#9551=CARTESIAN_POINT('Ctrl Pts',(-8.41859923239031,8.90015368804097,-41.));
#9552=CARTESIAN_POINT('Ctrl Pts',(-8.30871969418358,9.00276876507705,-41.));
#9553=CARTESIAN_POINT('Ctrl Pts',(-8.1980859862074,9.10241100823017,-41.));
#9554=CARTESIAN_POINT('Ctrl Pts',(-8.08456032271042,9.20465789096794,-41.));
#9555=CARTESIAN_POINT('Ctrl Pts',(-7.97024069451541,9.30377511060591,-41.));
#9556=CARTESIAN_POINT('Ctrl Pts',(-7.85522174521357,9.39989315543128,-41.));
#9557=CARTESIAN_POINT('Ctrl Pts',(-7.73700300450548,9.4986851743773,-41.));
#9558=CARTESIAN_POINT('Ctrl Pts',(-7.61804553151574,9.59430950802456,-41.));
#9559=CARTESIAN_POINT('Ctrl Pts',(-7.49839960677476,9.68692434868364,-41.));
#9560=CARTESIAN_POINT('Ctrl Pts',(-7.37522780838929,9.78226847766973,-41.));
#9561=CARTESIAN_POINT('Ctrl Pts',(-7.25132628908433,9.87442387229076,-41.));
#9562=CARTESIAN_POINT('Ctrl Pts',(-7.12669540188202,9.96356927254453,-41.));
#9563=CARTESIAN_POINT('Ctrl Pts',(-6.99622681524859,10.0568902352454,-41.));
#9564=CARTESIAN_POINT('Ctrl Pts',(-6.86495879263108,10.1469134962156,-41.));
#9565=CARTESIAN_POINT('Ctrl Pts',(-6.73283441715955,10.2338380244712,-41.));
#9566=CARTESIAN_POINT('Ctrl Pts',(-6.59732313157497,10.3229907983685,-41.));
#9567=CARTESIAN_POINT('Ctrl Pts',(-6.46091045397091,10.4088848358163,-41.));
#9568=CARTESIAN_POINT('Ctrl Pts',(-6.32348181704018,10.4917147173168,-41.));
#9569=CARTESIAN_POINT('Ctrl Pts',(-6.18375405676506,10.5759303079273,-41.));
#9570=CARTESIAN_POINT('Ctrl Pts',(-6.04297518712509,10.6569791824456,-41.));
#9571=CARTESIAN_POINT('Ctrl Pts',(-5.90098171829783,10.735032126655,-41.));
#9572=CARTESIAN_POINT('Ctrl Pts',(-5.75866723449244,10.8132615308409,-41.));
#9573=CARTESIAN_POINT('Ctrl Pts',(-5.61513154267305,10.8884820348286,-41.));
#9574=CARTESIAN_POINT('Ctrl Pts',(-5.47018230374392,10.9608213909272,-41.));
#9575=CARTESIAN_POINT('Ctrl Pts',(-5.32714800987833,11.0322050614776,-41.));
#9576=CARTESIAN_POINT('Ctrl Pts',(-5.18273610068758,11.100783472575,-41.));
#9577=CARTESIAN_POINT('Ctrl Pts',(-5.03675185906114,11.1666302307475,-41.));
#9578=CARTESIAN_POINT('Ctrl Pts',(-4.8942754204681,11.2308947807619,-41.));
#9579=CARTESIAN_POINT('Ctrl Pts',(-4.75030024532509,11.2925573470515,-41.));
#9580=CARTESIAN_POINT('Ctrl Pts',(-4.60465214746982,11.3516377056706,-41.));
#9581=CARTESIAN_POINT('Ctrl Pts',(-4.4632089077359,11.4090124153356,-41.));
#9582=CARTESIAN_POINT('Ctrl Pts',(-4.32018706895627,11.463951634468,-41.));
#9583=CARTESIAN_POINT('Ctrl Pts',(-4.17544760462867,11.5164290168872,-41.));
#9584=CARTESIAN_POINT('Ctrl Pts',(-4.0350154114645,11.5673447359612,-41.));
#9585=CARTESIAN_POINT('Ctrl Pts',(-3.89296560032991,11.615942615469,-41.));
#9586=CARTESIAN_POINT('Ctrl Pts',(-3.74920213197192,11.6621603218965,-41.));
#9587=CARTESIAN_POINT('Ctrl Pts',(-3.60563445439795,11.7083150846493,-41.));
#9588=CARTESIAN_POINT('Ctrl Pts',(-3.46035697515795,11.7520958548842,-41.));
#9589=CARTESIAN_POINT('Ctrl Pts',(-3.31331675828571,11.7934062958614,-41.));
#9590=CARTESIAN_POINT('Ctrl Pts',(-3.17611516218504,11.8319526103205,-41.));
#9591=CARTESIAN_POINT('Ctrl Pts',(-3.03737871038435,11.8683474989792,-41.));
#9592=CARTESIAN_POINT('Ctrl Pts',(-2.89710728404623,11.9024900497638,-41.));
#9593=CARTESIAN_POINT('Ctrl Pts',(-2.76017264960968,11.9358204138478,-41.));
#9594=CARTESIAN_POINT('Ctrl Pts',(-2.62177488365644,11.967003866734,-41.));
#9595=CARTESIAN_POINT('Ctrl Pts',(-2.48195975135838,11.9959316350435,-41.));
#9596=CARTESIAN_POINT('Ctrl Pts',(-2.34532887868584,12.0242005796393,-41.));
#9597=CARTESIAN_POINT('Ctrl Pts',(-2.20734423371028,12.0503149386882,-41.));
#9598=CARTESIAN_POINT('Ctrl Pts',(-2.06809685419143,12.074165619275,-41.));
#9599=CARTESIAN_POINT('Ctrl Pts',(-1.93190143676349,12.0974935512597,-41.));
#9600=CARTESIAN_POINT('Ctrl Pts',(-1.79449787710291,12.1186554616835,-41.));
#9601=CARTESIAN_POINT('Ctrl Pts',(-1.65602092687603,12.1375489572544,-41.));
#9602=CARTESIAN_POINT('Ctrl Pts',(-1.52101588521284,12.1559687531305,-41.));
#9603=CARTESIAN_POINT('Ctrl Pts',(-1.38499055467663,12.1722319869495,-41.));
#9604=CARTESIAN_POINT('Ctrl Pts',(-1.24811884778996,12.1862504217578,-41.));
#9605=CARTESIAN_POINT('Ctrl Pts',(-1.11464045589272,12.1999213123873,-41.));
#9606=CARTESIAN_POINT('Ctrl Pts',(-0.980357151614098,12.2114568911424,-41.));
#9607=CARTESIAN_POINT('Ctrl Pts',(-0.845477675311484,12.2207883338412,-41.));
#9608=CARTESIAN_POINT('Ctrl Pts',(-0.712840073987825,12.229964675642,-41.));
#9609=CARTESIAN_POINT('Ctrl Pts',(-0.579625964090616,12.2370091073621,-41.));
#9610=CARTESIAN_POINT('Ctrl Pts',(-0.446080198731914,12.2418753651677,-41.));
#9611=CARTESIAN_POINT('Ctrl Pts',(-0.315414028021145,12.2466366937762,-41.));
#9612=CARTESIAN_POINT('Ctrl Pts',(-0.184430447531117,12.2493123891578,-41.));
#9613=CARTESIAN_POINT('Ctrl Pts',(-0.0534026990451917,12.2498835974769,
-41.));
#9614=CARTESIAN_POINT('Ctrl Pts',(-0.0356022990573924,12.2499611973493,
-41.));
#9615=CARTESIAN_POINT('Ctrl Pts',(-0.0178011501541265,12.25,-41.));
#9616=CARTESIAN_POINT('Ctrl Pts',(2.97054221372807E-15,12.25,-41.));
#9617=CARTESIAN_POINT('Ctrl Pts',(-1.39346326716652E-5,12.1497385612887,
-44.));
#9618=CARTESIAN_POINT('Ctrl Pts',(-0.206959610003494,12.1373046724901,-43.9637001746905));
#9619=CARTESIAN_POINT('Ctrl Pts',(-0.614429139161446,12.1086005688793,-43.8911000548451));
#9620=CARTESIAN_POINT('Ctrl Pts',(-1.23109315063971,12.0546755171616,-43.7825150213633));
#9621=CARTESIAN_POINT('Ctrl Pts',(-1.87997245585471,11.987717535284,-43.6746460093011));
#9622=CARTESIAN_POINT('Ctrl Pts',(-2.59256851940312,11.9006624822017,-43.5681199809552));
#9623=CARTESIAN_POINT('Ctrl Pts',(-3.40829854048245,11.7774762783992,-43.4640604545097));
#9624=CARTESIAN_POINT('Ctrl Pts',(-4.37714906014686,11.5854945910639,-43.3646118705468));
#9625=CARTESIAN_POINT('Ctrl Pts',(-5.55593484599753,11.2623330214167,-43.2738433122824));
#9626=CARTESIAN_POINT('Ctrl Pts',(-6.98248276360314,10.701418523716,-43.1985961026024));
#9627=CARTESIAN_POINT('Ctrl Pts',(-8.60602040104532,9.75593058078968,-43.1473148299326));
#9628=CARTESIAN_POINT('Ctrl Pts',(-10.2429853053918,8.29656167448447,-43.1227850724481));
#9629=CARTESIAN_POINT('Ctrl Pts',(-11.2141119958809,6.89164665415331,-43.1213203435596));
#9630=CARTESIAN_POINT('Ctrl Pts',(-11.6489430686243,6.05510981778047,-43.1213203435596));
#9631=CARTESIAN_POINT('Ctrl Pts',(-0.53655811416895,12.1497413166852,-44.));
#9632=CARTESIAN_POINT('Ctrl Pts',(-0.729238142034322,12.1350207248873,-43.9645355013547));
#9633=CARTESIAN_POINT('Ctrl Pts',(-1.11291023435667,12.1022117883154,-43.8940641848764));
#9634=CARTESIAN_POINT('Ctrl Pts',(-1.70558849418501,12.0419278122276,-43.7899176491059));
#9635=CARTESIAN_POINT('Ctrl Pts',(-2.34023189241066,11.966598756394,-43.6876829931361));
#9636=CARTESIAN_POINT('Ctrl Pts',(-3.04648950116576,11.867053027271,-43.5879961365567));
#9637=CARTESIAN_POINT('Ctrl Pts',(-3.86139808419887,11.7248320483178,-43.4920202761632));
#9638=CARTESIAN_POINT('Ctrl Pts',(-4.8306319327891,11.5048481668867,-43.4019159279501));
#9639=CARTESIAN_POINT('Ctrl Pts',(-6.00189459705426,11.1439405489555,-43.3216137931671));
#9640=CARTESIAN_POINT('Ctrl Pts',(-7.39574093775884,10.5414491511337,-43.2574392151236));
#9641=CARTESIAN_POINT('Ctrl Pts',(-8.94125248679641,9.5732728575057,-43.2168364509824));
#9642=CARTESIAN_POINT('Ctrl Pts',(-10.4571273530984,8.14986375038382,-43.2026815855994));
#9643=CARTESIAN_POINT('Ctrl Pts',(-11.33532585073,6.84875983985214,-43.2090922257361));
#9644=CARTESIAN_POINT('Ctrl Pts',(-11.7310706634547,6.09779966550647,-43.2138804047713));
#9645=CARTESIAN_POINT('Ctrl Pts',(-1.6089055138116,12.1313574507636,-44.));
#9646=CARTESIAN_POINT('Ctrl Pts',(-1.78068431621042,12.1129604673478,-43.9667908002575));
#9647=CARTESIAN_POINT('Ctrl Pts',(-2.13010653549931,12.0725961802755,-43.901542222395));
#9648=CARTESIAN_POINT('Ctrl Pts',(-2.69049214615196,11.9975892593637,-43.807309746974));
#9649=CARTESIAN_POINT('Ctrl Pts',(-3.3085924627378,11.9010145683957,-43.7170708886688));
#9650=CARTESIAN_POINT('Ctrl Pts',(-4.0102339647284,11.7700910448866,-43.6314888495764));
#9651=CARTESIAN_POINT('Ctrl Pts',(-4.82668382412908,11.5824363051689,-43.5517292624621));
#9652=CARTESIAN_POINT('Ctrl Pts',(-5.79274521652938,11.2998493568729,-43.4798287305778));
#9653=CARTESIAN_POINT('Ctrl Pts',(-6.93483921070702,10.8612140002395,-43.4192464792964));
#9654=CARTESIAN_POINT('Ctrl Pts',(-8.23914891152648,10.1841118642325,-43.3751828611172));
#9655=CARTESIAN_POINT('Ctrl Pts',(-9.60689410092565,9.1933963610316,-43.3534305218375));
#9656=CARTESIAN_POINT('Ctrl Pts',(-10.8771155543439,7.87014271040285,-43.3569594950651));
#9657=CARTESIAN_POINT('Ctrl Pts',(-11.5832215210874,6.77953967047162,-43.375368394901));
#9658=CARTESIAN_POINT('Ctrl Pts',(-11.9060912249275,6.18877519125544,-43.3868666091039));
#9659=CARTESIAN_POINT('Ctrl Pts',(-3.39771398751452,12.0191136419645,-44.));
#9660=CARTESIAN_POINT('Ctrl Pts',(-3.55356758986151,11.9918379622706,-43.9717789248445));
#9661=CARTESIAN_POINT('Ctrl Pts',(-3.87841248137461,11.9314482577503,-43.9172395372289));
#9662=CARTESIAN_POINT('Ctrl Pts',(-4.41864474162412,11.816479729354,-43.8412457823196));
#9663=CARTESIAN_POINT('Ctrl Pts',(-5.02710857930735,11.6667223835638,-43.7713268484034));
#9664=CARTESIAN_POINT('Ctrl Pts',(-5.72091404025103,11.4663048848398,-43.7079534328576));
#9665=CARTESIAN_POINT('Ctrl Pts',(-6.51759423457983,11.1912379749147,-43.6519580870148));
#9666=CARTESIAN_POINT('Ctrl Pts',(-7.42941286093463,10.8068162076122,-43.604826178459));
#9667=CARTESIAN_POINT('Ctrl Pts',(-8.44918036059078,10.2688207853647,-43.5690871644942));
#9668=CARTESIAN_POINT('Ctrl Pts',(-9.52844406716186,9.53723585469195,-43.5484488996886));
#9669=CARTESIAN_POINT('Ctrl Pts',(-10.5688794372177,8.60503484369064,-43.5467979810857));
#9670=CARTESIAN_POINT('Ctrl Pts',(-11.4714444797585,7.51805039483697,-43.5659874784801));
#9671=CARTESIAN_POINT('Ctrl Pts',(-11.9632148806765,6.73553054689248,-43.5910989136449));
#9672=CARTESIAN_POINT('Ctrl Pts',(-12.1964279664315,6.33969196057833,-43.6055063862216));
#9673=CARTESIAN_POINT('Ctrl Pts',(-5.58494472183523,11.7304573735934,-44.));
#9674=CARTESIAN_POINT('Ctrl Pts',(-5.73134970140391,11.6881535532109,-43.9784498357022));
#9675=CARTESIAN_POINT('Ctrl Pts',(-6.04023829534054,11.5942726822377,-43.9376318702259));
#9676=CARTESIAN_POINT('Ctrl Pts',(-6.55708528881605,11.4173805534806,-43.8830985770192));
#9677=CARTESIAN_POINT('Ctrl Pts',(-7.1325631677328,11.1937695078933,-43.83515696224));
#9678=CARTESIAN_POINT('Ctrl Pts',(-7.77084664233753,10.909451607716,-43.7938489828196));
#9679=CARTESIAN_POINT('Ctrl Pts',(-8.4724462055735,10.5466294591052,-43.7595464076022));
#9680=CARTESIAN_POINT('Ctrl Pts',(-9.22811579829475,10.0853205316966,-43.7332266686809));
#9681=CARTESIAN_POINT('Ctrl Pts',(-10.010108268097,9.51022116565103,-43.7166893890717));
#9682=CARTESIAN_POINT('Ctrl Pts',(-10.7680167741037,8.82459589201597,-43.7123264617315));
#9683=CARTESIAN_POINT('Ctrl Pts',(-11.445074390531,8.06030279741796,-43.7219125931001));
#9684=CARTESIAN_POINT('Ctrl Pts',(-12.0141910066709,7.27111321503904,-43.7452175211048));
#9685=CARTESIAN_POINT('Ctrl Pts',(-12.3455335448028,6.75462439410671,-43.7674351258716));
#9686=CARTESIAN_POINT('Ctrl Pts',(-12.5096024055996,6.5024797439947,-43.7795651141294));
#9687=CARTESIAN_POINT('Ctrl Pts',(-8.44701685869881,11.0895017638088,-44.));
#9688=CARTESIAN_POINT('Ctrl Pts',(-8.56773685462009,11.025464944354,-43.9867573714606));
#9689=CARTESIAN_POINT('Ctrl Pts',(-8.81749757491692,10.8865334739763,-43.962221887084));
#9690=CARTESIAN_POINT('Ctrl Pts',(-9.21543199781573,10.6411430757785,-43.930781059404));
#9691=CARTESIAN_POINT('Ctrl Pts',(-9.63545275614637,10.3536762811025,-43.9043609225255));
#9692=CARTESIAN_POINT('Ctrl Pts',(-10.0751867473743,10.0183618746585,-43.8828845631586));
#9693=CARTESIAN_POINT('Ctrl Pts',(-10.5285137114323,9.63002751027043,-43.866655872364));
#9694=CARTESIAN_POINT('Ctrl Pts',(-10.9828556932597,9.18725882640802,-43.8563954811495));
#9695=CARTESIAN_POINT('Ctrl Pts',(-11.4193538494901,8.69736490440659,-43.8530438789872));
#9696=CARTESIAN_POINT('Ctrl Pts',(-11.8192146858248,8.17905901977807,-43.8572331079629));
#9697=CARTESIAN_POINT('Ctrl Pts',(-12.1753471076683,7.65710124134897,-43.868628390654));
#9698=CARTESIAN_POINT('Ctrl Pts',(-12.5025158391927,7.15295013261906,-43.8857104816915));
#9699=CARTESIAN_POINT('Ctrl Pts',(-12.7284956658607,6.82992105532618,-43.8990258849145));
#9700=CARTESIAN_POINT('Ctrl Pts',(-12.8402561195406,6.67435323824863,-43.9060647424638));
#9701=CARTESIAN_POINT('Ctrl Pts',(-11.6187274921034,9.95471835262466,-44.));
#9702=CARTESIAN_POINT('Ctrl Pts',(-11.6372619480836,9.89007769648989,-43.9952080562377));
#9703=CARTESIAN_POINT('Ctrl Pts',(-11.6808991146839,9.75376478240632,-43.9866150977903));
#9704=CARTESIAN_POINT('Ctrl Pts',(-11.7664757230115,9.52685631290381,-43.9764424837472));
#9705=CARTESIAN_POINT('Ctrl Pts',(-11.87172674039,9.27646812446267,-43.9688535359345));
#9706=CARTESIAN_POINT('Ctrl Pts',(-11.9945452178395,9.00247476477308,-43.963814599907));
#9707=CARTESIAN_POINT('Ctrl Pts',(-12.1312250072539,8.70689352774104,-43.961326066759));
#9708=CARTESIAN_POINT('Ctrl Pts',(-12.2775947278002,8.39483189961388,-43.9613127413966));
#9709=CARTESIAN_POINT('Ctrl Pts',(-12.4316106129336,8.0746034799605,-43.9635062011851));
#9710=CARTESIAN_POINT('Ctrl Pts',(-12.5946759666591,7.75470500212244,-43.9674009428073));
#9711=CARTESIAN_POINT('Ctrl Pts',(-12.7735982950901,7.44097000694225,-43.9723124336552));
#9712=CARTESIAN_POINT('Ctrl Pts',(-12.9770644106756,7.13655310265527,-43.9774776013718));
#9713=CARTESIAN_POINT('Ctrl Pts',(-13.1142820758245,6.94494692484916,-43.9810639237197));
#9714=CARTESIAN_POINT('Ctrl Pts',(-13.1827316766564,6.85237171563537,-43.9828407892185));
#9715=CARTESIAN_POINT('Ctrl Pts',(-12.7443696481585,9.24761324693534,-44.));
#9716=CARTESIAN_POINT('Ctrl Pts',(-12.7303945829046,9.19335639679974,-44.));
#9717=CARTESIAN_POINT('Ctrl Pts',(-12.7101099560057,9.07894716445139,-44.));
#9718=CARTESIAN_POINT('Ctrl Pts',(-12.7021104091177,8.89066597464992,-44.));
#9719=CARTESIAN_POINT('Ctrl Pts',(-12.7156840675796,8.68783900716578,-44.));
#9720=CARTESIAN_POINT('Ctrl Pts',(-12.7495987773423,8.4733926188645,-44.));
#9721=CARTESIAN_POINT('Ctrl Pts',(-12.802411612318,8.25105781066838,-44.));
#9722=CARTESIAN_POINT('Ctrl Pts',(-12.8726973655562,8.02535006872612,-44.));
#9723=CARTESIAN_POINT('Ctrl Pts',(-12.9589867548487,7.80101514672296,-44.));
#9724=CARTESIAN_POINT('Ctrl Pts',(-13.0591360390054,7.58154015739362,-44.));
#9725=CARTESIAN_POINT('Ctrl Pts',(-13.1713227226004,7.36960668056421,-44.));
#9726=CARTESIAN_POINT('Ctrl Pts',(-13.2922259532094,7.16661981604533,-44.));
#9727=CARTESIAN_POINT('Ctrl Pts',(-13.3742949916759,7.03678777062946,-44.));
#9728=CARTESIAN_POINT('Ctrl Pts',(-13.4150229363077,6.97311649725319,-44.));
#9729=CARTESIAN_POINT('Ctrl Pts',(-13.3304366213243,8.85996066419218,-44.));
#9730=CARTESIAN_POINT('Ctrl Pts',(-13.3046633904208,8.80847507511979,-44.));
#9731=CARTESIAN_POINT('Ctrl Pts',(-13.2588887287898,8.70211291718368,-44.));
#9732=CARTESIAN_POINT('Ctrl Pts',(-13.2087558901999,8.53523265622831,-44.));
#9733=CARTESIAN_POINT('Ctrl Pts',(-13.1779308623756,8.36364399303454,-44.));
#9734=CARTESIAN_POINT('Ctrl Pts',(-13.1665837173609,8.18958205144187,-44.));
#9735=CARTESIAN_POINT('Ctrl Pts',(-13.1743783361381,8.01509522029769,-44.));
#9736=CARTESIAN_POINT('Ctrl Pts',(-13.2005951526925,7.84231147405197,-44.));
#9737=CARTESIAN_POINT('Ctrl Pts',(-13.2437910881753,7.67287930410372,-44.));
#9738=CARTESIAN_POINT('Ctrl Pts',(-13.301596890808,7.50741589049359,-44.));
#9739=CARTESIAN_POINT('Ctrl Pts',(-13.3717575996853,7.34629047228953,-44.));
#9740=CARTESIAN_POINT('Ctrl Pts',(-13.450212068384,7.18894112446517,-44.));
#9741=CARTESIAN_POINT('Ctrl Pts',(-13.5042315707147,7.08531162918973,-44.));
#9742=CARTESIAN_POINT('Ctrl Pts',(-13.531168894762,7.03348905888294,-44.));
#9743=CARTESIAN_POINT('',(-13.3304366213243,8.85996066419218,-44.));
#9744=CARTESIAN_POINT('Ctrl Pts',(-1.39346326716652E-5,12.1497385612887,
-44.));
#9745=CARTESIAN_POINT('Ctrl Pts',(-0.53655811416895,12.1497413166852,-44.));
#9746=CARTESIAN_POINT('Ctrl Pts',(-1.6089055138116,12.1313574507636,-44.));
#9747=CARTESIAN_POINT('Ctrl Pts',(-3.39771398751452,12.0191136419645,-44.));
#9748=CARTESIAN_POINT('Ctrl Pts',(-5.58494472183523,11.7304573735934,-44.));
#9749=CARTESIAN_POINT('Ctrl Pts',(-8.44701685869881,11.0895017638088,-44.));
#9750=CARTESIAN_POINT('Ctrl Pts',(-11.6187274921034,9.95471835262466,-44.));
#9751=CARTESIAN_POINT('Ctrl Pts',(-12.7443696481585,9.24761324693534,-44.));
#9752=CARTESIAN_POINT('Ctrl Pts',(-13.3304366213243,8.85996066419218,-44.));
#9753=CARTESIAN_POINT('',(-13.531168894762,7.03348905888295,-44.));
#9754=CARTESIAN_POINT('Ctrl Pts',(-13.3304366213243,8.85996066419218,-44.));
#9755=CARTESIAN_POINT('Ctrl Pts',(-13.3077667934175,8.81467455131333,-44.));
#9756=CARTESIAN_POINT('Ctrl Pts',(-13.2873314432216,8.76808010766261,-44.));
#9757=CARTESIAN_POINT('Ctrl Pts',(-13.2692636575713,8.72048974329343,-44.));
#9758=CARTESIAN_POINT('Ctrl Pts',(-13.2527167064808,8.67690524174826,-44.));
#9759=CARTESIAN_POINT('Ctrl Pts',(-13.2381597715012,8.63249190859061,-44.));
#9760=CARTESIAN_POINT('Ctrl Pts',(-13.2256701782527,8.58748433883496,-44.));
#9761=CARTESIAN_POINT('Ctrl Pts',(-13.2126583825863,8.54059495745526,-44.));
#9762=CARTESIAN_POINT('Ctrl Pts',(-13.2018904314169,8.49306009478495,-44.));
#9763=CARTESIAN_POINT('Ctrl Pts',(-13.1934055158626,8.44511299521024,-44.));
#9764=CARTESIAN_POINT('Ctrl Pts',(-13.184528979934,8.39495290235826,-44.));
#9765=CARTESIAN_POINT('Ctrl Pts',(-13.1781510860165,8.34434091444444,-44.));
#9766=CARTESIAN_POINT('Ctrl Pts',(-13.1742648206741,8.29351943846102,-44.));
#9767=CARTESIAN_POINT('Ctrl Pts',(-13.1700609889649,8.23854508302524,-44.));
#9768=CARTESIAN_POINT('Ctrl Pts',(-13.1687728634754,8.18332449729527,-44.));
#9769=CARTESIAN_POINT('Ctrl Pts',(-13.1703298990498,8.12815069349862,-44.));
#9770=CARTESIAN_POINT('Ctrl Pts',(-13.1716923051774,8.07987361517655,-44.));
#9771=CARTESIAN_POINT('Ctrl Pts',(-13.1752319079682,8.03163167140529,-44.));
#9772=CARTESIAN_POINT('Ctrl Pts',(-13.1808663309191,7.98362444710634,-44.));
#9773=CARTESIAN_POINT('Ctrl Pts',(-13.1854406110087,7.94465000514782,-44.));
#9774=CARTESIAN_POINT('Ctrl Pts',(-13.1913965837975,7.90583337732303,-44.));
#9775=CARTESIAN_POINT('Ctrl Pts',(-13.1986570496029,7.86725439957173,-44.));
#9776=CARTESIAN_POINT('Ctrl Pts',(-13.2071275327895,7.82224591235336,-44.));
#9777=CARTESIAN_POINT('Ctrl Pts',(-13.217373209846,7.777560942879,-44.));
#9778=CARTESIAN_POINT('Ctrl Pts',(-13.2292219331563,7.73327039854922,-44.));
#9779=CARTESIAN_POINT('Ctrl Pts',(-13.2439706193781,7.67813978879476,-44.));
#9780=CARTESIAN_POINT('Ctrl Pts',(-13.2612006078266,7.62361933074978,-44.));
#9781=CARTESIAN_POINT('Ctrl Pts',(-13.2805279181837,7.56976886925515,-44.));
#9782=CARTESIAN_POINT('Ctrl Pts',(-13.2924238903018,7.53662387511724,-44.));
#9783=CARTESIAN_POINT('Ctrl Pts',(-13.3051145599607,7.50373167799141,-44.));
#9784=CARTESIAN_POINT('Ctrl Pts',(-13.3185093348502,7.47109980242215,-44.));
#9785=CARTESIAN_POINT('Ctrl Pts',(-13.3309170299581,7.44087261561242,-44.));
#9786=CARTESIAN_POINT('Ctrl Pts',(-13.3439306485968,7.4108697897531,-44.));
#9787=CARTESIAN_POINT('Ctrl Pts',(-13.3574275869691,7.38107255275547,-44.));
#9788=CARTESIAN_POINT('Ctrl Pts',(-13.375000733462,7.34227625715131,-44.));
#9789=CARTESIAN_POINT('Ctrl Pts',(-13.3933903476995,7.30382901940909,-44.));
#9790=CARTESIAN_POINT('Ctrl Pts',(-13.4122503757029,7.26563543678074,-44.));
#9791=CARTESIAN_POINT('Ctrl Pts',(-13.4284154196763,7.23289948630494,-44.));
#9792=CARTESIAN_POINT('Ctrl Pts',(-13.4449215428351,7.20034805317793,-44.));
#9793=CARTESIAN_POINT('Ctrl Pts',(-13.4615661528406,7.16790282371386,-44.));
#9794=CARTESIAN_POINT('Ctrl Pts',(-13.4751983569773,7.14132965731517,-44.));
#9795=CARTESIAN_POINT('Ctrl Pts',(-13.4889228258964,7.11482718279271,-44.));
#9796=CARTESIAN_POINT('Ctrl Pts',(-13.5026642317027,7.08835170121934,-44.));
#9797=CARTESIAN_POINT('Ctrl Pts',(-13.5121603366952,7.07005561446559,-44.));
#9798=CARTESIAN_POINT('Ctrl Pts',(-13.5216652249661,7.05177241157622,-44.));
#9799=CARTESIAN_POINT('Ctrl Pts',(-13.531168894762,7.03348905888295,-44.));
#9800=CARTESIAN_POINT('Origin',(-13.531168894762,7.03348905888295,-41.));
#9801=CARTESIAN_POINT('Origin',(8.43740883959316E-15,-4.61880215351701,
-29.));
#9802=CARTESIAN_POINT('',(-3.99999999999999,-2.30940107675851,-50.));
#9803=CARTESIAN_POINT('',(8.43740883959316E-15,-4.61880215351701,-50.));
#9804=CARTESIAN_POINT('',(-1.32475952641915,-3.85395188432739,-50.));
#9805=CARTESIAN_POINT('',(-3.99999999999999,-2.30940107675851,-29.));
#9806=CARTESIAN_POINT('',(-3.99999999999999,-2.30940107675851,-29.));
#9807=CARTESIAN_POINT('',(8.43740883959316E-15,-4.61880215351701,-29.));
#9808=CARTESIAN_POINT('',(8.43740883959316E-15,-4.61880215351701,-29.));
#9809=CARTESIAN_POINT('',(8.43740883959316E-15,-4.61880215351701,-29.));
#9810=CARTESIAN_POINT('Origin',(4.00000000000001,-2.30940107675851,-29.));
#9811=CARTESIAN_POINT('',(4.00000000000001,-2.30940107675851,-50.));
#9812=CARTESIAN_POINT('',(3.32475952641916,-2.69925134594814,-50.));
#9813=CARTESIAN_POINT('',(4.00000000000001,-2.30940107675851,-29.));
#9814=CARTESIAN_POINT('',(4.00000000000001,-2.30940107675851,-29.));
#9815=CARTESIAN_POINT('',(4.00000000000001,-2.30940107675851,-29.));
#9816=CARTESIAN_POINT('Origin',(4.,2.30940107675851,-29.));
#9817=CARTESIAN_POINT('',(4.,2.30940107675851,-50.));
#9818=CARTESIAN_POINT('',(4.,1.90470053837923,-50.));
#9819=CARTESIAN_POINT('',(4.,2.30940107675851,-29.));
#9820=CARTESIAN_POINT('',(4.,2.30940107675851,-29.));
#9821=CARTESIAN_POINT('',(4.,2.30940107675851,-29.));
#9822=CARTESIAN_POINT('Origin',(-3.88578058618805E-15,4.618802153517,-29.));
#9823=CARTESIAN_POINT('',(-3.88578058618805E-15,4.618802153517,-50.));
#9824=CARTESIAN_POINT('',(0.675240473580841,4.22895188432737,-50.));
#9825=CARTESIAN_POINT('',(-3.88578058618805E-15,4.618802153517,-29.));
#9826=CARTESIAN_POINT('',(-3.88578058618805E-15,4.618802153517,-29.));
#9827=CARTESIAN_POINT('',(-3.88578058618805E-15,4.618802153517,-29.));
#9828=CARTESIAN_POINT('Origin',(-4.,2.3094010767585,-29.));
#9829=CARTESIAN_POINT('',(-4.,2.3094010767585,-50.));
#9830=CARTESIAN_POINT('',(-2.67524047358085,3.07425134594812,-50.));
#9831=CARTESIAN_POINT('',(-4.,2.3094010767585,-29.));
#9832=CARTESIAN_POINT('',(-4.,2.3094010767585,-29.));
#9833=CARTESIAN_POINT('',(-4.,2.3094010767585,-29.));
#9834=CARTESIAN_POINT('Origin',(-3.99999999999999,-2.30940107675851,-29.));
#9835=CARTESIAN_POINT('',(-4.,-0.404700538379281,-50.));
#9836=CARTESIAN_POINT('',(-3.99999999999999,-2.30940107675851,-29.));
#9837=CARTESIAN_POINT('Origin',(2.77555756156289E-15,-3.88578058618805E-15,
-29.));
#9838=CARTESIAN_POINT('',(-2.1,-3.07349324605453E-15,-29.));
#9839=CARTESIAN_POINT('Origin',(2.22044604925031E-15,-3.33066907387547E-15,
-29.));
#9840=CARTESIAN_POINT('Origin',(-57.5000000000001,9.99999999999993,-50.));
#9841=CARTESIAN_POINT('',(-62.0000000000001,9.99999999999993,-50.));
#9842=CARTESIAN_POINT('Origin',(-57.5000000000001,9.99999999999993,-50.));
#9843=CARTESIAN_POINT('',(-62.0000000000001,9.99999999999993,-47.));
#9844=CARTESIAN_POINT('',(-62.0000000000001,9.99999999999993,-50.));
#9845=CARTESIAN_POINT('Origin',(-57.5000000000001,9.99999999999993,-47.));
#9846=CARTESIAN_POINT('Origin',(0.,9.99999999999993,-47.));
#9847=CARTESIAN_POINT('',(-60.3000000000001,9.99999999999993,-47.));
#9848=CARTESIAN_POINT('Origin',(-57.5000000000001,9.99999999999993,-47.));
#9849=CARTESIAN_POINT('Origin',(57.5000000000001,9.99999999999993,-50.));
#9850=CARTESIAN_POINT('',(53.,9.99999999999993,-50.));
#9851=CARTESIAN_POINT('Origin',(57.5000000000001,9.99999999999993,-50.));
#9852=CARTESIAN_POINT('',(53.,9.99999999999993,-47.));
#9853=CARTESIAN_POINT('',(53.,9.99999999999993,-50.));
#9854=CARTESIAN_POINT('Origin',(57.5000000000001,9.99999999999993,-47.));
#9855=CARTESIAN_POINT('Origin',(0.,9.99999999999993,-47.));
#9856=CARTESIAN_POINT('',(54.7000000000001,9.99999999999993,-47.));
#9857=CARTESIAN_POINT('Origin',(57.5000000000001,9.99999999999993,-47.));
#9858=CARTESIAN_POINT('Ctrl Pts',(-57.5000000000001,15.2499999999999,-47.));
#9859=CARTESIAN_POINT('Ctrl Pts',(-57.4962647791921,15.2499999999999,-46.9976409018518));
#9860=CARTESIAN_POINT('Ctrl Pts',(-57.4925265828359,15.2500002277554,-46.9952771306261));
#9861=CARTESIAN_POINT('Ctrl Pts',(-56.2395730518407,15.2461390039408,-46.2049760529598));
#9862=CARTESIAN_POINT('Ctrl Pts',(-54.5539951861754,14.7762358528681,-45.0917382896539));
#9863=CARTESIAN_POINT('Ctrl Pts',(-52.8473090761265,13.285638229774,-44.1672605486491));
#9864=CARTESIAN_POINT('Ctrl Pts',(-52.3280310601191,12.4912095892684,-44.));
#9865=CARTESIAN_POINT('Ctrl Pts',(-52.136526024083,12.0725942462672,-44.));
#9866=CARTESIAN_POINT('Ctrl Pts',(-57.5000000000001,15.2499999999999,-47.));
#9867=CARTESIAN_POINT('Ctrl Pts',(-57.4963626629234,15.2500676287325,-46.9975109975547));
#9868=CARTESIAN_POINT('Ctrl Pts',(-57.4927151338514,15.2499337219577,-46.9950139653332));
#9869=CARTESIAN_POINT('Ctrl Pts',(-56.2721846401553,15.2504729157003,-46.1606556964487));
#9870=CARTESIAN_POINT('Ctrl Pts',(-54.6336736053805,14.7183204895879,-44.9861673298889));
#9871=CARTESIAN_POINT('Ctrl Pts',(-53.028625496809,13.1597477322103,-44.1118099804712));
#9872=CARTESIAN_POINT('Ctrl Pts',(-52.5547720238554,12.3777634303378,-43.9851781697559));
#9873=CARTESIAN_POINT('Ctrl Pts',(-52.3807267551042,11.9782283497753,-44.));
#9874=CARTESIAN_POINT('Ctrl Pts',(-57.5000000000001,15.2499999999999,-47.));
#9875=CARTESIAN_POINT('Ctrl Pts',(-57.4964574075334,15.2500616176484,-46.99737578698));
#9876=CARTESIAN_POINT('Ctrl Pts',(-57.4929071489533,15.2499397073246,-46.9947548315518));
#9877=CARTESIAN_POINT('Ctrl Pts',(-56.3040881220984,15.2499345516682,-46.1167989094656));
#9878=CARTESIAN_POINT('Ctrl Pts',(-54.7138490366985,14.7128251494092,-44.8786201947496));
#9879=CARTESIAN_POINT('Ctrl Pts',(-53.1990913594559,13.1143776134759,-43.907675657206));
#9880=CARTESIAN_POINT('Ctrl Pts',(-52.7625432344944,12.3059279384644,-43.7522807175452));
#9881=CARTESIAN_POINT('Ctrl Pts',(-52.6029150654671,11.8923686596353,-43.7617993877992));
#9882=CARTESIAN_POINT('Ctrl Pts',(-57.5000000000001,15.2499999999999,-47.));
#9883=CARTESIAN_POINT('Ctrl Pts',(-57.4965512765692,15.2499999999999,-46.9972477188266));
#9884=CARTESIAN_POINT('Ctrl Pts',(-57.4930995738631,15.2500001778671,-46.9944899857304));
#9885=CARTESIAN_POINT('Ctrl Pts',(-56.3364932877956,15.2459951150045,-46.0724720617979));
#9886=CARTESIAN_POINT('Ctrl Pts',(-54.7940127926194,14.7543043382532,-44.773694671263));
#9887=CARTESIAN_POINT('Ctrl Pts',(-53.2429155605415,13.1785419056053,-43.6951373067599));
#9888=CARTESIAN_POINT('Ctrl Pts',(-52.7745898142426,12.3366297826399,-43.5));
#9889=CARTESIAN_POINT('Ctrl Pts',(-52.6029150654671,11.8923686596353,-43.5));
#9890=CARTESIAN_POINT('',(-52.6029150654671,11.8923686596353,-43.5));
#9891=CARTESIAN_POINT('',(-52.1365260240831,12.0725942462672,-44.));
#9892=CARTESIAN_POINT('Origin',(-52.136526024083,12.0725942462673,-43.5));
#9893=CARTESIAN_POINT('',(-57.5000000000001,15.2499999999999,-47.));
#9894=CARTESIAN_POINT('Ctrl Pts',(-52.136526024083,12.0725942462672,-44.));
#9895=CARTESIAN_POINT('Ctrl Pts',(-52.3280310601191,12.4912095892684,-44.));
#9896=CARTESIAN_POINT('Ctrl Pts',(-52.8473090761265,13.285638229774,-44.1672605486491));
#9897=CARTESIAN_POINT('Ctrl Pts',(-54.5539951861754,14.7762358528681,-45.0917382896539));
#9898=CARTESIAN_POINT('Ctrl Pts',(-56.2395730518407,15.2461390039408,-46.2049760529598));
#9899=CARTESIAN_POINT('Ctrl Pts',(-57.4925265828359,15.2500002277554,-46.9952771306261));
#9900=CARTESIAN_POINT('Ctrl Pts',(-57.4962647791921,15.2499999999999,-46.9976409018518));
#9901=CARTESIAN_POINT('Ctrl Pts',(-57.5000000000001,15.2499999999999,-47.));
#9902=CARTESIAN_POINT('Ctrl Pts',(-57.5000000000001,15.2499999999999,-47.));
#9903=CARTESIAN_POINT('Ctrl Pts',(-57.4965512765692,15.2499999999999,-46.9972477188266));
#9904=CARTESIAN_POINT('Ctrl Pts',(-57.4930995738631,15.2500001778671,-46.9944899857304));
#9905=CARTESIAN_POINT('Ctrl Pts',(-56.3364932877956,15.2459951150045,-46.0724720617979));
#9906=CARTESIAN_POINT('Ctrl Pts',(-54.7940127926194,14.7543043382532,-44.773694671263));
#9907=CARTESIAN_POINT('Ctrl Pts',(-53.2429155605415,13.1785419056053,-43.6951373067599));
#9908=CARTESIAN_POINT('Ctrl Pts',(-52.7745898142426,12.3366297826399,-43.5));
#9909=CARTESIAN_POINT('Ctrl Pts',(-52.6029150654671,11.8923686596353,-43.5));
#9910=CARTESIAN_POINT('Origin',(-57.5000000000001,9.99999999999993,-43.5));
#9911=CARTESIAN_POINT('',(-59.554347826087,5.16862804066458,-43.5));
#9912=CARTESIAN_POINT('Origin',(-57.5000000000001,9.99999999999993,-43.5));
#9913=CARTESIAN_POINT('',(-59.75,4.70849737787073,-44.));
#9914=CARTESIAN_POINT('Origin',(-59.75,4.70849737787073,-43.5));
#9915=CARTESIAN_POINT('Origin',(-57.5000000000001,9.99999999999993,-44.));
#9916=CARTESIAN_POINT('Ctrl Pts',(-59.75,4.70849737787074,-44.));
#9917=CARTESIAN_POINT('Ctrl Pts',(-60.1537756647265,4.90880175180684,-44.));
#9918=CARTESIAN_POINT('Ctrl Pts',(-60.7207537399627,5.30528281384686,-44.1232344566884));
#9919=CARTESIAN_POINT('Ctrl Pts',(-61.33578963481,5.94854350509681,-44.4373161001121));
#9920=CARTESIAN_POINT('Ctrl Pts',(-61.726238370348,6.46993624088132,-44.7266406833136));
#9921=CARTESIAN_POINT('Ctrl Pts',(-62.0510489445256,7.02413070256609,-45.0576542295169));
#9922=CARTESIAN_POINT('Ctrl Pts',(-62.3955692666228,7.78638347979199,-45.5347278336305));
#9923=CARTESIAN_POINT('Ctrl Pts',(-62.6756830540728,8.77750025524715,-46.1824604234746));
#9924=CARTESIAN_POINT('Ctrl Pts',(-62.7493411848954,9.58593417904796,-46.7230978120719));
#9925=CARTESIAN_POINT('Ctrl Pts',(-62.749997494176,9.99309186016502,-46.9953803079036));
#9926=CARTESIAN_POINT('Ctrl Pts',(-62.7500000000001,9.9965455911221,-46.9976899198209));
#9927=CARTESIAN_POINT('Ctrl Pts',(-62.7500000000001,9.9999999999999,-47.));
#9928=CARTESIAN_POINT('Ctrl Pts',(-59.698778380648,4.82895930369778,-44.));
#9929=CARTESIAN_POINT('Ctrl Pts',(-60.0934029426104,5.02061674258921,-43.9929501843655));
#9930=CARTESIAN_POINT('Ctrl Pts',(-60.6560972517019,5.40039188566468,-44.1013594798675));
#9931=CARTESIAN_POINT('Ctrl Pts',(-61.2801570221678,6.0233314572553,-44.4023288337282));
#9932=CARTESIAN_POINT('Ctrl Pts',(-61.6808785249074,6.53091652142046,-44.6863806837917));
#9933=CARTESIAN_POINT('Ctrl Pts',(-62.0174016774777,7.07270675671142,-45.0166809125006));
#9934=CARTESIAN_POINT('Ctrl Pts',(-62.3768325588297,7.82018183629771,-45.4982055229335));
#9935=CARTESIAN_POINT('Ctrl Pts',(-62.6715298608846,8.79517010589797,-46.1595085156863));
#9936=CARTESIAN_POINT('Ctrl Pts',(-62.7493088112214,9.59192984849169,-46.7153800437094));
#9937=CARTESIAN_POINT('Ctrl Pts',(-62.7499973307292,9.99319200879414,-46.9952521337606));
#9938=CARTESIAN_POINT('Ctrl Pts',(-62.7500000000001,9.99659565501924,-46.9976257509273));
#9939=CARTESIAN_POINT('Ctrl Pts',(-62.7500000000001,9.9999999999999,-47.));
#9940=CARTESIAN_POINT('Ctrl Pts',(-59.5967990838269,5.06879206660088,-43.8915134524425));
#9941=CARTESIAN_POINT('Ctrl Pts',(-59.9882324174221,5.2436026633694,-43.8786162643252));
#9942=CARTESIAN_POINT('Ctrl Pts',(-60.5571940696621,5.59035407016813,-43.9790465998927));
#9943=CARTESIAN_POINT('Ctrl Pts',(-61.2021394806638,6.17312490660308,-44.2825459744504));
#9944=CARTESIAN_POINT('Ctrl Pts',(-61.6203574874902,6.65320779328723,-44.5739978408274));
#9945=CARTESIAN_POINT('Ctrl Pts',(-61.9741099593842,7.17024002323842,-44.9167069615016));
#9946=CARTESIAN_POINT('Ctrl Pts',(-62.3537237713132,7.88809378223093,-45.4195656134168));
#9947=CARTESIAN_POINT('Ctrl Pts',(-62.666501068329,8.83074591896101,-46.114429194513));
#9948=CARTESIAN_POINT('Ctrl Pts',(-62.749257459364,9.6039470690741,-46.7000336353845));
#9949=CARTESIAN_POINT('Ctrl Pts',(-62.7499972083198,9.9933921565779,-46.9949952704609));
#9950=CARTESIAN_POINT('Ctrl Pts',(-62.7500000000001,9.99669578281351,-46.9974974131401));
#9951=CARTESIAN_POINT('Ctrl Pts',(-62.7500000000001,9.9999999999999,-47.));
#9952=CARTESIAN_POINT('Ctrl Pts',(-59.554347826087,5.16862804066458,-43.6308996938996));
#9953=CARTESIAN_POINT('Ctrl Pts',(-59.9694786241889,5.34499033307099,-43.6264677300488));
#9954=CARTESIAN_POINT('Ctrl Pts',(-60.5609440201674,5.69461085276292,-43.7556526628509));
#9955=CARTESIAN_POINT('Ctrl Pts',(-61.2152091000487,6.27187875176087,-44.1009203599467));
#9956=CARTESIAN_POINT('Ctrl Pts',(-61.6346008668453,6.74419819046814,-44.4230518971478));
#9957=CARTESIAN_POINT('Ctrl Pts',(-61.9862581420975,7.2500859420575,-44.7947200276057));
#9958=CARTESIAN_POINT('Ctrl Pts',(-62.3613529960763,7.95002743047324,-45.3334178297311));
#9959=CARTESIAN_POINT('Ctrl Pts',(-62.6683848370334,8.86586747903373,-46.0688595350236));
#9960=CARTESIAN_POINT('Ctrl Pts',(-62.7492880100033,9.61591503050423,-46.6846334080088));
#9961=CARTESIAN_POINT('Ctrl Pts',(-62.7499971764757,9.99359258836939,-46.99473871746));
#9962=CARTESIAN_POINT('Ctrl Pts',(-62.7500000000001,9.99679591060779,-46.997369075353));
#9963=CARTESIAN_POINT('Ctrl Pts',(-62.7500000000001,9.99999999999991,-47.));
#9964=CARTESIAN_POINT('Ctrl Pts',(-59.554347826087,5.16862804066458,-43.5));
#9965=CARTESIAN_POINT('Ctrl Pts',(-59.9844566863391,5.35151464295407,-43.5));
#9966=CARTESIAN_POINT('Ctrl Pts',(-60.588411592569,5.71351909090365,-43.6437735328032));
#9967=CARTESIAN_POINT('Ctrl Pts',(-61.2435585240368,6.30084406987102,-44.0102021167976));
#9968=CARTESIAN_POINT('Ctrl Pts',(-61.6594713075446,6.77689830689166,-44.347747463866));
#9969=CARTESIAN_POINT('Ctrl Pts',(-62.0054651800381,7.28290194582123,-44.7339299344365));
#9970=CARTESIAN_POINT('Ctrl Pts',(-62.3724542187939,7.97887187285358,-45.2905158059026));
#9971=CARTESIAN_POINT('Ctrl Pts',(-62.6708362967297,8.88380458087785,-46.046203827387));
#9972=CARTESIAN_POINT('Ctrl Pts',(-62.7492982186929,9.62193990260909,-46.676947447418));
#9973=CARTESIAN_POINT('Ctrl Pts',(-62.7499973307527,9.99369256797676,-46.9946103592208));
#9974=CARTESIAN_POINT('Ctrl Pts',(-62.7500000000001,9.99684597450493,-46.9973049064594));
#9975=CARTESIAN_POINT('Ctrl Pts',(-62.7500000000001,9.99999999999991,-47.));
#9976=CARTESIAN_POINT('',(-62.7500000000001,9.99999999999991,-47.));
#9977=CARTESIAN_POINT('Ctrl Pts',(-59.554347826087,5.16862804066458,-43.5));
#9978=CARTESIAN_POINT('Ctrl Pts',(-59.9844566863391,5.35151464295407,-43.5));
#9979=CARTESIAN_POINT('Ctrl Pts',(-60.588411592569,5.71351909090365,-43.6437735328032));
#9980=CARTESIAN_POINT('Ctrl Pts',(-61.2435585240368,6.30084406987102,-44.0102021167976));
#9981=CARTESIAN_POINT('Ctrl Pts',(-61.6594713075446,6.77689830689166,-44.347747463866));
#9982=CARTESIAN_POINT('Ctrl Pts',(-62.0054651800381,7.28290194582123,-44.7339299344365));
#9983=CARTESIAN_POINT('Ctrl Pts',(-62.3724542187939,7.97887187285358,-45.2905158059026));
#9984=CARTESIAN_POINT('Ctrl Pts',(-62.6708362967297,8.88380458087785,-46.046203827387));
#9985=CARTESIAN_POINT('Ctrl Pts',(-62.7492982186929,9.62193990260909,-46.676947447418));
#9986=CARTESIAN_POINT('Ctrl Pts',(-62.7499973307527,9.99369256797676,-46.9946103592208));
#9987=CARTESIAN_POINT('Ctrl Pts',(-62.7500000000001,9.99684597450493,-46.9973049064594));
#9988=CARTESIAN_POINT('Ctrl Pts',(-62.7500000000001,9.99999999999991,-47.));
#9989=CARTESIAN_POINT('Ctrl Pts',(-62.7500000000001,9.9999999999999,-47.));
#9990=CARTESIAN_POINT('Ctrl Pts',(-62.7500000000001,9.9965455911221,-46.9976899198209));
#9991=CARTESIAN_POINT('Ctrl Pts',(-62.749997494176,9.99309186016502,-46.9953803079036));
#9992=CARTESIAN_POINT('Ctrl Pts',(-62.7493411848954,9.58593417904796,-46.7230978120719));
#9993=CARTESIAN_POINT('Ctrl Pts',(-62.6756830540728,8.77750025524715,-46.1824604234746));
#9994=CARTESIAN_POINT('Ctrl Pts',(-62.3955692666228,7.78638347979199,-45.5347278336305));
#9995=CARTESIAN_POINT('Ctrl Pts',(-62.0510489445256,7.02413070256609,-45.0576542295169));
#9996=CARTESIAN_POINT('Ctrl Pts',(-61.726238370348,6.46993624088132,-44.7266406833136));
#9997=CARTESIAN_POINT('Ctrl Pts',(-61.33578963481,5.94854350509681,-44.4373161001121));
#9998=CARTESIAN_POINT('Ctrl Pts',(-60.7207537399627,5.30528281384686,-44.1232344566884));
#9999=CARTESIAN_POINT('Ctrl Pts',(-60.1537756647265,4.90880175180684,-44.));
#10000=CARTESIAN_POINT('Ctrl Pts',(-59.75,4.70849737787074,-44.));
#10001=CARTESIAN_POINT('Ctrl Pts',(-57.5000000000001,12.2499999999999,-44.));
#10002=CARTESIAN_POINT('Ctrl Pts',(-56.4834342308264,12.2499999999999,-44.));
#10003=CARTESIAN_POINT('Ctrl Pts',(-54.4518373762328,12.1883649181359,-44.));
#10004=CARTESIAN_POINT('Ctrl Pts',(-50.3908988850828,11.9900651823736,-44.));
#10005=CARTESIAN_POINT('Ctrl Pts',(-43.2897582670929,11.5383826593468,-44.));
#10006=CARTESIAN_POINT('Ctrl Pts',(-31.1275505347974,10.6700564609751,-44.));
#10007=CARTESIAN_POINT('Ctrl Pts',(-20.9825589525659,9.98853301949684,-44.));
#10008=CARTESIAN_POINT('Ctrl Pts',(-14.8917163603796,9.68297908087433,-44.));
#10009=CARTESIAN_POINT('Ctrl Pts',(-57.5000000000001,13.1475979010256,-44.));
#10010=CARTESIAN_POINT('Ctrl Pts',(-56.4613679122514,13.1475979010256,-44.));
#10011=CARTESIAN_POINT('Ctrl Pts',(-54.4143893608538,13.085222440325,-44.));
#10012=CARTESIAN_POINT('Ctrl Pts',(-50.3370254104831,12.8861751450537,-44.));
#10013=CARTESIAN_POINT('Ctrl Pts',(-43.2270901451579,12.4337774852163,-44.));
#10014=CARTESIAN_POINT('Ctrl Pts',(-31.0634506032287,11.5653792044303,-44.));
#10015=CARTESIAN_POINT('Ctrl Pts',(-20.9267339247136,10.8844591509674,-44.));
#10016=CARTESIAN_POINT('Ctrl Pts',(-14.8467439107879,10.5794496440851,-44.));
#10017=CARTESIAN_POINT('Ctrl Pts',(-57.5000000000001,14.7016299081854,-44.7532627802089));
#10018=CARTESIAN_POINT('Ctrl Pts',(-56.4234305165031,14.7016299081854,-44.7532627802089));
#10019=CARTESIAN_POINT('Ctrl Pts',(-54.3498349394908,14.6379768405776,-44.7532627802089));
#10020=CARTESIAN_POINT('Ctrl Pts',(-50.2441095868535,14.4376402753989,-44.7532627802089));
#10021=CARTESIAN_POINT('Ctrl Pts',(-43.118806635628,13.9840045822741,-44.7532627802089));
#10022=CARTESIAN_POINT('Ctrl Pts',(-30.9524872919308,13.1154725690155,-44.7532627802089));
#10023=CARTESIAN_POINT('Ctrl Pts',(-20.8302138475933,12.4356033608454,-44.7532627802089));
#10024=CARTESIAN_POINT('Ctrl Pts',(-14.7688820686133,12.131529865211,-44.7532627802089));
#10025=CARTESIAN_POINT('Ctrl Pts',(-57.5000000000001,15.2499999999999,-46.3268015742308));
#10026=CARTESIAN_POINT('Ctrl Pts',(-56.4099269717233,15.2499999999999,-46.3268015742308));
#10027=CARTESIAN_POINT('Ctrl Pts',(-54.3269330882343,15.185894254469,-46.3268015742308));
#10028=CARTESIAN_POINT('Ctrl Pts',(-50.2111664558527,14.985100559396,-46.3268015742308));
#10029=CARTESIAN_POINT('Ctrl Pts',(-43.0805025423715,14.5310279588273,-46.3268015742308));
#10030=CARTESIAN_POINT('Ctrl Pts',(-30.9133254603794,13.6624526642478,-46.3268015742307));
#10031=CARTESIAN_POINT('Ctrl Pts',(-20.7960975332645,12.9829515608958,-46.3268015742308));
#10032=CARTESIAN_POINT('Ctrl Pts',(-14.7414070196147,12.679211231773,-46.3268015742308));
#10033=CARTESIAN_POINT('Ctrl Pts',(-57.5000000000001,15.2499999999999,-47.));
#10034=CARTESIAN_POINT('Ctrl Pts',(-56.4099781530264,15.2499999999999,-47.));
#10035=CARTESIAN_POINT('Ctrl Pts',(-54.3269868929767,15.1858950663773,-47.));
#10036=CARTESIAN_POINT('Ctrl Pts',(-50.2112349266852,14.9851023308935,-47.));
#10037=CARTESIAN_POINT('Ctrl Pts',(-43.0805438779732,14.5310297494533,-47.));
#10038=CARTESIAN_POINT('Ctrl Pts',(-30.9133282222702,13.6624527392056,-47.));
#10039=CARTESIAN_POINT('Ctrl Pts',(-20.7961227050707,12.9829528236677,-47.));
#10040=CARTESIAN_POINT('Ctrl Pts',(-14.7414070196147,12.679211231773,-47.));
#10041=CARTESIAN_POINT('',(-14.8917163603796,9.68297908087433,-44.));
#10042=CARTESIAN_POINT('Ctrl Pts',(-52.1365062891198,12.0729801175187,-44.));
#10043=CARTESIAN_POINT('Ctrl Pts',(-51.8931207806282,12.0605324317983,-44.));
#10044=CARTESIAN_POINT('Ctrl Pts',(-49.6196797063542,11.9410102145601,-44.));
#10045=CARTESIAN_POINT('Ctrl Pts',(-43.2897582670929,11.5383826593468,-44.));
#10046=CARTESIAN_POINT('Ctrl Pts',(-31.1275505347974,10.6700564609751,-44.));
#10047=CARTESIAN_POINT('Ctrl Pts',(-20.9825589525659,9.98853301949684,-44.));
#10048=CARTESIAN_POINT('Ctrl Pts',(-14.8917163603796,9.68297908087433,-44.));
#10049=CARTESIAN_POINT('Origin',(-14.8917163603796,9.68297908087433,-47.));
#10050=CARTESIAN_POINT('Ctrl Pts',(-14.7414070196147,12.679211231773,-47.));
#10051=CARTESIAN_POINT('Ctrl Pts',(-20.7961227050707,12.9829528236677,-47.));
#10052=CARTESIAN_POINT('Ctrl Pts',(-30.9133282222702,13.6624527392056,-47.));
#10053=CARTESIAN_POINT('Ctrl Pts',(-43.0805438779732,14.5310297494533,-47.));
#10054=CARTESIAN_POINT('Ctrl Pts',(-50.2112349266852,14.9851023308935,-47.));
#10055=CARTESIAN_POINT('Ctrl Pts',(-54.3269868929767,15.1858950663773,-47.));
#10056=CARTESIAN_POINT('Ctrl Pts',(-56.4099781530264,15.2499999999999,-47.));
#10057=CARTESIAN_POINT('Ctrl Pts',(-57.5000000000001,15.2499999999999,-47.));
#10058=CARTESIAN_POINT('Ctrl Pts',(62.7500000000001,9.9999999999999,-47.));
#10059=CARTESIAN_POINT('Ctrl Pts',(62.7500000000001,9.99654559111447,-46.9976899198281));
#10060=CARTESIAN_POINT('Ctrl Pts',(62.7499973142191,9.99309147518522,-46.9953800544814));
#10061=CARTESIAN_POINT('Ctrl Pts',(62.7493717203426,9.58599983795311,-46.7231411231584));
#10062=CARTESIAN_POINT('Ctrl Pts',(62.6754485747531,8.77727301161716,-46.1823832943132));
#10063=CARTESIAN_POINT('Ctrl Pts',(62.3401273411094,7.58933053937025,-45.4059323308194));
#10064=CARTESIAN_POINT('Ctrl Pts',(61.7606481435265,6.4568830220009,-44.7082558296032));
#10065=CARTESIAN_POINT('Ctrl Pts',(60.9103088918517,5.43866662198642,-44.1652094042988));
#10066=CARTESIAN_POINT('Ctrl Pts',(60.1537756647409,4.90880175181602,-44.0000000000022));
#10067=CARTESIAN_POINT('Ctrl Pts',(59.7500000000163,4.70849737787878,-44.));
#10068=CARTESIAN_POINT('Ctrl Pts',(62.7500000000001,9.9999999999999,-47.));
#10069=CARTESIAN_POINT('Ctrl Pts',(62.7499998175207,9.99664607728585,-46.9975617228775));
#10070=CARTESIAN_POINT('Ctrl Pts',(62.7499971597706,9.99329131896335,-46.9951232552305));
#10071=CARTESIAN_POINT('Ctrl Pts',(62.7493114766277,9.59803009235621,-46.7077599131259));
#10072=CARTESIAN_POINT('Ctrl Pts',(62.6670016307331,8.81269985896258,-46.1369408225352));
#10073=CARTESIAN_POINT('Ctrl Pts',(62.2967784940989,7.66352859375636,-45.3281960572744));
#10074=CARTESIAN_POINT('Ctrl Pts',(61.6690097558222,6.57741085670603,-44.623714795286));
#10075=CARTESIAN_POINT('Ctrl Pts',(60.7793011861514,5.6178322013126,-44.1116165196253));
#10076=CARTESIAN_POINT('Ctrl Pts',(60.0324003519776,5.13234981712179,-43.9860904865039));
#10077=CARTESIAN_POINT('Ctrl Pts',(59.6475567613115,4.94942122953218,-43.9999999999995));
#10078=CARTESIAN_POINT('Ctrl Pts',(62.7500000000001,9.9999999999999,-47.));
#10079=CARTESIAN_POINT('Ctrl Pts',(62.7499998147528,9.99674593381631,-46.9974337625876));
#10080=CARTESIAN_POINT('Ctrl Pts',(62.7499971113369,9.99349188808711,-46.9948661493868));
#10081=CARTESIAN_POINT('Ctrl Pts',(62.7492948174582,9.60999852574907,-46.6924205676478));
#10082=CARTESIAN_POINT('Ctrl Pts',(62.6654162460332,8.84814085742311,-46.0915176889929));
#10083=CARTESIAN_POINT('Ctrl Pts',(62.2874678369194,7.73756716022735,-45.2343300884882));
#10084=CARTESIAN_POINT('Ctrl Pts',(61.6443866450311,6.69655867992299,-44.4758844283776));
#10085=CARTESIAN_POINT('Ctrl Pts',(60.7280398628328,5.78948442392557,-43.9067280382784));
#10086=CARTESIAN_POINT('Ctrl Pts',(59.9537423413554,5.3385867571112,-43.7529272858733));
#10087=CARTESIAN_POINT('Ctrl Pts',(59.5543478261031,5.16862804067142,-43.7617993877988));
#10088=CARTESIAN_POINT('Ctrl Pts',(62.7500000000001,9.9999999999999,-47.));
#10089=CARTESIAN_POINT('Ctrl Pts',(62.7500000000001,9.99684597449595,-46.9973049064662));
#10090=CARTESIAN_POINT('Ctrl Pts',(62.7499971390595,9.99369221647345,-46.9946100635616));
#10091=CARTESIAN_POINT('Ctrl Pts',(62.7493307455824,9.62199985204389,-46.6769979770184));
#10092=CARTESIAN_POINT('Ctrl Pts',(62.6705865252805,8.88359709756345,-46.0461138433654));
#10093=CARTESIAN_POINT('Ctrl Pts',(62.3133965155296,7.79895397072924,-45.140254385956));
#10094=CARTESIAN_POINT('Ctrl Pts',(61.6961251963653,6.76498015052256,-44.3262984678705));
#10095=CARTESIAN_POINT('Ctrl Pts',(60.7903290369725,5.83530430703105,-43.6927443050153));
#10096=CARTESIAN_POINT('Ctrl Pts',(59.9844566863546,5.3515146429625,-43.5000000000026));
#10097=CARTESIAN_POINT('Ctrl Pts',(59.5543478261043,5.16862804067193,-43.5));
#10098=CARTESIAN_POINT('',(59.5543478261043,5.16862804067193,-43.5));
#10099=CARTESIAN_POINT('',(59.7500000000081,4.70849737787878,-44.));
#10100=CARTESIAN_POINT('Origin',(59.750000000019,4.70849737787878,-43.5));
#10101=CARTESIAN_POINT('',(62.7500000000001,9.99999999999993,-47.));
#10102=CARTESIAN_POINT('Ctrl Pts',(59.7500000000163,4.70849737787878,-44.));
#10103=CARTESIAN_POINT('Ctrl Pts',(60.1537756647409,4.90880175181602,-44.0000000000022));
#10104=CARTESIAN_POINT('Ctrl Pts',(60.9103088918517,5.43866662198642,-44.1652094042988));
#10105=CARTESIAN_POINT('Ctrl Pts',(61.7606481435265,6.4568830220009,-44.7082558296032));
#10106=CARTESIAN_POINT('Ctrl Pts',(62.3401273411094,7.58933053937025,-45.4059323308194));
#10107=CARTESIAN_POINT('Ctrl Pts',(62.6754485747531,8.77727301161716,-46.1823832943132));
#10108=CARTESIAN_POINT('Ctrl Pts',(62.7493717203426,9.58599983795311,-46.7231411231584));
#10109=CARTESIAN_POINT('Ctrl Pts',(62.7499973142191,9.99309147518522,-46.9953800544814));
#10110=CARTESIAN_POINT('Ctrl Pts',(62.7500000000001,9.99654559111447,-46.9976899198281));
#10111=CARTESIAN_POINT('Ctrl Pts',(62.7500000000001,9.9999999999999,-47.));
#10112=CARTESIAN_POINT('Ctrl Pts',(62.7500000000001,9.9999999999999,-47.));
#10113=CARTESIAN_POINT('Ctrl Pts',(62.7500000000001,9.99684597449595,-46.9973049064662));
#10114=CARTESIAN_POINT('Ctrl Pts',(62.7499971390595,9.99369221647345,-46.9946100635616));
#10115=CARTESIAN_POINT('Ctrl Pts',(62.7493307455824,9.62199985204389,-46.6769979770184));
#10116=CARTESIAN_POINT('Ctrl Pts',(62.6705865252805,8.88359709756345,-46.0461138433654));
#10117=CARTESIAN_POINT('Ctrl Pts',(62.3133965155296,7.79895397072924,-45.140254385956));
#10118=CARTESIAN_POINT('Ctrl Pts',(61.6961251963653,6.76498015052256,-44.3262984678705));
#10119=CARTESIAN_POINT('Ctrl Pts',(60.7903290369725,5.83530430703105,-43.6927443050153));
#10120=CARTESIAN_POINT('Ctrl Pts',(59.9844566863546,5.3515146429625,-43.5000000000026));
#10121=CARTESIAN_POINT('Ctrl Pts',(59.5543478261043,5.16862804067193,-43.5));
#10122=CARTESIAN_POINT('Origin',(57.5000000000001,9.99999999999993,-43.5));
#10123=CARTESIAN_POINT('',(52.602915065467,11.8923686596352,-43.5));
#10124=CARTESIAN_POINT('Origin',(57.5000000000001,9.99999999999993,-43.5));
#10125=CARTESIAN_POINT('',(52.136526024083,12.0725942462672,-44.));
#10126=CARTESIAN_POINT('Origin',(52.136526024083,12.0725942462672,-43.5));
#10127=CARTESIAN_POINT('Origin',(57.5000000000001,9.99999999999993,-44.));
#10128=CARTESIAN_POINT('Ctrl Pts',(52.1365260240829,12.0725942462672,-44.));
#10129=CARTESIAN_POINT('Ctrl Pts',(52.328031060119,12.4912095892682,-44.));
#10130=CARTESIAN_POINT('Ctrl Pts',(52.719264215862,13.0871568941861,-44.1270857616589));
#10131=CARTESIAN_POINT('Ctrl Pts',(53.3588925913527,13.7316766270581,-44.4448370033173));
#10132=CARTESIAN_POINT('Ctrl Pts',(53.8870290392354,14.1481340774241,-44.7392128840217));
#10133=CARTESIAN_POINT('Ctrl Pts',(54.4424251466208,14.4906626372461,-45.0692616826885));
#10134=CARTESIAN_POINT('Ctrl Pts',(55.2228447855862,14.8631562568239,-45.5505888404447));
#10135=CARTESIAN_POINT('Ctrl Pts',(56.2332873388294,15.1659788214103,-46.1934728094836));
#10136=CARTESIAN_POINT('Ctrl Pts',(57.0719538171576,15.2493081012034,-46.7295877254098));
#10137=CARTESIAN_POINT('Ctrl Pts',(57.4925293033465,15.2499964740396,-46.9952814231918));
#10138=CARTESIAN_POINT('Ctrl Pts',(57.4962647791896,15.2499999999999,-46.99764090185));
#10139=CARTESIAN_POINT('Ctrl Pts',(57.5000000000001,15.2499999999999,-47.));
#10140=CARTESIAN_POINT('Ctrl Pts',(52.2586263895935,12.0254112980212,-44.));
#10141=CARTESIAN_POINT('Ctrl Pts',(52.4414953418854,12.4344693194151,-43.9925732100203));
#10142=CARTESIAN_POINT('Ctrl Pts',(52.8155612460416,13.0257953076545,-44.1043452223173));
#10143=CARTESIAN_POINT('Ctrl Pts',(53.4342154032503,13.6789447037166,-44.4091582001442));
#10144=CARTESIAN_POINT('Ctrl Pts',(53.947878912556,14.1053453138638,-44.698453182684));
#10145=CARTESIAN_POINT('Ctrl Pts',(54.4905158747616,14.4590239793224,-45.0280889133638));
#10146=CARTESIAN_POINT('Ctrl Pts',(55.2555961001269,14.8458122916116,-45.5142055836581));
#10147=CARTESIAN_POINT('Ctrl Pts',(56.2499157145548,15.1622456991877,-46.1708342722502));
#10148=CARTESIAN_POINT('Ctrl Pts',(57.0774240084688,15.2492814715745,-46.7220489063001));
#10149=CARTESIAN_POINT('Ctrl Pts',(57.4926248619274,15.2499962973297,-46.995150517283));
#10150=CARTESIAN_POINT('Ctrl Pts',(57.4963125287525,15.2499999999999,-46.9975753713457));
#10151=CARTESIAN_POINT('Ctrl Pts',(57.5000000000001,15.2499999999999,-47.));
#10152=CARTESIAN_POINT('Ctrl Pts',(52.5017211916302,11.9314727629857,-43.8915134524425));
#10153=CARTESIAN_POINT('Ctrl Pts',(52.6670051587788,12.3366859103705,-43.8779266138014));
#10154=CARTESIAN_POINT('Ctrl Pts',(53.0064479445759,12.9334822717729,-43.9815125533045));
#10155=CARTESIAN_POINT('Ctrl Pts',(53.5836122083592,13.6062693052887,-44.2891879704883));
#10156=CARTESIAN_POINT('Ctrl Pts',(54.0686769600978,14.049290351575,-44.5862348020482));
#10157=CARTESIAN_POINT('Ctrl Pts',(54.5861907791643,14.4190418710828,-44.9284528389554));
#10158=CARTESIAN_POINT('Ctrl Pts',(55.3209958372658,14.8248264413904,-45.4362809311318));
#10159=CARTESIAN_POINT('Ctrl Pts',(56.2833896351101,15.1578081413018,-46.126368956027));
#10160=CARTESIAN_POINT('Ctrl Pts',(57.0883906271928,15.2492391395094,-46.7070617468836));
#10161=CARTESIAN_POINT('Ctrl Pts',(57.492815820714,15.2499961578979,-46.9948881588453));
#10162=CARTESIAN_POINT('Ctrl Pts',(57.4964080278783,15.2499999999999,-46.9974443103372));
#10163=CARTESIAN_POINT('Ctrl Pts',(57.5000000000001,15.2499999999999,-47.));
#10164=CARTESIAN_POINT('Ctrl Pts',(52.602915065467,11.8923686596352,-43.6308996938996));
#10165=CARTESIAN_POINT('Ctrl Pts',(52.7685406995688,12.3213940409521,-43.6262307399264));
#10166=CARTESIAN_POINT('Ctrl Pts',(53.1094963862331,12.9404017032186,-43.759458518317));
#10167=CARTESIAN_POINT('Ctrl Pts',(53.6801541219467,13.621556553095,-44.108977884964));
#10168=CARTESIAN_POINT('Ctrl Pts',(54.1569597078365,14.0651721008473,-44.4369058269329));
#10169=CARTESIAN_POINT('Ctrl Pts',(54.6632516949389,14.432297708897,-44.8076630359371));
#10170=CARTESIAN_POINT('Ctrl Pts',(55.3800991228515,14.8329858269202,-45.3513267367948));
#10171=CARTESIAN_POINT('Ctrl Pts',(56.3163680254823,15.1597801140804,-46.0814058477794));
#10172=CARTESIAN_POINT('Ctrl Pts',(57.0993100186018,15.2492685378983,-46.6920239185707));
#10173=CARTESIAN_POINT('Ctrl Pts',(57.4930070634684,15.249996145575,-46.9946261051178));
#10174=CARTESIAN_POINT('Ctrl Pts',(57.4965035270041,15.2499999999999,-46.9973132493287));
#10175=CARTESIAN_POINT('Ctrl Pts',(57.5000000000001,15.2499999999999,-47.));
#10176=CARTESIAN_POINT('Ctrl Pts',(52.602915065467,11.8923686596352,-43.5));
#10177=CARTESIAN_POINT('Ctrl Pts',(52.7745898142426,12.3366297826399,-43.5));
#10178=CARTESIAN_POINT('Ctrl Pts',(53.1275709950135,12.9682388226105,-43.648266721936));
#10179=CARTESIAN_POINT('Ctrl Pts',(53.7079155636204,13.650077160262,-44.0189765038708));
#10180=CARTESIAN_POINT('Ctrl Pts',(54.1883416791777,14.090088473543,-44.3624150313595));
#10181=CARTESIAN_POINT('Ctrl Pts',(54.6946804062893,14.4514982210323,-44.7474719631374));
#10182=CARTESIAN_POINT('Ctrl Pts',(55.407582374607,14.8439737766353,-45.3090203138537));
#10183=CARTESIAN_POINT('Ctrl Pts',(56.3332281381648,15.1621700653753,-46.0590516110646));
#10184=CARTESIAN_POINT('Ctrl Pts',(57.1048117292294,15.2492777597263,-46.6845190129818));
#10185=CARTESIAN_POINT('Ctrl Pts',(57.493102431014,15.2499963124917,-46.9944949937237));
#10186=CARTESIAN_POINT('Ctrl Pts',(57.496551276567,15.2499999999999,-46.9972477188245));
#10187=CARTESIAN_POINT('Ctrl Pts',(57.5000000000001,15.2499999999999,-47.));
#10188=CARTESIAN_POINT('',(57.5,15.2499999999999,-47.));
#10189=CARTESIAN_POINT('Ctrl Pts',(52.602915065467,11.8923686596352,-43.5));
#10190=CARTESIAN_POINT('Ctrl Pts',(52.7745898142426,12.3366297826399,-43.5));
#10191=CARTESIAN_POINT('Ctrl Pts',(53.1275709950135,12.9682388226105,-43.648266721936));
#10192=CARTESIAN_POINT('Ctrl Pts',(53.7079155636204,13.650077160262,-44.0189765038708));
#10193=CARTESIAN_POINT('Ctrl Pts',(54.1883416791777,14.090088473543,-44.3624150313595));
#10194=CARTESIAN_POINT('Ctrl Pts',(54.6946804062893,14.4514982210323,-44.7474719631374));
#10195=CARTESIAN_POINT('Ctrl Pts',(55.407582374607,14.8439737766353,-45.3090203138537));
#10196=CARTESIAN_POINT('Ctrl Pts',(56.3332281381648,15.1621700653753,-46.0590516110646));
#10197=CARTESIAN_POINT('Ctrl Pts',(57.1048117292294,15.2492777597263,-46.6845190129818));
#10198=CARTESIAN_POINT('Ctrl Pts',(57.493102431014,15.2499963124917,-46.9944949937237));
#10199=CARTESIAN_POINT('Ctrl Pts',(57.496551276567,15.2499999999999,-46.9972477188245));
#10200=CARTESIAN_POINT('Ctrl Pts',(57.5000000000001,15.2499999999999,-47.));
#10201=CARTESIAN_POINT('Ctrl Pts',(57.5000000000001,15.2499999999999,-47.));
#10202=CARTESIAN_POINT('Ctrl Pts',(57.4962647791896,15.2499999999999,-46.99764090185));
#10203=CARTESIAN_POINT('Ctrl Pts',(57.4925293033465,15.2499964740396,-46.9952814231918));
#10204=CARTESIAN_POINT('Ctrl Pts',(57.0719538171576,15.2493081012034,-46.7295877254098));
#10205=CARTESIAN_POINT('Ctrl Pts',(56.2332873388294,15.1659788214103,-46.1934728094836));
#10206=CARTESIAN_POINT('Ctrl Pts',(55.2228447855862,14.8631562568239,-45.5505888404447));
#10207=CARTESIAN_POINT('Ctrl Pts',(54.4424251466208,14.4906626372461,-45.0692616826885));
#10208=CARTESIAN_POINT('Ctrl Pts',(53.8870290392354,14.1481340774241,-44.7392128840217));
#10209=CARTESIAN_POINT('Ctrl Pts',(53.3588925913527,13.7316766270581,-44.4448370033173));
#10210=CARTESIAN_POINT('Ctrl Pts',(52.719264215862,13.0871568941861,-44.1270857616589));
#10211=CARTESIAN_POINT('Ctrl Pts',(52.328031060119,12.4912095892682,-44.));
#10212=CARTESIAN_POINT('Ctrl Pts',(52.1365260240829,12.0725942462672,-44.));
#10213=CARTESIAN_POINT('Origin',(59.75,5.74999999999978,-47.));
#10214=CARTESIAN_POINT('',(59.75,-8.60422844084496E-14,-44.));
#10215=CARTESIAN_POINT('',(59.75,5.74999999999978,-44.));
#10216=CARTESIAN_POINT('',(62.75,-9.04994314279265E-14,-47.));
#10217=CARTESIAN_POINT('Origin',(59.75,-8.60422844084496E-14,-47.));
#10218=CARTESIAN_POINT('',(62.75,5.74999999999977,-47.));
#10219=CARTESIAN_POINT('Ctrl Pts',(-1.39346326716652E-5,12.1497385612887,
-44.));
#10220=CARTESIAN_POINT('Ctrl Pts',(-0.53655811416895,12.1497413166852,-44.));
#10221=CARTESIAN_POINT('Ctrl Pts',(-1.6089055138116,12.1313574507636,-44.));
#10222=CARTESIAN_POINT('Ctrl Pts',(-3.39771398751453,12.0191136419645,-44.));
#10223=CARTESIAN_POINT('Ctrl Pts',(-5.58494472183523,11.7304573735934,-44.));
#10224=CARTESIAN_POINT('Ctrl Pts',(-8.44701685869882,11.0895017638088,-44.));
#10225=CARTESIAN_POINT('Ctrl Pts',(-11.6187274921034,9.95471835262465,-44.));
#10226=CARTESIAN_POINT('Ctrl Pts',(-12.7443696481585,9.24761324693534,-44.));
#10227=CARTESIAN_POINT('Ctrl Pts',(-13.3304366213243,8.85996066419218,-44.));
#10228=CARTESIAN_POINT('Ctrl Pts',(-0.206952653177785,12.1621745755705,
-44.0362998253095));
#10229=CARTESIAN_POINT('Ctrl Pts',(-0.734768976316251,12.1593186565736,
-44.0354644986453));
#10230=CARTESIAN_POINT('Ctrl Pts',(-1.79653973583906,12.1357660955155,-44.0332091997425));
#10231=CARTESIAN_POINT('Ctrl Pts',(-3.58131684224854,12.0131575845137,-44.0282210751555));
#10232=CARTESIAN_POINT('Ctrl Pts',(-5.76736432905377,11.7131637664282,-44.0215501642978));
#10233=CARTESIAN_POINT('Ctrl Pts',(-8.61035935806654,11.0678184702991,-44.0132426285394));
#10234=CARTESIAN_POINT('Ctrl Pts',(-11.6894909474534,9.96870468067805,-44.0047919437623));
#10235=CARTESIAN_POINT('Ctrl Pts',(-12.7834605880158,9.28525726252535,-44.));
#10236=CARTESIAN_POINT('Ctrl Pts',(-13.3562098522279,8.91144625326457,-44.));
#10237=CARTESIAN_POINT('Ctrl Pts',(-0.627209310143241,12.1832034092723,
-44.108899945155));
#10238=CARTESIAN_POINT('Ctrl Pts',(-1.1413063176659,12.1748763717665,-44.1059358151236));
#10239=CARTESIAN_POINT('Ctrl Pts',(-2.18720459977142,12.1405277577369,-44.098457777605));
#10240=CARTESIAN_POINT('Ctrl Pts',(-3.96775535587052,11.9965179738787,-44.0827604627711));
#10241=CARTESIAN_POINT('Ctrl Pts',(-6.15205023764246,11.6739674605522,-44.0623681297741));
#10242=CARTESIAN_POINT('Ctrl Pts',(-8.94861261095894,11.0231047097496,-44.037778112916));
#10243=CARTESIAN_POINT('Ctrl Pts',(-11.8391667021133,9.9943659992392,-44.0133849022097));
#10244=CARTESIAN_POINT('Ctrl Pts',(-12.8693938013219,9.3566495182739,-44.));
#10245=CARTESIAN_POINT('Ctrl Pts',(-13.4135356983987,9.01103387510277,-44.));
#10246=CARTESIAN_POINT('Ctrl Pts',(-1.3017271225242,12.2006907582363,-44.2174849786367));
#10247=CARTESIAN_POINT('Ctrl Pts',(-1.80362713951346,12.1839979982975,-44.2100823508941));
#10248=CARTESIAN_POINT('Ctrl Pts',(-2.83748858491204,12.1317232970454,-44.192690253026));
#10249=CARTESIAN_POINT('Ctrl Pts',(-4.61900537580392,11.9541101650369,-44.1587542176804));
#10250=CARTESIAN_POINT('Ctrl Pts',(-6.79565941047875,11.59980935461,-44.1169014229808));
#10251=CARTESIAN_POINT('Ctrl Pts',(-9.49116563638897,10.9518097804095,-44.069218940596));
#10252=CARTESIAN_POINT('Ctrl Pts',(-12.0888513972494,10.0256573760283,-44.0235575162528));
#10253=CARTESIAN_POINT('Ctrl Pts',(-13.020096974868,9.45319568892404,-44.));
#10254=CARTESIAN_POINT('Ctrl Pts',(-13.5157355413164,9.14805152034457,-44.));
#10255=CARTESIAN_POINT('Ctrl Pts',(-2.04768440352147,12.2001717484522,-44.3253539906989));
#10256=CARTESIAN_POINT('Ctrl Pts',(-2.54340198973956,12.1745275709745,-44.3123170068638));
#10257=CARTESIAN_POINT('Ctrl Pts',(-3.5735095149112,12.1025624778418,-44.2829291113311));
#10258=CARTESIAN_POINT('Ctrl Pts',(-5.35825185174735,11.8907754731228,-44.2286731515966));
#10259=CARTESIAN_POINT('Ctrl Pts',(-7.51359345595067,11.5092114736791,-44.16484303776));
#10260=CARTESIAN_POINT('Ctrl Pts',(-10.0699707897927,10.8764473031573,-44.0956390774744));
#10261=CARTESIAN_POINT('Ctrl Pts',(-12.3629700499486,10.0504725602234,-44.0311464640655));
#10262=CARTESIAN_POINT('Ctrl Pts',(-13.1904323540674,9.53993824420935,-44.));
#10263=CARTESIAN_POINT('Ctrl Pts',(-13.6328370895763,9.27090461627029,-44.));
#10264=CARTESIAN_POINT('Ctrl Pts',(-2.89736026214833,12.1764986429517,-44.4318800190448));
#10265=CARTESIAN_POINT('Ctrl Pts',(-3.3908349773945,12.1411917528806,-44.4120038634433));
#10266=CARTESIAN_POINT('Ctrl Pts',(-4.42196286491383,12.0480920642147,-44.3685111504237));
#10267=CARTESIAN_POINT('Ctrl Pts',(-6.20504828287065,11.803376812737,-44.2920465671424));
#10268=CARTESIAN_POINT('Ctrl Pts',(-8.31385760979247,11.4023274399081,-44.2061510171804));
#10269=CARTESIAN_POINT('Ctrl Pts',(-10.6848882062986,10.7984285917544,-44.1171154368414));
#10270=CARTESIAN_POINT('Ctrl Pts',(-12.6582330724083,10.0706390470318,-44.0361854000929));
#10271=CARTESIAN_POINT('Ctrl Pts',(-13.377480443995,9.61699081741862,-44.));
#10272=CARTESIAN_POINT('Ctrl Pts',(-13.7630565236816,9.3780074399876,-44.));
#10273=CARTESIAN_POINT('Ctrl Pts',(-3.89152378527738,12.1237739486028,-44.5359395454903));
#10274=CARTESIAN_POINT('Ctrl Pts',(-4.38446461003812,12.0783109577137,-44.5079797238368));
#10275=CARTESIAN_POINT('Ctrl Pts',(-5.41660846417692,11.9636742646957,-44.4482707375378));
#10276=CARTESIAN_POINT('Ctrl Pts',(-7.18142653005886,11.6906240500854,-44.3480419129852));
#10277=CARTESIAN_POINT('Ctrl Pts',(-9.20204419625723,11.2821018988208,-44.2404535923977));
#10278=CARTESIAN_POINT('Ctrl Pts',(-11.3310425503992,10.7214470312496,-44.1333441276361));
#10279=CARTESIAN_POINT('Ctrl Pts',(-12.9680252338271,10.088402839818,-44.038673933241));
#10280=CARTESIAN_POINT('Ctrl Pts',(-13.5772601407731,9.68342127681483,-44.));
#10281=CARTESIAN_POINT('Ctrl Pts',(-13.9040322488389,9.46788230833818,-44.));
#10282=CARTESIAN_POINT('Ctrl Pts',(-5.0830171281376,12.0370547739379,-44.6353881294531));
#10283=CARTESIAN_POINT('Ctrl Pts',(-5.57350027632615,11.9817643323751,-44.5980840720499));
#10284=CARTESIAN_POINT('Ctrl Pts',(-6.59754688639431,11.8476439465621,-44.5201712694223));
#10285=CARTESIAN_POINT('Ctrl Pts',(-8.3066522609054,11.556158700219,-44.3951738215409));
#10286=CARTESIAN_POINT('Ctrl Pts',(-10.1740459820995,11.156425722693,-44.2667733313191));
#10287=CARTESIAN_POINT('Ctrl Pts',(-11.9941733639805,10.6517210418335,-44.1436045188505));
#10288=CARTESIAN_POINT('Ctrl Pts',(-13.2836816636244,10.1052279646621,-44.0386872586034));
#10289=CARTESIAN_POINT('Ctrl Pts',(-13.786369055961,9.73802746660762,-44.));
#10290=CARTESIAN_POINT('Ctrl Pts',(-14.0542872428211,9.5400935010091,-44.));
#10291=CARTESIAN_POINT('Ctrl Pts',(-6.53491253158444,11.917620047208,-44.7261566877177));
#10292=CARTESIAN_POINT('Ctrl Pts',(-7.01309822561496,11.8546648105642,-44.678386206833));
#10293=CARTESIAN_POINT('Ctrl Pts',(-8.00068627540166,11.7075579315942,-44.5807535207035));
#10294=CARTESIAN_POINT('Ctrl Pts',(-9.5824444476879,11.4135614239106,-44.4309128355059));
#10295=CARTESIAN_POINT('Ctrl Pts',(-11.2048161293629,11.03996705013,-44.2833106109283));
#10296=CARTESIAN_POINT('Ctrl Pts',(-12.6496024415745,10.5967975210474,-44.1469561210129));
#10297=CARTESIAN_POINT('Ctrl Pts',(-13.5986172118836,10.1207037700416,-44.0364937988148));
#10298=CARTESIAN_POINT('Ctrl Pts',(-14.0023349183878,9.77975261445213,-44.));
#10299=CARTESIAN_POINT('Ctrl Pts',(-14.2126920366497,9.59519628492331,-44.));
#10300=CARTESIAN_POINT('Ctrl Pts',(-8.29699192734685,11.7851227189015,-44.8014038973976));
#10301=CARTESIAN_POINT('Ctrl Pts',(-8.73662431038307,11.7191355697925,-44.7425607848763));
#10302=CARTESIAN_POINT('Ctrl Pts',(-9.62500679502083,11.5698887063686,-44.6248171388828));
#10303=CARTESIAN_POINT('Ctrl Pts',(-10.9668814711377,11.2896872129803,-44.4515511003115));
#10304=CARTESIAN_POINT('Ctrl Pts',(-12.2393716153142,10.9512241007115,-44.2876735382686));
#10305=CARTESIAN_POINT('Ctrl Pts',(-13.2682767202633,10.5607004478196,-44.1427668920371));
#10306=CARTESIAN_POINT('Ctrl Pts',(-13.9111588431619,10.1312327351204,-44.0325990571926));
#10307=CARTESIAN_POINT('Ctrl Pts',(-14.2225077004943,9.80766782801717,-44.));
#10308=CARTESIAN_POINT('Ctrl Pts',(-14.3771441647149,9.63437095311487,-44.));
#10309=CARTESIAN_POINT('Ctrl Pts',(-10.3357181137151,11.6911327745674,-44.8526851700674));
#10310=CARTESIAN_POINT('Ctrl Pts',(-10.6889833346593,11.625774624613,-44.7831635490177));
#10311=CARTESIAN_POINT('Ctrl Pts',(-11.382111443191,11.4802609179795,-44.6465694781625));
#10312=CARTESIAN_POINT('Ctrl Pts',(-12.3588289492957,11.2144545655766,-44.4532020189142));
#10313=CARTESIAN_POINT('Ctrl Pts',(-13.2065222392641,10.8996397418715,-44.2780874069));
#10314=CARTESIAN_POINT('Ctrl Pts',(-13.8304105612635,10.5376244894256,-44.131371609346));
#10315=CARTESIAN_POINT('Ctrl Pts',(-14.2254391534723,10.1299113361034,-44.0276875663448));
#10316=CARTESIAN_POINT('Ctrl Pts',(-14.4434396456714,9.82128181777965,-44.));
#10317=CARTESIAN_POINT('Ctrl Pts',(-14.5452279523236,9.65954374300393,-44.));
#10318=CARTESIAN_POINT('Ctrl Pts',(-12.4905439622393,11.6948383886044,-44.8772149275519));
#10319=CARTESIAN_POINT('Ctrl Pts',(-12.7057122381311,11.6242637374723,-44.7973184144006));
#10320=CARTESIAN_POINT('Ctrl Pts',(-13.1149167151297,11.4688418107466,-44.6430405049349));
#10321=CARTESIAN_POINT('Ctrl Pts',(-13.6444203087418,11.192128989308,-44.43401252152));
#10322=CARTESIAN_POINT('Ctrl Pts',(-14.0572907548807,10.8724064387627,-44.2547824788951));
#10323=CARTESIAN_POINT('Ctrl Pts',(-14.3411942980513,10.5119178271864,-44.1142895183085));
#10324=CARTESIAN_POINT('Ctrl Pts',(-14.5522361891109,10.1104121673505,-44.0225223986282));
#10325=CARTESIAN_POINT('Ctrl Pts',(-14.6646707028286,9.82215344277566,-44.));
#10326=CARTESIAN_POINT('Ctrl Pts',(-14.7168384630968,9.67417665074409,-44.));
#10327=CARTESIAN_POINT('Ctrl Pts',(-13.9642205793018,11.7604381820978,-44.8786796564404));
#10328=CARTESIAN_POINT('Ctrl Pts',(-14.054343197512,11.6770770262798,-44.7909077742639));
#10329=CARTESIAN_POINT('Ctrl Pts',(-14.2213523290373,11.4971886825706,-44.624631605099));
#10330=CARTESIAN_POINT('Ctrl Pts',(-14.4234675523228,11.1900628852008,-44.4089010863551));
#10331=CARTESIAN_POINT('Ctrl Pts',(-14.5753778198987,10.849212215139,-44.2325648741284));
#10332=CARTESIAN_POINT('Ctrl Pts',(-14.68459013247,10.479693872101,-44.1009741150855));
#10333=CARTESIAN_POINT('Ctrl Pts',(-14.7664371302915,10.0879469575818,-44.0189360762803));
#10334=CARTESIAN_POINT('Ctrl Pts',(-14.8121406466525,9.81683140326502,-44.));
#10335=CARTESIAN_POINT('Ctrl Pts',(-14.8333842507476,9.68005278527952,-44.));
#10336=CARTESIAN_POINT('Ctrl Pts',(-14.7854316062491,11.8016351527839,-44.8786796564404));
#10337=CARTESIAN_POINT('Ctrl Pts',(-14.7900691535097,11.7091913423534,-44.7861195952287));
#10338=CARTESIAN_POINT('Ctrl Pts',(-14.7999521426206,11.5121860892514,-44.6131333908961));
#10339=CARTESIAN_POINT('Ctrl Pts',(-14.8163467583767,11.1853795542736,-44.3944936137784));
#10340=CARTESIAN_POINT('Ctrl Pts',(-14.8340309638555,10.8328666315963,-44.2204348858706));
#10341=CARTESIAN_POINT('Ctrl Pts',(-14.8527021818362,10.4606788265984,-44.0939352575362));
#10342=CARTESIAN_POINT('Ctrl Pts',(-14.872040950797,10.0751842124624,-44.0171592107815));
#10343=CARTESIAN_POINT('Ctrl Pts',(-14.8851578781475,9.81371437134256,-44.));
#10344=CARTESIAN_POINT('Ctrl Pts',(-14.8917163603796,9.68297908087433,-44.));
#10345=CARTESIAN_POINT('Ctrl Pts',(-14.8917163603796,9.68297908087433,-44.));
#10346=CARTESIAN_POINT('Ctrl Pts',(-14.8610296288112,9.68143964662491,-44.));
#10347=CARTESIAN_POINT('Ctrl Pts',(-14.8303474662108,9.67989931298189,-44.));
#10348=CARTESIAN_POINT('Ctrl Pts',(-14.7997629753112,9.67821366551303,-44.));
#10349=CARTESIAN_POINT('Ctrl Pts',(-14.7666920696093,9.67639098065383,-44.));
#10350=CARTESIAN_POINT('Ctrl Pts',(-14.7337347496787,9.67439806141943,-44.));
#10351=CARTESIAN_POINT('Ctrl Pts',(-14.7009492781303,9.67206782960364,-44.));
#10352=CARTESIAN_POINT('Ctrl Pts',(-14.664055602576,9.66944560663359,-44.));
#10353=CARTESIAN_POINT('Ctrl Pts',(-14.6273783118455,9.66639548441113,-44.));
#10354=CARTESIAN_POINT('Ctrl Pts',(-14.590942000492,9.66270735650103,-44.));
#10355=CARTESIAN_POINT('Ctrl Pts',(-14.5521310787169,9.65877886762557,-44.));
#10356=CARTESIAN_POINT('Ctrl Pts',(-14.513590408507,9.6541257224121,-44.));
#10357=CARTESIAN_POINT('Ctrl Pts',(-14.4753232099466,9.6485361636681,-44.));
#10358=CARTESIAN_POINT('Ctrl Pts',(-14.4419671497531,9.64366395809952,-44.));
#10359=CARTESIAN_POINT('Ctrl Pts',(-14.4088169208425,9.63808077501839,-44.));
#10360=CARTESIAN_POINT('Ctrl Pts',(-14.3758907393774,9.63167670873629,-44.));
#10361=CARTESIAN_POINT('Ctrl Pts',(-14.345011052599,9.62567068094624,-44.));
#10362=CARTESIAN_POINT('Ctrl Pts',(-14.3143273010349,9.61894276175314,-44.));
#10363=CARTESIAN_POINT('Ctrl Pts',(-14.2838897886563,9.61142726160683,-44.));
#10364=CARTESIAN_POINT('Ctrl Pts',(-14.2458281030546,9.60202923327418,-44.));
#10365=CARTESIAN_POINT('Ctrl Pts',(-14.2081596289927,9.59140077913849,-44.));
#10366=CARTESIAN_POINT('Ctrl Pts',(-14.1710397470304,9.57945672442761,-44.));
#10367=CARTESIAN_POINT('Ctrl Pts',(-14.1327390159129,9.56713270819293,-44.));
#10368=CARTESIAN_POINT('Ctrl Pts',(-14.0950214097979,9.55340758085018,-44.));
#10369=CARTESIAN_POINT('Ctrl Pts',(-14.0579991447874,9.53821057772277,-44.));
#10370=CARTESIAN_POINT('Ctrl Pts',(-14.0182268596173,9.52188473861096,-44.));
#10371=CARTESIAN_POINT('Ctrl Pts',(-13.9792549539048,9.50385908813432,-44.));
#10372=CARTESIAN_POINT('Ctrl Pts',(-13.9411822362277,9.48408555420825,-44.));
#10373=CARTESIAN_POINT('Ctrl Pts',(-13.9060715472638,9.46585038630445,-44.));
#10374=CARTESIAN_POINT('Ctrl Pts',(-13.871723416322,9.44612869315743,-44.));
#10375=CARTESIAN_POINT('Ctrl Pts',(-13.8382146441213,9.42492208757002,-44.));
#10376=CARTESIAN_POINT('Ctrl Pts',(-13.8066609545557,9.40495278981606,-44.));
#10377=CARTESIAN_POINT('Ctrl Pts',(-13.7758502290577,9.38366676331218,-44.));
#10378=CARTESIAN_POINT('Ctrl Pts',(-13.7458693353878,9.3611022475671,-44.));
#10379=CARTESIAN_POINT('Ctrl Pts',(-13.7052327417755,9.33051793388766,-44.));
#10380=CARTESIAN_POINT('Ctrl Pts',(-13.6661250784825,9.29758612436222,-44.));
#10381=CARTESIAN_POINT('Ctrl Pts',(-13.6288389681458,9.26249437709852,-44.));
#10382=CARTESIAN_POINT('Ctrl Pts',(-13.5929810181159,9.2287467400165,-44.));
#10383=CARTESIAN_POINT('Ctrl Pts',(-13.5588079772365,9.19300169068002,-44.));
#10384=CARTESIAN_POINT('Ctrl Pts',(-13.526518888628,9.15543595615174,-44.));
#10385=CARTESIAN_POINT('Ctrl Pts',(-13.4928900356929,9.1163115145433,-44.));
#10386=CARTESIAN_POINT('Ctrl Pts',(-13.4613034305951,9.07521084922607,-44.));
#10387=CARTESIAN_POINT('Ctrl Pts',(-13.4319319232933,9.03235797492124,-44.));
#10388=CARTESIAN_POINT('Ctrl Pts',(-13.4030497887858,8.99021909294327,-44.));
#10389=CARTESIAN_POINT('Ctrl Pts',(-13.3763078433399,8.94638486510617,-44.));
#10390=CARTESIAN_POINT('Ctrl Pts',(-13.351844535576,8.9011087417373,-44.));
#10391=CARTESIAN_POINT('Ctrl Pts',(-13.3445021746123,8.88751967013596,-44.));
#10392=CARTESIAN_POINT('Ctrl Pts',(-13.3373649944131,8.87380104653013,-44.));
#10393=CARTESIAN_POINT('Ctrl Pts',(-13.3304366213243,8.85996066419218,-44.));
#10394=CARTESIAN_POINT('Ctrl Pts',(57.5,15.2499999999999,-47.));
#10395=CARTESIAN_POINT('Ctrl Pts',(56.4099781530264,15.2499999999999,-47.));
#10396=CARTESIAN_POINT('Ctrl Pts',(54.3260525763613,15.1871207802514,-47.));
#10397=CARTESIAN_POINT('Ctrl Pts',(48.1572437649078,14.8788077381175,-47.));
#10398=CARTESIAN_POINT('Ctrl Pts',(34.9646264335208,13.9614066658555,-47.));
#10399=CARTESIAN_POINT('Ctrl Pts',(22.8143612668895,13.0842000209659,-47.));
#10400=CARTESIAN_POINT('Ctrl Pts',(14.7414070196147,12.679211231773,-47.));
#10401=CARTESIAN_POINT('Ctrl Pts',(57.5,15.2499999999999,-46.1024020989743));
#10402=CARTESIAN_POINT('Ctrl Pts',(56.4097629730998,15.2499999999999,-46.1024020989743));
#10403=CARTESIAN_POINT('Ctrl Pts',(54.3257906416365,15.1871164614608,-46.1024020989743));
#10404=CARTESIAN_POINT('Ctrl Pts',(48.1569185314103,14.8787976042596,-46.1024020989744));
#10405=CARTESIAN_POINT('Ctrl Pts',(34.9646546990122,13.9614062065804,-46.1024020989744));
#10406=CARTESIAN_POINT('Ctrl Pts',(22.814220161522,13.0841929422571,-46.1024020989743));
#10407=CARTESIAN_POINT('Ctrl Pts',(14.7414070196147,12.679211231773,-46.1024020989743));
#10408=CARTESIAN_POINT('Ctrl Pts',(57.5,14.4967372197911,-44.5483700918145));
#10409=CARTESIAN_POINT('Ctrl Pts',(56.428454319525,14.496737219791,-44.5483700918145));
#10410=CARTESIAN_POINT('Ctrl Pts',(54.3576915297571,14.4344773696624,-44.5483700918145));
#10411=CARTESIAN_POINT('Ctrl Pts',(48.2081868083598,14.1270998664415,-44.5483700918145));
#10412=CARTESIAN_POINT('Ctrl Pts',(35.0191608847067,13.2102535686116,-44.5483700918145));
#10413=CARTESIAN_POINT('Ctrl Pts',(22.8642179207879,12.3324911057636,-44.5483700918145));
#10414=CARTESIAN_POINT('Ctrl Pts',(14.7791478302534,11.9268945117273,-44.5483700918145));
#10415=CARTESIAN_POINT('Ctrl Pts',(57.5,12.9231984257692,-44.));
#10416=CARTESIAN_POINT('Ctrl Pts',(56.4670056955036,12.9231984257692,-44.));
#10417=CARTESIAN_POINT('Ctrl Pts',(54.4237297871086,12.8622315198993,-44.));
#10418=CARTESIAN_POINT('Ctrl Pts',(48.3145374735899,12.5568071165771,-44.));
#10419=CARTESIAN_POINT('Ctrl Pts',(35.1330872550729,11.6411217309109,-44.));
#10420=CARTESIAN_POINT('Ctrl Pts',(22.9683373810767,10.7621968102372,-44.));
#10421=CARTESIAN_POINT('Ctrl Pts',(14.8579870231859,10.3553320032824,-44.));
#10422=CARTESIAN_POINT('Ctrl Pts',(57.5,12.2499999999999,-44.));
#10423=CARTESIAN_POINT('Ctrl Pts',(56.4834342308264,12.2499999999999,-44.));
#10424=CARTESIAN_POINT('Ctrl Pts',(54.451903827921,12.1895849490303,-44.));
#10425=CARTESIAN_POINT('Ctrl Pts',(48.3599391207349,11.8849943815454,-44.));
#10426=CARTESIAN_POINT('Ctrl Pts',(35.1818362430767,10.9698085708976,-44.));
#10427=CARTESIAN_POINT('Ctrl Pts',(23.012839816628,10.090384332371,-44.));
#10428=CARTESIAN_POINT('Ctrl Pts',(14.8917163603797,9.68297908087433,-44.));
#10429=CARTESIAN_POINT('Ctrl Pts',(57.5,15.2499999999999,-47.));
#10430=CARTESIAN_POINT('Ctrl Pts',(56.4099781530264,15.2499999999999,-47.));
#10431=CARTESIAN_POINT('Ctrl Pts',(54.3260525763613,15.1871207802514,-47.));
#10432=CARTESIAN_POINT('Ctrl Pts',(48.1572437649078,14.8788077381175,-47.));
#10433=CARTESIAN_POINT('Ctrl Pts',(34.9646264335208,13.9614066658555,-47.));
#10434=CARTESIAN_POINT('Ctrl Pts',(22.8143612668895,13.0842000209659,-47.));
#10435=CARTESIAN_POINT('Ctrl Pts',(14.7414070196147,12.679211231773,-47.));
#10436=CARTESIAN_POINT('Ctrl Pts',(14.8917163603797,9.68297908087433,-44.));
#10437=CARTESIAN_POINT('Ctrl Pts',(23.012839816628,10.090384332371,-44.));
#10438=CARTESIAN_POINT('Ctrl Pts',(35.1818362430767,10.9698085708976,-44.));
#10439=CARTESIAN_POINT('Ctrl Pts',(47.5893459127699,11.8314786383266,-44.));
#10440=CARTESIAN_POINT('Ctrl Pts',(51.8931040561611,12.0593696138339,-44.));
#10441=CARTESIAN_POINT('Ctrl Pts',(52.136559230844,12.0719465874721,-44.));
#10442=CARTESIAN_POINT('Origin',(0.,1.49999999999996,-44.));
#10443=CARTESIAN_POINT('Origin',(2.22044604925031E-15,-3.33066907387547E-15,
-44.));
#10444=CARTESIAN_POINT('',(57.5,-2.25000000000009,-44.));
#10445=CARTESIAN_POINT('Ctrl Pts',(57.5,-2.25000000000009,-44.));
#10446=CARTESIAN_POINT('Ctrl Pts',(55.4768752278866,-2.25000000000009,-44.));
#10447=CARTESIAN_POINT('Ctrl Pts',(51.4357973308388,-2.58542656290101,-44.));
#10448=CARTESIAN_POINT('Ctrl Pts',(45.4418384537965,-3.49671341103913,-44.));
#10449=CARTESIAN_POINT('Ctrl Pts',(37.4817532618999,-4.94199982365127,-44.));
#10450=CARTESIAN_POINT('Ctrl Pts',(27.5392930534286,-6.82659967647632,-44.));
#10451=CARTESIAN_POINT('Ctrl Pts',(19.5343558346382,-7.98688628193324,-44.));
#10452=CARTESIAN_POINT('Ctrl Pts',(15.5090346765206,-8.41477957073043,-44.));
#10453=CARTESIAN_POINT('Origin',(57.5,-8.29277658502912E-14,-44.));
#10454=CARTESIAN_POINT('Origin',(13.6919615474565,-8.88765458555152E-5,
-24.));
#10455=CARTESIAN_POINT('',(12.2204950635449,-0.849706067928665,-41.));
#10456=CARTESIAN_POINT('',(13.6919615474565,-8.88765458555152E-5,-43.5636919045187));
#10457=CARTESIAN_POINT('Ctrl Pts',(12.2204950635449,-0.849706067928667,
-41.));
#10458=CARTESIAN_POINT('Ctrl Pts',(12.2204950635449,-0.849706067928667,
-41.3512950468328));
#10459=CARTESIAN_POINT('Ctrl Pts',(12.3024744166701,-0.802371610423079,
-41.7620828960835));
#10460=CARTESIAN_POINT('Ctrl Pts',(12.5708356725063,-0.647421199419863,
-42.4321927714624));
#10461=CARTESIAN_POINT('Ctrl Pts',(12.8152714835855,-0.50628521735495,-42.800968315447));
#10462=CARTESIAN_POINT('Ctrl Pts',(13.2418460209631,-0.259983270063068,
-43.2451228386426));
#10463=CARTESIAN_POINT('Ctrl Pts',(13.4627510459091,-0.132433843073714,
-43.4243937946447));
#10464=CARTESIAN_POINT('Ctrl Pts',(13.6919615474565,-8.88765458549948E-5,
-43.5636919045187));
#10465=CARTESIAN_POINT('',(13.6919615474565,-8.88765458555152E-5,-24.));
#10466=CARTESIAN_POINT('',(13.6919615474565,-8.88765458555152E-5,-24.));
#10467=CARTESIAN_POINT('',(12.2204950635449,-0.849706067928665,-24.));
#10468=CARTESIAN_POINT('',(12.2204950635449,-0.849706067928666,-24.));
#10469=CARTESIAN_POINT('',(12.2204950635449,-0.849706067928665,-24.));
#10470=CARTESIAN_POINT('Origin',(12.2205146810054,0.849423882011583,-24.));
#10471=CARTESIAN_POINT('',(12.2205146810054,0.849423882011583,-41.));
#10472=CARTESIAN_POINT('Ctrl Pts',(13.6919615474565,-8.88765458512825E-5,
-43.5636919045187));
#10473=CARTESIAN_POINT('Ctrl Pts',(13.4627577511463,0.132237715541606,-43.4243968255365));
#10474=CARTESIAN_POINT('Ctrl Pts',(13.2418605471833,0.259768649464377,-43.2451313444338));
#10475=CARTESIAN_POINT('Ctrl Pts',(12.8152911856538,0.506040617070693,-42.8009827731836));
#10476=CARTESIAN_POINT('Ctrl Pts',(12.5708569055972,0.647160248551284,-42.4322069440608));
#10477=CARTESIAN_POINT('Ctrl Pts',(12.3024944529518,0.802094369951096,-41.7620937544592));
#10478=CARTESIAN_POINT('Ctrl Pts',(12.2205146810054,0.849423882011586,-41.351299694994));
#10479=CARTESIAN_POINT('Ctrl Pts',(12.2205146810054,0.849423882011586,-41.));
#10480=CARTESIAN_POINT('',(12.2205146810054,0.849423882011583,-24.));
#10481=CARTESIAN_POINT('',(12.2205146810054,0.849423882011583,-24.));
#10482=CARTESIAN_POINT('',(13.6919615474564,-8.88765458475578E-5,-24.));
#10483=CARTESIAN_POINT('Origin',(2.22044604925031E-15,-3.33066907387547E-15,
-24.));
#10484=CARTESIAN_POINT('Origin',(2.22044604925031E-15,-3.33066907387547E-15,
-41.));
#10485=CARTESIAN_POINT('',(-12.2205052064513,0.849560179796363,-41.));
#10486=CARTESIAN_POINT('Origin',(2.22044604925031E-15,-3.33066907387547E-15,
-41.));
#10487=CARTESIAN_POINT('',(-12.2205052064513,0.849560179796363,-24.));
#10488=CARTESIAN_POINT('',(-12.2205052064513,0.849560179796363,-24.));
#10489=CARTESIAN_POINT('Origin',(2.22044604925031E-15,-3.33066907387547E-15,
-24.));
#10490=CARTESIAN_POINT('Ctrl Pts',(4.12164898915685E-6,-12.1511824764243,
-44.));
#10491=CARTESIAN_POINT('Ctrl Pts',(-0.554619276939775,-12.1511799260612,
-44.));
#10492=CARTESIAN_POINT('Ctrl Pts',(-1.66312728608626,-12.1280287376909,
-44.));
#10493=CARTESIAN_POINT('Ctrl Pts',(-3.52914739815788,-11.9831428214777,
-44.));
#10494=CARTESIAN_POINT('Ctrl Pts',(-5.83562217888247,-11.6047520959806,
-44.));
#10495=CARTESIAN_POINT('Ctrl Pts',(-8.87524758296211,-10.7599572427621,
-44.));
#10496=CARTESIAN_POINT('Ctrl Pts',(-12.2212876442686,-9.2660698498105,-44.));
#10497=CARTESIAN_POINT('Ctrl Pts',(-13.3515994411092,-8.34470101099947,
-44.));
#10498=CARTESIAN_POINT('Ctrl Pts',(-13.9363731009904,-7.8398312932611,-44.));
#10499=CARTESIAN_POINT('Ctrl Pts',(-0.196079572240436,-12.1419347609185,
-43.966725160133));
#10500=CARTESIAN_POINT('Ctrl Pts',(-0.736546904839275,-12.1391518389354,
-43.9674908762418));
#10501=CARTESIAN_POINT('Ctrl Pts',(-1.82477035317678,-12.1118072874373,
-43.9695582335694));
#10502=CARTESIAN_POINT('Ctrl Pts',(-3.67638135969985,-11.9570350579126,
-43.9741306811075));
#10503=CARTESIAN_POINT('Ctrl Pts',(-5.97477884551895,-11.5622047450225,
-43.980245682727));
#10504=CARTESIAN_POINT('Ctrl Pts',(-8.98950210460092,-10.6948139088073,
-43.9878609238389));
#10505=CARTESIAN_POINT('Ctrl Pts',(-12.2344408076668,-9.20608744674637,
-43.9956073848845));
#10506=CARTESIAN_POINT('Ctrl Pts',(-13.3345931464542,-8.29848619210976,
-44.));
#10507=CARTESIAN_POINT('Ctrl Pts',(-13.9092586853838,-7.7976471513417,-44.));
#10508=CARTESIAN_POINT('Ctrl Pts',(-0.581318831642249,-12.1192425614023,
-43.9001751722306));
#10509=CARTESIAN_POINT('Ctrl Pts',(-1.09794490290681,-12.1116502937784,
-43.9028576409843));
#10510=CARTESIAN_POINT('Ctrl Pts',(-2.15281678739918,-12.0759702251652,
-43.9096583935833));
#10511=CARTESIAN_POINT('Ctrl Pts',(-3.98244493139658,-11.8991856443771,
-43.9239914067449));
#10512=CARTESIAN_POINT('Ctrl Pts',(-6.26736274039735,-11.4680456290242,
-43.9426549495944));
#10513=CARTESIAN_POINT('Ctrl Pts',(-9.22505906446467,-10.5541510028029,
-43.9652214217611));
#10514=CARTESIAN_POINT('Ctrl Pts',(-12.2662216607163,-9.07912649372901,
-43.9876552786803));
#10515=CARTESIAN_POINT('Ctrl Pts',(-13.3069727296549,-8.20004168482529,
-44.));
#10516=CARTESIAN_POINT('Ctrl Pts',(-13.8595176778119,-7.71007480245245,
-44.));
#10517=CARTESIAN_POINT('Ctrl Pts',(-1.15899268856048,-12.0740638880105,
-43.8005921172187));
#10518=CARTESIAN_POINT('Ctrl Pts',(-1.65127626112363,-12.0597194845669,
-43.8072032591904));
#10519=CARTESIAN_POINT('Ctrl Pts',(-2.67472212534581,-12.0087532796547,
-43.8228542739705));
#10520=CARTESIAN_POINT('Ctrl Pts',(-4.48744956224933,-11.78926952651,-43.8536585594083));
#10521=CARTESIAN_POINT('Ctrl Pts',(-6.75314219897894,-11.2922308802203,
-43.8919035603265));
#10522=CARTESIAN_POINT('Ctrl Pts',(-9.59775713790478,-10.3080309958744,
-43.9358002340589));
#10523=CARTESIAN_POINT('Ctrl Pts',(-12.3304837842556,-8.86627376435653,
-43.978025305819));
#10524=CARTESIAN_POINT('Ctrl Pts',(-13.2841531310335,-8.03496290947432,
-44.));
#10525=CARTESIAN_POINT('Ctrl Pts',(-13.7993595099318,-7.57085372798583,
-44.));
#10526=CARTESIAN_POINT('Ctrl Pts',(-1.75860804041008,-12.0167266658194,
-43.7015475322998));
#10527=CARTESIAN_POINT('Ctrl Pts',(-2.23631633865744,-11.9941977863936,
-43.713095951213));
#10528=CARTESIAN_POINT('Ctrl Pts',(-3.24401619909717,-11.9220243869598,
-43.7393442955602));
#10529=CARTESIAN_POINT('Ctrl Pts',(-5.05066013081861,-11.6471319600318,
-43.7883857817664));
#10530=CARTESIAN_POINT('Ctrl Pts',(-7.28968809208005,-11.0725007179025,
-43.8467011723818));
#10531=CARTESIAN_POINT('Ctrl Pts',(-9.98839001300054,-10.0221317028166,
-43.910635782313));
#10532=CARTESIAN_POINT('Ctrl Pts',(-12.4109007618356,-8.62977906504109,
-43.9705794740691));
#10533=CARTESIAN_POINT('Ctrl Pts',(-13.2791896312596,-7.85406365059854,
-44.));
#10534=CARTESIAN_POINT('Ctrl Pts',(-13.7543989938684,-7.42558029140282,
-44.));
#10535=CARTESIAN_POINT('Ctrl Pts',(-2.40564628514624,-11.9423140990503,
-43.6034767731305));
#10536=CARTESIAN_POINT('Ctrl Pts',(-2.87695193225799,-11.9080870837891,
-43.6209698265798));
#10537=CARTESIAN_POINT('Ctrl Pts',(-3.88131074494977,-11.8053777850254,
-43.6595816521973));
#10538=CARTESIAN_POINT('Ctrl Pts',(-5.68571041137,-11.459523374048,-43.728495755479));
#10539=CARTESIAN_POINT('Ctrl Pts',(-7.8802481390134,-10.7969208723813,-43.8070486579296));
#10540=CARTESIAN_POINT('Ctrl Pts',(-10.3949540292144,-9.69122534017668,
-43.8896190656141));
#10541=CARTESIAN_POINT('Ctrl Pts',(-12.5060067256081,-8.36925668368422,
-43.9652785501295));
#10542=CARTESIAN_POINT('Ctrl Pts',(-13.2912042425044,-7.65984472316212,
-44.));
#10543=CARTESIAN_POINT('Ctrl Pts',(-13.7251201733805,-7.2761067000109,-44.));
#10544=CARTESIAN_POINT('Ctrl Pts',(-3.13107122878867,-11.8393658462667,
-43.5071046114969));
#10545=CARTESIAN_POINT('Ctrl Pts',(-3.60221932741612,-11.7876432838466,
-43.5315762446756));
#10546=CARTESIAN_POINT('Ctrl Pts',(-4.61117095669774,-11.6414773852179,
-43.5843305648513));
#10547=CARTESIAN_POINT('Ctrl Pts',(-6.40694006112695,-11.2071951439565,
-43.6745319686517));
#10548=CARTESIAN_POINT('Ctrl Pts',(-8.52596062955566,-10.4505242755685,
-43.7731402029084));
#10549=CARTESIAN_POINT('Ctrl Pts',(-10.8132575011041,-9.31031239863008,
-43.8728915615962));
#10550=CARTESIAN_POINT('Ctrl Pts',(-12.6132188261813,-8.08602551318653,
-43.9621220927704));
#10551=CARTESIAN_POINT('Ctrl Pts',(-13.3193100786137,-7.45570786860333,
-44.));
#10552=CARTESIAN_POINT('Ctrl Pts',(-13.7117694261842,-7.12437904445983,
-44.));
#10553=CARTESIAN_POINT('Ctrl Pts',(-3.97344398056174,-11.6851203331978,
-43.4137279647964));
#10554=CARTESIAN_POINT('Ctrl Pts',(-4.44766459983806,-11.6077827062422,
-43.4462379570294));
#10555=CARTESIAN_POINT('Ctrl Pts',(-5.46175153761405,-11.4020050931533,
-43.5148671548034));
#10556=CARTESIAN_POINT('Ctrl Pts',(-7.22662029012955,-10.862863060875,-43.6274181887815));
#10557=CARTESIAN_POINT('Ctrl Pts',(-9.22245550963526,-10.0159704498769,
-43.7455281693532));
#10558=CARTESIAN_POINT('Ctrl Pts',(-11.2350410114517,-8.87670773269016,
-43.8608927145223));
#10559=CARTESIAN_POINT('Ctrl Pts',(-12.7294378133476,-7.78398514816836,
-43.9610846393912));
#10560=CARTESIAN_POINT('Ctrl Pts',(-13.3625649078663,-7.24554838293909,
-44.));
#10561=CARTESIAN_POINT('Ctrl Pts',(-13.7141283265552,-6.97201322524933,
-44.));
#10562=CARTESIAN_POINT('Ctrl Pts',(-4.97892691936919,-11.4376161767595,
-43.3257023759636));
#10563=CARTESIAN_POINT('Ctrl Pts',(-5.45381310139094,-11.3248934050026,
-43.3672762522359));
#10564=CARTESIAN_POINT('Ctrl Pts',(-6.46008508577705,-11.0424698461687,
-43.4533003859766));
#10565=CARTESIAN_POINT('Ctrl Pts',(-8.14770144804315,-10.3906385833823,
-43.5887005782522));
#10566=CARTESIAN_POINT('Ctrl Pts',(-9.95419525094736,-9.47699505561726,
-43.7253019040721));
#10567=CARTESIAN_POINT('Ctrl Pts',(-11.6469578115242,-8.39315098270137,
-43.8543025347505));
#10568=CARTESIAN_POINT('Ctrl Pts',(-12.8520693409498,-7.46927844492995,
-43.9620369040671));
#10569=CARTESIAN_POINT('Ctrl Pts',(-13.4198362833775,-7.03308757545106,
-44.));
#10570=CARTESIAN_POINT('Ctrl Pts',(-13.7314387694346,-6.82013996836845,
-44.));
#10571=CARTESIAN_POINT('Ctrl Pts',(-6.1923323297209,-11.0245550505027,-43.247106536118));
#10572=CARTESIAN_POINT('Ctrl Pts',(-6.65474533124841,-10.8680200632327,
-43.298550893433));
#10573=CARTESIAN_POINT('Ctrl Pts',(-7.61693718854302,-10.4989016832158,
-43.4029184914516));
#10574=CARTESIAN_POINT('Ctrl Pts',(-9.15018117842117,-9.75080666572971,
-43.5607620037822));
#10575=CARTESIAN_POINT('Ctrl Pts',(-10.6890039013832,-8.82613436942774,
-43.714110096741));
#10576=CARTESIAN_POINT('Ctrl Pts',(-12.0326582144889,-7.87075746252884,
-43.8537974390134));
#10577=CARTESIAN_POINT('Ctrl Pts',(-12.9808829849505,-7.14922838120562,
-43.9646855703099));
#10578=CARTESIAN_POINT('Ctrl Pts',(-13.4898987625549,-6.82174350418613,
-44.));
#10579=CARTESIAN_POINT('Ctrl Pts',(-13.7625159175114,-6.66964310688323,
-44.));
#10580=CARTESIAN_POINT('Ctrl Pts',(-7.62638499658314,-10.336220001821,-43.1839365388304));
#10581=CARTESIAN_POINT('Ctrl Pts',(-8.04627372381209,-10.1371203011012,
-43.2455063290164));
#10582=CARTESIAN_POINT('Ctrl Pts',(-8.89756566590796,-9.69635980096944,
-43.3680898223618));
#10583=CARTESIAN_POINT('Ctrl Pts',(-10.1766748723912,-8.91570830922749,
-43.5466616495251));
#10584=CARTESIAN_POINT('Ctrl Pts',(-11.3799573956413,-8.07569898100896,
-43.7137653402245));
#10585=CARTESIAN_POINT('Ctrl Pts',(-12.3797075873752,-7.32895729216756,
-43.8596322991908));
#10586=CARTESIAN_POINT('Ctrl Pts',(-13.1186273341079,-6.83086401173402,
-43.9685876049625));
#10587=CARTESIAN_POINT('Ctrl Pts',(-13.5716753946134,-6.61477187365252,
-44.));
#10588=CARTESIAN_POINT('Ctrl Pts',(-13.805994714831,-6.52151511523571,-44.));
#10589=CARTESIAN_POINT('Ctrl Pts',(-9.2058888542644,-9.24117671680298,-43.1421608965658));
#10590=CARTESIAN_POINT('Ctrl Pts',(-9.53902612280917,-9.02586036198097,
-43.2133864628259));
#10591=CARTESIAN_POINT('Ctrl Pts',(-10.1974608046557,-8.5792990078584,-43.3529325343128));
#10592=CARTESIAN_POINT('Ctrl Pts',(-11.138112385921,-7.89309962571363,-43.5491105578443));
#10593=CARTESIAN_POINT('Ctrl Pts',(-11.9850852090181,-7.26206919525001,
-43.7252500318902));
#10594=CARTESIAN_POINT('Ctrl Pts',(-12.6877850422964,-6.79076339676057,
-43.8712863799025));
#10595=CARTESIAN_POINT('Ctrl Pts',(-13.2733975238988,-6.51879281505298,
-43.9731706143103));
#10596=CARTESIAN_POINT('Ctrl Pts',(-13.663402688668,-6.41452255028834,-44.));
#10597=CARTESIAN_POINT('Ctrl Pts',(-13.8594549081029,-6.37596827371523,
-44.));
#10598=CARTESIAN_POINT('Ctrl Pts',(-10.7595685340389,-7.62932491626694,
-43.122435913939));
#10599=CARTESIAN_POINT('Ctrl Pts',(-10.968266737697,-7.46198623510571,-43.2032780483468));
#10600=CARTESIAN_POINT('Ctrl Pts',(-11.3775864639012,-7.14123838134087,
-43.3590397553988));
#10601=CARTESIAN_POINT('Ctrl Pts',(-11.9572439817741,-6.73174450666783,
-43.5689833483893));
#10602=CARTESIAN_POINT('Ctrl Pts',(-12.4889627424528,-6.43413547417169,
-43.747951485354));
#10603=CARTESIAN_POINT('Ctrl Pts',(-12.9732228862652,-6.27171486449588,
-43.8873678740964));
#10604=CARTESIAN_POINT('Ctrl Pts',(-13.4469065640277,-6.21560256709377,
-43.9779223501667));
#10605=CARTESIAN_POINT('Ctrl Pts',(-13.7615624031561,-6.22139086426819,
-44.));
#10606=CARTESIAN_POINT('Ctrl Pts',(-13.9192888215659,-6.23207507737954,
-44.));
#10607=CARTESIAN_POINT('Ctrl Pts',(-11.6538847387757,-6.12122556626997,
-43.1213203435596));
#10608=CARTESIAN_POINT('Ctrl Pts',(-11.7728408708473,-6.06889675376149,
-43.2094912406557));
#10609=CARTESIAN_POINT('Ctrl Pts',(-12.0175468611171,-5.97983837354361,
-43.3763265794179));
#10610=CARTESIAN_POINT('Ctrl Pts',(-12.3967861996603,-5.90476892313048,
-43.5922995363596));
#10611=CARTESIAN_POINT('Ctrl Pts',(-12.7819914523979,-5.89292915591726,
-43.7684459582264));
#10612=CARTESIAN_POINT('Ctrl Pts',(-13.1705790634708,-5.93825853386741,
-43.8996124563769));
#10613=CARTESIAN_POINT('Ctrl Pts',(-13.5634801316062,-6.02428672562761,
-43.9812119958446));
#10614=CARTESIAN_POINT('Ctrl Pts',(-13.8285214328086,-6.09723697425767,
-44.));
#10615=CARTESIAN_POINT('Ctrl Pts',(-13.960971003276,-6.13648985095926,-44.));
#10616=CARTESIAN_POINT('Ctrl Pts',(-12.0368815147544,-5.24172804723743,
-43.1213203435596));
#10617=CARTESIAN_POINT('Ctrl Pts',(-12.1217441604246,-5.27868337569416,
-43.2138804047713));
#10618=CARTESIAN_POINT('Ctrl Pts',(-12.3025933369279,-5.35743817606627,
-43.3868666091039));
#10619=CARTESIAN_POINT('Ctrl Pts',(-12.6025990057921,-5.48808232396188,
-43.6055063862216));
#10620=CARTESIAN_POINT('Ctrl Pts',(-12.926202923805,-5.62900285484567,-43.7795651141294));
#10621=CARTESIAN_POINT('Ctrl Pts',(-13.2678682194181,-5.77778861472768,
-43.9060647424638));
#10622=CARTESIAN_POINT('Ctrl Pts',(-13.6217490546506,-5.93189390330634,
-43.9828407892185));
#10623=CARTESIAN_POINT('Ctrl Pts',(-13.8617761843966,-6.03641906096825,
-44.));
#10624=CARTESIAN_POINT('Ctrl Pts',(-13.9817900888424,-6.08868178767372,
-44.));
#10625=CARTESIAN_POINT('',(-13.9817900888424,-6.08868178767373,-44.));
#10626=CARTESIAN_POINT('Origin',(-13.9817900888424,-6.08868178767373,-41.));
#10627=CARTESIAN_POINT('Ctrl Pts',(-13.9817900888424,-6.08868178767372,
-44.));
#10628=CARTESIAN_POINT('Ctrl Pts',(-13.9682467029699,-6.11978224339869,
-44.));
#10629=CARTESIAN_POINT('Ctrl Pts',(-13.954699471214,-6.15088001427041,-44.));
#10630=CARTESIAN_POINT('Ctrl Pts',(-13.9412652772219,-6.18199417979423,
-44.));
#10631=CARTESIAN_POINT('Ctrl Pts',(-13.9253646502314,-6.21882070920189,
-44.));
#10632=CARTESIAN_POINT('Ctrl Pts',(-13.9096230224421,-6.25567094277444,
-44.));
#10633=CARTESIAN_POINT('Ctrl Pts',(-13.894295887408,-6.29261735012381,-44.));
#10634=CARTESIAN_POINT('Ctrl Pts',(-13.8750079626475,-6.33911133112844,
-44.));
#10635=CARTESIAN_POINT('Ctrl Pts',(-13.8563811902523,-6.38576213287247,
-44.));
#10636=CARTESIAN_POINT('Ctrl Pts',(-13.8389759021955,-6.4327343095698,-44.));
#10637=CARTESIAN_POINT('Ctrl Pts',(-13.8267176801452,-6.46581594374088,
-44.));
#10638=CARTESIAN_POINT('Ctrl Pts',(-13.8150668904973,-6.49905774978591,
-44.));
#10639=CARTESIAN_POINT('Ctrl Pts',(-13.8042020792828,-6.53249654456732,
-44.));
#10640=CARTESIAN_POINT('Ctrl Pts',(-13.7942760924759,-6.56304590518561,
-44.));
#10641=CARTESIAN_POINT('Ctrl Pts',(-13.7850068018144,-6.59376016152036,
-44.));
#10642=CARTESIAN_POINT('Ctrl Pts',(-13.7765011961332,-6.62463989008144,
-44.));
#10643=CARTESIAN_POINT('Ctrl Pts',(-13.766249898787,-6.66185737832571,-44.));
#10644=CARTESIAN_POINT('Ctrl Pts',(-13.7571088538047,-6.69931534174755,
-44.));
#10645=CARTESIAN_POINT('Ctrl Pts',(-13.7491929565904,-6.73695230372108,
-44.));
#10646=CARTESIAN_POINT('Ctrl Pts',(-13.7389252433021,-6.7857712214162,-44.));
#10647=CARTESIAN_POINT('Ctrl Pts',(-13.7307176146732,-6.83488886201025,
-44.));
#10648=CARTESIAN_POINT('Ctrl Pts',(-13.7247757112877,-6.88416812310476,
-44.));
#10649=CARTESIAN_POINT('Ctrl Pts',(-13.7193955127038,-6.92878887735707,
-44.));
#10650=CARTESIAN_POINT('Ctrl Pts',(-13.7158731081937,-6.97354346440913,
-44.));
#10651=CARTESIAN_POINT('Ctrl Pts',(-13.7143256734534,-7.01831990788357,
-44.));
#10652=CARTESIAN_POINT('Ctrl Pts',(-13.712886113069,-7.05997490793002,-44.));
#10653=CARTESIAN_POINT('Ctrl Pts',(-13.7131558742969,-7.10164954297686,
-44.));
#10654=CARTESIAN_POINT('Ctrl Pts',(-13.7151949071168,-7.1432309428962,-44.));
#10655=CARTESIAN_POINT('Ctrl Pts',(-13.7171917742173,-7.18395246963241,
-44.));
#10656=CARTESIAN_POINT('Ctrl Pts',(-13.7208858125148,-7.22458529631692,
-44.));
#10657=CARTESIAN_POINT('Ctrl Pts',(-13.726295657889,-7.26499032517995,-44.));
#10658=CARTESIAN_POINT('Ctrl Pts',(-13.7332844383986,-7.31718809769946,
-44.));
#10659=CARTESIAN_POINT('Ctrl Pts',(-13.7431357945214,-7.36900029715751,
-44.));
#10660=CARTESIAN_POINT('Ctrl Pts',(-13.7558098764249,-7.42006974307933,
-44.));
#10661=CARTESIAN_POINT('Ctrl Pts',(-13.7685741251644,-7.47150251080944,
-44.));
#10662=CARTESIAN_POINT('Ctrl Pts',(-13.7842013296693,-7.5221817708498,-44.));
#10663=CARTESIAN_POINT('Ctrl Pts',(-13.802598784077,-7.57175238436584,-44.));
#10664=CARTESIAN_POINT('Ctrl Pts',(-13.821126083971,-7.62167285717612,-44.));
#10665=CARTESIAN_POINT('Ctrl Pts',(-13.8424628431376,-7.67046891845151,
-44.));
#10666=CARTESIAN_POINT('Ctrl Pts',(-13.8664624420377,-7.71778886043165,
-44.));
#10667=CARTESIAN_POINT('Ctrl Pts',(-13.8877222675243,-7.75970679884073,
-44.));
#10668=CARTESIAN_POINT('Ctrl Pts',(-13.9110708842842,-7.80046653925354,
-44.));
#10669=CARTESIAN_POINT('Ctrl Pts',(-13.9363731009904,-7.83983129326111,
-44.));
#10670=CARTESIAN_POINT('Origin',(2.22044604925031E-15,-3.33066907387547E-15,
-41.));
#10671=CARTESIAN_POINT('Origin',(2.22044604925031E-15,-3.33066907387547E-15,
-44.));
#10672=CARTESIAN_POINT('',(-12.2205052064513,-0.849560179796354,-41.));
#10673=CARTESIAN_POINT('Origin',(2.22044604925031E-15,-3.33066907387547E-15,
-41.));
#10674=CARTESIAN_POINT('',(-12.4359646496657,-0.725164612257114,-42.0952859506838));
#10675=CARTESIAN_POINT('Ctrl Pts',(-12.4359646496657,-0.725164612257114,
-42.0952859506838));
#10676=CARTESIAN_POINT('Ctrl Pts',(-12.4340197043208,-0.726287526975548,
-42.0905015574041));
#10677=CARTESIAN_POINT('Ctrl Pts',(-12.4320910406565,-0.727401041461302,
-42.0857215118869));
#10678=CARTESIAN_POINT('Ctrl Pts',(-12.3024849670697,-0.80222914293522,
-41.7620898816243));
#10679=CARTESIAN_POINT('Ctrl Pts',(-12.2205052064513,-0.849560179796354,
-41.3512980371413));
#10680=CARTESIAN_POINT('Ctrl Pts',(-12.2205052064513,-0.849560179796354,
-41.));
#10681=CARTESIAN_POINT('',(-13.6919223554409,3.70927369974794E-5,-43.5636680857088));
#10682=CARTESIAN_POINT('Ctrl Pts',(-13.6919223554409,3.70927369992835E-5,
-43.5636680857088));
#10683=CARTESIAN_POINT('Ctrl Pts',(-13.4627271061075,-0.132302384005609,
-43.4243737071557));
#10684=CARTESIAN_POINT('Ctrl Pts',(-13.2418387223757,-0.259845398996552,
-43.2451123021229));
#10685=CARTESIAN_POINT('Ctrl Pts',(-12.8186631914261,-0.50419090135328,
-42.8044941040245));
#10686=CARTESIAN_POINT('Ctrl Pts',(-12.5770852821561,-0.643680241548392,
-42.4424289698718));
#10687=CARTESIAN_POINT('Ctrl Pts',(-12.4359646496657,-0.725164612257114,
-42.0952859506838));
#10688=CARTESIAN_POINT('Ctrl Pts',(-12.2205052064513,0.849560179796364,
-41.));
#10689=CARTESIAN_POINT('Ctrl Pts',(-12.2205052064513,0.849560179796364,
-41.3512980371413));
#10690=CARTESIAN_POINT('Ctrl Pts',(-12.3024849670697,0.802229142935229,
-41.7620898816243));
#10691=CARTESIAN_POINT('Ctrl Pts',(-12.5708474447634,0.647289994198396,
-42.432201889139));
#10692=CARTESIAN_POINT('Ctrl Pts',(-12.8152826825103,0.506165243885801,
-42.8009776165694));
#10693=CARTESIAN_POINT('Ctrl Pts',(-13.2418444890246,0.25988967006874,-43.2451177742567));
#10694=CARTESIAN_POINT('Ctrl Pts',(-13.4627295975908,0.132361593178095,
-43.424375657122));
#10695=CARTESIAN_POINT('Ctrl Pts',(-13.6919223554409,3.70927369951549E-5,
-43.5636680857088));
#10696=CARTESIAN_POINT('Ctrl Pts',(-57.5,-5.25000000000009,-47.));
#10697=CARTESIAN_POINT('Ctrl Pts',(-55.6519272079503,-5.25000000000009,
-47.));
#10698=CARTESIAN_POINT('Ctrl Pts',(-51.8129804627831,-5.5630662720911,-47.));
#10699=CARTESIAN_POINT('Ctrl Pts',(-45.9491475125684,-6.45421818826738,
-47.));
#10700=CARTESIAN_POINT('Ctrl Pts',(-38.0486138040578,-7.88774245135007,
-47.));
#10701=CARTESIAN_POINT('Ctrl Pts',(-28.0538100156845,-9.78304443226013,
-47.));
#10702=CARTESIAN_POINT('Ctrl Pts',(-19.9258957610644,-10.9621674797549,
-47.));
#10703=CARTESIAN_POINT('Ctrl Pts',(-15.8261492768008,-11.397972211223,-47.));
#10704=CARTESIAN_POINT('Ctrl Pts',(-57.5,-5.25000000000009,-46.1024020989743));
#10705=CARTESIAN_POINT('Ctrl Pts',(-55.6524399997212,-5.25000000000009,
-46.1024020989743));
#10706=CARTESIAN_POINT('Ctrl Pts',(-51.8131574295264,-5.56306658282751,
-46.1024020989744));
#10707=CARTESIAN_POINT('Ctrl Pts',(-45.9495855054497,-6.45418080311486,
-46.1024020989743));
#10708=CARTESIAN_POINT('Ctrl Pts',(-38.0488801007945,-7.88770194924866,
-46.1024020989743));
#10709=CARTESIAN_POINT('Ctrl Pts',(-28.0538741816282,-9.7830396961892,-46.1024020989744));
#10710=CARTESIAN_POINT('Ctrl Pts',(-19.9261137802767,-10.9621443042233,
-46.1024020989743));
#10711=CARTESIAN_POINT('Ctrl Pts',(-15.8261492768008,-11.397972211223,-46.1024020989743));
#10712=CARTESIAN_POINT('Ctrl Pts',(-57.5,-4.49677706619473,-44.5483400869785));
#10713=CARTESIAN_POINT('Ctrl Pts',(-55.6078969571333,-4.49677706619473,
-44.5483400869785));
#10714=CARTESIAN_POINT('Ctrl Pts',(-51.7182521369901,-4.81545738491052,
-44.5483400869785));
#10715=CARTESIAN_POINT('Ctrl Pts',(-45.8217075964803,-5.71167048700915,
-44.5483400869785));
#10716=CARTESIAN_POINT('Ctrl Pts',(-37.9062485570211,-7.14814840506511,
-44.5483400869785));
#10717=CARTESIAN_POINT('Ctrl Pts',(-27.9246181139712,-9.04075783283659,
-44.5483400869785));
#10718=CARTESIAN_POINT('Ctrl Pts',(-19.8275564728475,-10.2151543814076,
-44.5483400869785));
#10719=CARTESIAN_POINT('Ctrl Pts',(-15.7465299469423,-10.6489691736302,
-44.5483400869785));
#10720=CARTESIAN_POINT('Ctrl Pts',(-57.5,-2.92319842576933,-44.));
#10721=CARTESIAN_POINT('Ctrl Pts',(-55.5160258022698,-2.92319842576933,
-44.));
#10722=CARTESIAN_POINT('Ctrl Pts',(-51.5203918196949,-3.25360727176503,
-44.));
#10723=CARTESIAN_POINT('Ctrl Pts',(-45.5555664504601,-4.16038548155042,
-44.));
#10724=CARTESIAN_POINT('Ctrl Pts',(-37.6088884417836,-5.60303327023785,
-44.));
#10725=CARTESIAN_POINT('Ctrl Pts',(-27.6547339978999,-7.49002553817822,
-44.));
#10726=CARTESIAN_POINT('Ctrl Pts',(-19.6221614933547,-8.65454374189956,
-44.));
#10727=CARTESIAN_POINT('Ctrl Pts',(-15.5801950264196,-9.08420643384576,
-44.));
#10728=CARTESIAN_POINT('Ctrl Pts',(-57.5,-2.25000000000009,-44.));
#10729=CARTESIAN_POINT('Ctrl Pts',(-55.4768752278866,-2.25000000000009,
-44.));
#10730=CARTESIAN_POINT('Ctrl Pts',(-51.4357973308388,-2.58542656290102,
-44.));
#10731=CARTESIAN_POINT('Ctrl Pts',(-45.4418384537965,-3.49671341103913,
-44.));
#10732=CARTESIAN_POINT('Ctrl Pts',(-37.4817532618999,-4.94199982365127,
-44.));
#10733=CARTESIAN_POINT('Ctrl Pts',(-27.5392930534287,-6.82659967647631,
-44.));
#10734=CARTESIAN_POINT('Ctrl Pts',(-19.5343558346382,-7.98688628193324,
-44.));
#10735=CARTESIAN_POINT('Ctrl Pts',(-15.5090346765206,-8.41477957073043,
-44.));
#10736=CARTESIAN_POINT('',(-57.5,-2.25000000000009,-44.));
#10737=CARTESIAN_POINT('Ctrl Pts',(-15.5090346765206,-8.41477957073043,
-44.));
#10738=CARTESIAN_POINT('Ctrl Pts',(-19.5343558346382,-7.98688628193324,
-44.));
#10739=CARTESIAN_POINT('Ctrl Pts',(-27.5392930534287,-6.82659967647631,
-44.));
#10740=CARTESIAN_POINT('Ctrl Pts',(-37.4817532618999,-4.94199982365127,
-44.));
#10741=CARTESIAN_POINT('Ctrl Pts',(-45.4418384537965,-3.49671341103913,
-44.));
#10742=CARTESIAN_POINT('Ctrl Pts',(-51.4357973308388,-2.58542656290102,
-44.));
#10743=CARTESIAN_POINT('Ctrl Pts',(-55.4768752278866,-2.25000000000009,
-44.));
#10744=CARTESIAN_POINT('Ctrl Pts',(-57.5,-2.25000000000009,-44.));
#10745=CARTESIAN_POINT('',(-57.5,-5.25000000000009,-47.));
#10746=CARTESIAN_POINT('Origin',(-57.5,-2.25000000000009,-47.));
#10747=CARTESIAN_POINT('Ctrl Pts',(-57.5,-5.25000000000009,-47.));
#10748=CARTESIAN_POINT('Ctrl Pts',(-55.6519272079503,-5.25000000000009,
-47.));
#10749=CARTESIAN_POINT('Ctrl Pts',(-51.8129804627831,-5.5630662720911,-47.));
#10750=CARTESIAN_POINT('Ctrl Pts',(-45.9491475125684,-6.45421818826738,
-47.));
#10751=CARTESIAN_POINT('Ctrl Pts',(-38.0486138040578,-7.88774245135007,
-47.));
#10752=CARTESIAN_POINT('Ctrl Pts',(-28.0538100156845,-9.78304443226013,
-47.));
#10753=CARTESIAN_POINT('Ctrl Pts',(-19.9258957610644,-10.9621674797549,
-47.));
#10754=CARTESIAN_POINT('Ctrl Pts',(-15.8261492768008,-11.397972211223,-47.));
#10755=CARTESIAN_POINT('Ctrl Pts',(-57.5,-2.25000000000009,-44.));
#10756=CARTESIAN_POINT('Ctrl Pts',(-59.75,-2.2500000000001,-44.));
#10757=CARTESIAN_POINT('Ctrl Pts',(-59.75,-8.29277658502912E-14,-44.));
#10758=CARTESIAN_POINT('Ctrl Pts',(-57.5,-5.25000000000009,-44.));
#10759=CARTESIAN_POINT('Ctrl Pts',(-62.75,-5.2500000000001,-44.));
#10760=CARTESIAN_POINT('Ctrl Pts',(-62.75,-8.29277658502912E-14,-44.));
#10761=CARTESIAN_POINT('Ctrl Pts',(-57.5,-5.25000000000009,-47.));
#10762=CARTESIAN_POINT('Ctrl Pts',(-62.75,-5.2500000000001,-47.));
#10763=CARTESIAN_POINT('Ctrl Pts',(-62.75,-8.29277658502912E-14,-47.));
#10764=CARTESIAN_POINT('',(-59.75,-8.63198401646059E-14,-44.));
#10765=CARTESIAN_POINT('',(-62.75,-9.05211964463621E-14,-47.));
#10766=CARTESIAN_POINT('Origin',(-59.75,-8.63198401646059E-14,-47.));
#10767=CARTESIAN_POINT('Origin',(-57.5,-8.29277658502912E-14,-47.));
#10768=CARTESIAN_POINT('Origin',(-57.5,-8.29277658502912E-14,-44.));
#10769=CARTESIAN_POINT('Origin',(-59.75,0.749999999999782,-47.));
#10770=CARTESIAN_POINT('',(-62.75,0.749999999999766,-47.));
#10771=CARTESIAN_POINT('',(-59.75,0.749999999999782,-44.));
#10772=CARTESIAN_POINT('Ctrl Pts',(57.5,-2.25000000000009,-44.));
#10773=CARTESIAN_POINT('Ctrl Pts',(55.4768752278866,-2.25000000000009,-44.));
#10774=CARTESIAN_POINT('Ctrl Pts',(51.4357973308388,-2.58542656290101,-44.));
#10775=CARTESIAN_POINT('Ctrl Pts',(45.4418384537965,-3.49671341103913,-44.));
#10776=CARTESIAN_POINT('Ctrl Pts',(37.4817532618999,-4.94199982365127,-44.));
#10777=CARTESIAN_POINT('Ctrl Pts',(27.5392930534286,-6.82659967647632,-44.));
#10778=CARTESIAN_POINT('Ctrl Pts',(19.5343558346382,-7.98688628193324,-44.));
#10779=CARTESIAN_POINT('Ctrl Pts',(15.5090346765206,-8.41477957073043,-44.));
#10780=CARTESIAN_POINT('Ctrl Pts',(57.5,-3.14759790102574,-44.));
#10781=CARTESIAN_POINT('Ctrl Pts',(55.5294611115189,-3.14759790102574,-44.));
#10782=CARTESIAN_POINT('Ctrl Pts',(51.5487228885253,-3.4763344080895,-44.));
#10783=CARTESIAN_POINT('Ctrl Pts',(45.5938047248742,-4.38158142799042,-44.));
#10784=CARTESIAN_POINT('Ctrl Pts',(37.6514668297271,-5.82334733447312,-44.));
#10785=CARTESIAN_POINT('Ctrl Pts',(27.6932625027448,-7.71116393518646,-44.));
#10786=CARTESIAN_POINT('Ctrl Pts',(19.6515937834368,-8.87707882322603,-44.));
#10787=CARTESIAN_POINT('Ctrl Pts',(15.6039151430526,-9.30734872155088,-44.));
#10788=CARTESIAN_POINT('Ctrl Pts',(57.5,-4.70165991302157,-44.7532229338053));
#10789=CARTESIAN_POINT('Ctrl Pts',(55.6198691001167,-4.70165991302157,-44.7532229338053));
#10790=CARTESIAN_POINT('Ctrl Pts',(51.744017487366,-5.01881316208326,-44.7532229338053));
#10791=CARTESIAN_POINT('Ctrl Pts',(45.8563685048034,-5.91364990688225,-44.7532229338053));
#10792=CARTESIAN_POINT('Ctrl Pts',(37.9449707677598,-7.34932443347622,-44.7532229338053));
#10793=CARTESIAN_POINT('Ctrl Pts',(27.959758819565,-9.24266594764591,-44.7532229338053));
#10794=CARTESIAN_POINT('Ctrl Pts',(19.8543036786608,-10.4183483028368,-44.7532229338053));
#10795=CARTESIAN_POINT('Ctrl Pts',(15.7681870609675,-10.8527041739026,-44.7532229338053));
#10796=CARTESIAN_POINT('Ctrl Pts',(57.5,-5.25000000000008,-46.3268015742308));
#10797=CARTESIAN_POINT('Ctrl Pts',(55.6520491772783,-5.25000000000008,-46.3268015742308));
#10798=CARTESIAN_POINT('Ctrl Pts',(51.813022554946,-5.56306634600085,-46.3268015742307));
#10799=CARTESIAN_POINT('Ctrl Pts',(45.9492516907172,-6.45420929607724,-46.3268015742308));
#10800=CARTESIAN_POINT('Ctrl Pts',(38.0486771436741,-7.88773281778266,-46.3268015742307));
#10801=CARTESIAN_POINT('Ctrl Pts',(28.0538252777801,-9.78304330576899,-46.3268015742308));
#10802=CARTESIAN_POINT('Ctrl Pts',(19.9259476177016,-10.9621619673731,-46.3268015742308));
#10803=CARTESIAN_POINT('Ctrl Pts',(15.8261492768008,-11.397972211223,-46.3268015742308));
#10804=CARTESIAN_POINT('Ctrl Pts',(57.5,-5.25000000000008,-47.));
#10805=CARTESIAN_POINT('Ctrl Pts',(55.6519272079503,-5.25000000000008,-47.));
#10806=CARTESIAN_POINT('Ctrl Pts',(51.8129804627831,-5.5630662720911,-47.));
#10807=CARTESIAN_POINT('Ctrl Pts',(45.9491475125684,-6.45421818826738,-47.));
#10808=CARTESIAN_POINT('Ctrl Pts',(38.0486138040578,-7.88774245135006,-47.));
#10809=CARTESIAN_POINT('Ctrl Pts',(28.0538100156845,-9.78304443226013,-47.));
#10810=CARTESIAN_POINT('Ctrl Pts',(19.9258957610644,-10.9621674797549,-47.));
#10811=CARTESIAN_POINT('Ctrl Pts',(15.8261492768008,-11.397972211223,-47.));
#10812=CARTESIAN_POINT('',(57.5,-5.25000000000009,-47.));
#10813=CARTESIAN_POINT('Ctrl Pts',(15.8261492768008,-11.397972211223,-47.));
#10814=CARTESIAN_POINT('Ctrl Pts',(19.9258957610644,-10.9621674797549,-47.));
#10815=CARTESIAN_POINT('Ctrl Pts',(28.0538100156845,-9.78304443226013,-47.));
#10816=CARTESIAN_POINT('Ctrl Pts',(38.0486138040578,-7.88774245135006,-47.));
#10817=CARTESIAN_POINT('Ctrl Pts',(45.9491475125684,-6.45421818826738,-47.));
#10818=CARTESIAN_POINT('Ctrl Pts',(51.8129804627831,-5.5630662720911,-47.));
#10819=CARTESIAN_POINT('Ctrl Pts',(55.6519272079503,-5.25000000000008,-47.));
#10820=CARTESIAN_POINT('Ctrl Pts',(57.5,-5.25000000000008,-47.));
#10821=CARTESIAN_POINT('Origin',(57.5,-2.25000000000009,-47.));
#10822=CARTESIAN_POINT('Ctrl Pts',(59.75,-8.29277658502912E-14,-44.));
#10823=CARTESIAN_POINT('Ctrl Pts',(59.75,-2.2500000000001,-44.));
#10824=CARTESIAN_POINT('Ctrl Pts',(57.5,-2.25000000000009,-44.));
#10825=CARTESIAN_POINT('Ctrl Pts',(62.75,-8.29277658502912E-14,-44.));
#10826=CARTESIAN_POINT('Ctrl Pts',(62.75,-5.2500000000001,-44.));
#10827=CARTESIAN_POINT('Ctrl Pts',(57.5,-5.25000000000009,-44.));
#10828=CARTESIAN_POINT('Ctrl Pts',(62.75,-8.29277658502912E-14,-47.));
#10829=CARTESIAN_POINT('Ctrl Pts',(62.75,-5.2500000000001,-47.));
#10830=CARTESIAN_POINT('Ctrl Pts',(57.5,-5.25000000000009,-47.));
#10831=CARTESIAN_POINT('Origin',(57.5,-8.29277658502912E-14,-47.));
#10832=CARTESIAN_POINT('Origin',(2.22044604925031E-15,-3.33066907387547E-15,
-41.));
#10833=CARTESIAN_POINT('Origin',(2.22044604925031E-15,-3.33066907387547E-15,
-41.));
#10834=CARTESIAN_POINT('Origin',(-13.6919223554409,3.70927369972018E-5,
-24.));
#10835=CARTESIAN_POINT('',(-13.6919223554409,3.70927369974794E-5,-24.));
#10836=CARTESIAN_POINT('',(-13.6919223554409,3.70927369974794E-5,-24.));
#10837=CARTESIAN_POINT('',(-12.2205052064513,0.849560179796363,-24.));
#10838=CARTESIAN_POINT('Origin',(-12.4359646496657,-0.725164612257114,-24.));
#10839=CARTESIAN_POINT('',(-12.4359646496657,-0.725164612257114,-24.));
#10840=CARTESIAN_POINT('',(-12.4359646496657,-0.725164612257114,-24.));
#10841=CARTESIAN_POINT('',(-12.2205042847069,-0.84957343853227,-24.));
#10842=CARTESIAN_POINT('Origin',(-12.2205052064513,-0.849560179796354,-24.));
#10843=CARTESIAN_POINT('',(-12.2205052064513,-0.849560179796354,-24.));
#10844=CARTESIAN_POINT('',(-12.2205052064513,-0.849560179796354,-24.));
#10845=CARTESIAN_POINT('',(-13.691986601946,2.30718222304915E-15,-24.));
#10846=CARTESIAN_POINT('Origin',(2.22044604925031E-15,-3.33066907387547E-15,
-24.));
#10847=CARTESIAN_POINT('Origin',(2.22044604925031E-15,-3.33066907387547E-15,
-24.));
#10848=CARTESIAN_POINT('Origin',(57.5000000000001,9.99999999999993,-43.5));
#10849=CARTESIAN_POINT('Origin',(57.5000000000001,9.99999999999993,-43.5));
#10850=CARTESIAN_POINT('',(54.7000000000001,9.99999999999993,-43.5));
#10851=CARTESIAN_POINT('Origin',(57.5000000000001,9.99999999999993,-43.5));
#10852=CARTESIAN_POINT('Origin',(-57.5000000000001,9.99999999999993,-43.5));
#10853=CARTESIAN_POINT('Origin',(-57.5000000000001,9.99999999999993,-43.5));
#10854=CARTESIAN_POINT('',(-60.3000000000001,9.99999999999993,-43.5));
#10855=CARTESIAN_POINT('Origin',(-57.5000000000001,9.99999999999993,-43.5));
#10856=CARTESIAN_POINT('Origin',(0.,1.49999999999996,-44.));
#10857=CARTESIAN_POINT('Origin',(-57.5000000000001,9.99999999999993,-44.));
#10858=CARTESIAN_POINT('',(-60.3000000000001,9.99999999999993,-44.));
#10859=CARTESIAN_POINT('Origin',(57.5000000000001,9.99999999999993,-44.));
#10860=CARTESIAN_POINT('',(54.7000000000001,9.99999999999993,-44.));
#10861=CARTESIAN_POINT('Origin',(62.7500000000001,9.99999999999991,-44.));
#10862=CARTESIAN_POINT('',(62.75,-9.10382880192628E-14,-50.));
#10863=CARTESIAN_POINT('',(62.75,-9.04994314279265E-14,-44.));
#10864=CARTESIAN_POINT('',(62.7500000000001,9.99999999999993,-50.));
#10865=CARTESIAN_POINT('',(62.75,-9.04994314279265E-14,-50.));
#10866=CARTESIAN_POINT('',(62.7500000000001,9.99999999999993,-44.));
#10867=CARTESIAN_POINT('Origin',(57.5000000000001,9.99999999999993,-44.));
#10868=CARTESIAN_POINT('',(57.5000000000001,15.2499999999999,-50.));
#10869=CARTESIAN_POINT('Origin',(57.5000000000001,9.99999999999993,-50.));
#10870=CARTESIAN_POINT('',(57.5000000000001,15.2499999999999,-44.));
#10871=CARTESIAN_POINT('Ctrl Pts',(-4.40668354247559E-15,12.25,-44.));
#10872=CARTESIAN_POINT('Ctrl Pts',(-4.40668354247559E-15,12.25,-50.));
#10873=CARTESIAN_POINT('Ctrl Pts',(2.15054659148207,12.25,-44.));
#10874=CARTESIAN_POINT('Ctrl Pts',(2.15054659148207,12.25,-50.));
#10875=CARTESIAN_POINT('Ctrl Pts',(6.68350693843189,12.3112608665006,-44.));
#10876=CARTESIAN_POINT('Ctrl Pts',(6.68350693843189,12.3112608665006,-50.));
#10877=CARTESIAN_POINT('Ctrl Pts',(14.1777440519345,12.5867444681849,-44.));
#10878=CARTESIAN_POINT('Ctrl Pts',(14.1777440519345,12.5867444681849,-50.));
#10879=CARTESIAN_POINT('Ctrl Pts',(25.2129111778578,13.2489772269688,-44.));
#10880=CARTESIAN_POINT('Ctrl Pts',(25.2129111778578,13.2489772269688,-50.));
#10881=CARTESIAN_POINT('Ctrl Pts',(39.0665654916725,14.2510227730318,-44.));
#10882=CARTESIAN_POINT('Ctrl Pts',(39.0665654916725,14.2510227730318,-50.));
#10883=CARTESIAN_POINT('Ctrl Pts',(48.5650517442271,14.9132555318155,-44.));
#10884=CARTESIAN_POINT('Ctrl Pts',(48.5650517442271,14.9132555318155,-50.));
#10885=CARTESIAN_POINT('Ctrl Pts',(53.8812631362137,15.1887391334994,-44.));
#10886=CARTESIAN_POINT('Ctrl Pts',(53.8812631362137,15.1887391334994,-50.));
#10887=CARTESIAN_POINT('Ctrl Pts',(56.4555541605175,15.2499999999999,-44.));
#10888=CARTESIAN_POINT('Ctrl Pts',(56.4555541605175,15.2499999999999,-50.));
#10889=CARTESIAN_POINT('Ctrl Pts',(57.5000000000001,15.2499999999999,-44.));
#10890=CARTESIAN_POINT('Ctrl Pts',(57.5000000000001,15.2499999999999,-50.));
#10891=CARTESIAN_POINT('',(0.,12.25,-50.));
#10892=CARTESIAN_POINT('Ctrl Pts',(-4.40668354247559E-15,12.25,-50.));
#10893=CARTESIAN_POINT('Ctrl Pts',(2.15054659148207,12.25,-50.));
#10894=CARTESIAN_POINT('Ctrl Pts',(6.68350693843189,12.3112608665006,-50.));
#10895=CARTESIAN_POINT('Ctrl Pts',(14.1777440519345,12.5867444681849,-50.));
#10896=CARTESIAN_POINT('Ctrl Pts',(25.2129111778578,13.2489772269688,-50.));
#10897=CARTESIAN_POINT('Ctrl Pts',(39.0665654916725,14.2510227730318,-50.));
#10898=CARTESIAN_POINT('Ctrl Pts',(48.5650517442271,14.9132555318155,-50.));
#10899=CARTESIAN_POINT('Ctrl Pts',(53.8812631362137,15.1887391334994,-50.));
#10900=CARTESIAN_POINT('Ctrl Pts',(56.4555541605175,15.2499999999999,-50.));
#10901=CARTESIAN_POINT('Ctrl Pts',(57.5000000000001,15.2499999999999,-50.));
#10902=CARTESIAN_POINT('',(-4.40668354247559E-15,12.25,-44.));
#10903=CARTESIAN_POINT('Ctrl Pts',(-57.5000000000001,15.2499999999999,-44.));
#10904=CARTESIAN_POINT('Ctrl Pts',(-57.5000000000001,15.2499999999999,-50.));
#10905=CARTESIAN_POINT('Ctrl Pts',(-56.4555541605175,15.2499999999999,-44.));
#10906=CARTESIAN_POINT('Ctrl Pts',(-56.4555541605175,15.2499999999999,-50.));
#10907=CARTESIAN_POINT('Ctrl Pts',(-53.8812631362137,15.1887391334994,-44.));
#10908=CARTESIAN_POINT('Ctrl Pts',(-53.8812631362137,15.1887391334994,-50.));
#10909=CARTESIAN_POINT('Ctrl Pts',(-48.5650517442271,14.9132555318155,-44.));
#10910=CARTESIAN_POINT('Ctrl Pts',(-48.5650517442271,14.9132555318155,-50.));
#10911=CARTESIAN_POINT('Ctrl Pts',(-39.0665654916725,14.2510227730318,-44.));
#10912=CARTESIAN_POINT('Ctrl Pts',(-39.0665654916725,14.2510227730318,-50.));
#10913=CARTESIAN_POINT('Ctrl Pts',(-25.2129111778578,13.2489772269688,-44.));
#10914=CARTESIAN_POINT('Ctrl Pts',(-25.2129111778578,13.2489772269688,-50.));
#10915=CARTESIAN_POINT('Ctrl Pts',(-14.1777440519345,12.5867444681849,-44.));
#10916=CARTESIAN_POINT('Ctrl Pts',(-14.1777440519345,12.5867444681849,-50.));
#10917=CARTESIAN_POINT('Ctrl Pts',(-6.68350693843189,12.3112608665006,-44.));
#10918=CARTESIAN_POINT('Ctrl Pts',(-6.68350693843189,12.3112608665006,-50.));
#10919=CARTESIAN_POINT('Ctrl Pts',(-2.15054659148207,12.25,-44.));
#10920=CARTESIAN_POINT('Ctrl Pts',(-2.15054659148207,12.25,-50.));
#10921=CARTESIAN_POINT('Ctrl Pts',(4.40668354247559E-15,12.25,-44.));
#10922=CARTESIAN_POINT('Ctrl Pts',(4.40668354247559E-15,12.25,-50.));
#10923=CARTESIAN_POINT('',(-57.5,15.2499999999999,-50.));
#10924=CARTESIAN_POINT('Ctrl Pts',(-57.5000000000001,15.2499999999999,-50.));
#10925=CARTESIAN_POINT('Ctrl Pts',(-56.4555541605175,15.2499999999999,-50.));
#10926=CARTESIAN_POINT('Ctrl Pts',(-53.8812631362137,15.1887391334994,-50.));
#10927=CARTESIAN_POINT('Ctrl Pts',(-48.5650517442271,14.9132555318155,-50.));
#10928=CARTESIAN_POINT('Ctrl Pts',(-39.0665654916725,14.2510227730318,-50.));
#10929=CARTESIAN_POINT('Ctrl Pts',(-25.2129111778578,13.2489772269688,-50.));
#10930=CARTESIAN_POINT('Ctrl Pts',(-14.1777440519345,12.5867444681849,-50.));
#10931=CARTESIAN_POINT('Ctrl Pts',(-6.68350693843189,12.3112608665006,-50.));
#10932=CARTESIAN_POINT('Ctrl Pts',(-2.15054659148207,12.25,-50.));
#10933=CARTESIAN_POINT('Ctrl Pts',(4.40668354247559E-15,12.25,-50.));
#10934=CARTESIAN_POINT('',(-57.5000000000001,15.2499999999999,-44.));
#10935=CARTESIAN_POINT('Origin',(-57.5000000000001,9.99999999999993,-44.));
#10936=CARTESIAN_POINT('',(-62.7500000000001,9.99999999999991,-50.));
#10937=CARTESIAN_POINT('Origin',(-57.5000000000001,9.99999999999993,-50.));
#10938=CARTESIAN_POINT('',(-62.7500000000001,9.99999999999991,-44.));
#10939=CARTESIAN_POINT('Origin',(-62.75,-9.04994314279265E-14,-44.));
#10940=CARTESIAN_POINT('',(-62.75,-9.10382880192628E-14,-50.));
#10941=CARTESIAN_POINT('',(-62.75,-9.04994314279265E-14,-50.));
#10942=CARTESIAN_POINT('',(-62.75,-9.05211964463621E-14,-44.));
#10943=CARTESIAN_POINT('Origin',(-57.5,-8.29277658502912E-14,-44.));
#10944=CARTESIAN_POINT('',(-57.5,-5.25000000000009,-50.));
#10945=CARTESIAN_POINT('Origin',(-57.5,-8.29277658502912E-14,-50.));
#10946=CARTESIAN_POINT('',(-57.5,-5.25000000000009,-44.));
#10947=CARTESIAN_POINT('Ctrl Pts',(-4.43013941598455E-17,-12.25,-44.));
#10948=CARTESIAN_POINT('Ctrl Pts',(-4.43013941598455E-17,-12.25,-50.));
#10949=CARTESIAN_POINT('Ctrl Pts',(-2.93090728559683,-12.25,-44.));
#10950=CARTESIAN_POINT('Ctrl Pts',(-2.93090728559683,-12.25,-50.));
#10951=CARTESIAN_POINT('Ctrl Pts',(-8.6935950247265,-12.1070579781654,-44.));
#10952=CARTESIAN_POINT('Ctrl Pts',(-8.6935950247265,-12.1070579781654,-50.));
#10953=CARTESIAN_POINT('Ctrl Pts',(-17.0404327592737,-11.4642629075689,
-44.));
#10954=CARTESIAN_POINT('Ctrl Pts',(-17.0404327592737,-11.4642629075689,
-50.));
#10955=CARTESIAN_POINT('Ctrl Pts',(-27.5871396834418,-9.91905313707357,
-44.));
#10956=CARTESIAN_POINT('Ctrl Pts',(-27.5871396834418,-9.91905313707357,
-50.));
#10957=CARTESIAN_POINT('Ctrl Pts',(-39.6288923970138,-7.58094686292653,
-44.));
#10958=CARTESIAN_POINT('Ctrl Pts',(-39.6288923970138,-7.58094686292653,
-50.));
#10959=CARTESIAN_POINT('Ctrl Pts',(-47.9732994401043,-6.0357370924312,-44.));
#10960=CARTESIAN_POINT('Ctrl Pts',(-47.9732994401043,-6.0357370924312,-50.));
#10961=CARTESIAN_POINT('Ctrl Pts',(-53.1986915507707,-5.39294202183465,
-44.));
#10962=CARTESIAN_POINT('Ctrl Pts',(-53.1986915507707,-5.39294202183465,
-50.));
#10963=CARTESIAN_POINT('Ctrl Pts',(-56.1543051009201,-5.25000000000009,
-44.));
#10964=CARTESIAN_POINT('Ctrl Pts',(-56.1543051009201,-5.25000000000009,
-50.));
#10965=CARTESIAN_POINT('Ctrl Pts',(-57.5,-5.25000000000009,-44.));
#10966=CARTESIAN_POINT('Ctrl Pts',(-57.5,-5.25000000000009,-50.));
#10967=CARTESIAN_POINT('',(0.,-12.25,-50.));
#10968=CARTESIAN_POINT('Ctrl Pts',(-4.43013941598455E-17,-12.25,-50.));
#10969=CARTESIAN_POINT('Ctrl Pts',(-2.93090728559683,-12.25,-50.));
#10970=CARTESIAN_POINT('Ctrl Pts',(-8.6935950247265,-12.1070579781654,-50.));
#10971=CARTESIAN_POINT('Ctrl Pts',(-17.0404327592737,-11.4642629075689,
-50.));
#10972=CARTESIAN_POINT('Ctrl Pts',(-27.5871396834418,-9.91905313707357,
-50.));
#10973=CARTESIAN_POINT('Ctrl Pts',(-39.6288923970138,-7.58094686292653,
-50.));
#10974=CARTESIAN_POINT('Ctrl Pts',(-47.9732994401043,-6.0357370924312,-50.));
#10975=CARTESIAN_POINT('Ctrl Pts',(-53.1986915507707,-5.39294202183465,
-50.));
#10976=CARTESIAN_POINT('Ctrl Pts',(-56.1543051009201,-5.25000000000009,
-50.));
#10977=CARTESIAN_POINT('Ctrl Pts',(-57.5,-5.25000000000009,-50.));
#10978=CARTESIAN_POINT('',(4.43013941598455E-17,-12.25,-44.));
#10979=CARTESIAN_POINT('Ctrl Pts',(57.5,-5.25000000000009,-44.));
#10980=CARTESIAN_POINT('Ctrl Pts',(57.5,-5.25000000000009,-50.));
#10981=CARTESIAN_POINT('Ctrl Pts',(56.1543051009201,-5.25000000000009,-44.));
#10982=CARTESIAN_POINT('Ctrl Pts',(56.1543051009201,-5.25000000000009,-50.));
#10983=CARTESIAN_POINT('Ctrl Pts',(53.1986915507707,-5.39294202183465,-44.));
#10984=CARTESIAN_POINT('Ctrl Pts',(53.1986915507707,-5.39294202183465,-50.));
#10985=CARTESIAN_POINT('Ctrl Pts',(47.9732994401043,-6.0357370924312,-44.));
#10986=CARTESIAN_POINT('Ctrl Pts',(47.9732994401043,-6.0357370924312,-50.));
#10987=CARTESIAN_POINT('Ctrl Pts',(39.6288923970138,-7.58094686292653,-44.));
#10988=CARTESIAN_POINT('Ctrl Pts',(39.6288923970138,-7.58094686292653,-50.));
#10989=CARTESIAN_POINT('Ctrl Pts',(27.5871396834418,-9.91905313707357,-44.));
#10990=CARTESIAN_POINT('Ctrl Pts',(27.5871396834418,-9.91905313707357,-50.));
#10991=CARTESIAN_POINT('Ctrl Pts',(17.0404327592737,-11.4642629075689,-44.));
#10992=CARTESIAN_POINT('Ctrl Pts',(17.0404327592737,-11.4642629075689,-50.));
#10993=CARTESIAN_POINT('Ctrl Pts',(8.6935950247265,-12.1070579781654,-44.));
#10994=CARTESIAN_POINT('Ctrl Pts',(8.6935950247265,-12.1070579781654,-50.));
#10995=CARTESIAN_POINT('Ctrl Pts',(2.93090728559683,-12.25,-44.));
#10996=CARTESIAN_POINT('Ctrl Pts',(2.93090728559683,-12.25,-50.));
#10997=CARTESIAN_POINT('Ctrl Pts',(4.43013941598455E-17,-12.25,-44.));
#10998=CARTESIAN_POINT('Ctrl Pts',(4.43013941598455E-17,-12.25,-50.));
#10999=CARTESIAN_POINT('',(57.5,-5.25000000000009,-50.));
#11000=CARTESIAN_POINT('Ctrl Pts',(57.5,-5.25000000000009,-50.));
#11001=CARTESIAN_POINT('Ctrl Pts',(56.1543051009201,-5.25000000000009,-50.));
#11002=CARTESIAN_POINT('Ctrl Pts',(53.1986915507707,-5.39294202183465,-50.));
#11003=CARTESIAN_POINT('Ctrl Pts',(47.9732994401043,-6.0357370924312,-50.));
#11004=CARTESIAN_POINT('Ctrl Pts',(39.6288923970138,-7.58094686292653,-50.));
#11005=CARTESIAN_POINT('Ctrl Pts',(27.5871396834418,-9.91905313707357,-50.));
#11006=CARTESIAN_POINT('Ctrl Pts',(17.0404327592737,-11.4642629075689,-50.));
#11007=CARTESIAN_POINT('Ctrl Pts',(8.6935950247265,-12.1070579781654,-50.));
#11008=CARTESIAN_POINT('Ctrl Pts',(2.93090728559683,-12.25,-50.));
#11009=CARTESIAN_POINT('Ctrl Pts',(4.43013941598455E-17,-12.25,-50.));
#11010=CARTESIAN_POINT('',(57.5,-5.25000000000009,-44.));
#11011=CARTESIAN_POINT('Origin',(57.5,-8.29277658502912E-14,-44.));
#11012=CARTESIAN_POINT('Origin',(57.5,-8.29277658502912E-14,-50.));
#11013=CARTESIAN_POINT('Origin',(0.,1.49999999999996,-50.));
#11014=CARTESIAN_POINT('Origin',(2.22044604925031E-15,-3.33066907387547E-15,
-24.));
#11015=CARTESIAN_POINT('',(-2.1,-3.07349324605453E-15,-24.));
#11016=CARTESIAN_POINT('',(-2.1,-3.07349324605453E-15,-24.));
#11017=CARTESIAN_POINT('Origin',(2.22044604925031E-15,-3.33066907387547E-15,
-24.));
#11018=CARTESIAN_POINT('Origin',(-0.720993300973003,-4.44089209850063E-15,
-24.));
#11019=CARTESIAN_POINT('',(0.,0.,0.));
#11020=CARTESIAN_POINT('Origin',(1.11022302462516E-15,-1.11022302462516E-15,
-2.4));
#11021=CARTESIAN_POINT('',(12.3,-2.6165385875764E-15,-2.4));
#11022=CARTESIAN_POINT('',(-12.3,3.96092538326089E-16,-2.4));
#11023=CARTESIAN_POINT('Origin',(1.11022302462516E-15,-1.11022302462516E-15,
-2.4));
#11024=CARTESIAN_POINT('Origin',(1.11022302462516E-15,-1.11022302462516E-15,
-2.4));
#11025=CARTESIAN_POINT('',(11.9,-2.56755271561051E-15,-2.));
#11026=CARTESIAN_POINT('Origin',(11.9,-2.56755271561051E-15,-2.4));
#11027=CARTESIAN_POINT('Origin',(1.11022302462516E-15,-1.11022302462516E-15,
-2.));
#11028=CARTESIAN_POINT('Origin',(1.11022302462516E-15,-1.11022302462516E-15,
-2.));
#11029=CARTESIAN_POINT('',(-12.3,3.96092538326089E-16,-11.6));
#11030=CARTESIAN_POINT('',(12.3,-2.6165385875764E-15,-11.6));
#11031=CARTESIAN_POINT('Origin',(1.11022302462516E-15,-1.11022302462516E-15,
-11.6));
#11032=CARTESIAN_POINT('',(-12.3,3.96092538326089E-16,-11.2));
#11033=CARTESIAN_POINT('',(-12.3,3.96092538326089E-16,-2.));
#11034=CARTESIAN_POINT('',(-11.9623918581682,2.86202393973749,-11.2));
#11035=CARTESIAN_POINT('Origin',(1.11022302462516E-15,-1.11022302462516E-15,
-11.2));
#11036=CARTESIAN_POINT('',(-12.298153882873,-0.000101352252450254,-10.1039180134084));
#11037=CARTESIAN_POINT('Ctrl Pts',(-12.298153882873,-0.000101352252450115,
-10.1039180134084));
#11038=CARTESIAN_POINT('Ctrl Pts',(-12.2981467505836,0.962814188247504,
-10.4692706882525));
#11039=CARTESIAN_POINT('Ctrl Pts',(-12.1863806193679,1.92581886608565,-10.834628629044));
#11040=CARTESIAN_POINT('Ctrl Pts',(-11.962391858168,2.86202393973831,-11.1999999999978));
#11041=CARTESIAN_POINT('',(-12.2968830120193,1.59530775143552E-5,-9.76297058920088));
#11042=CARTESIAN_POINT('',(-12.3,3.96092538326089E-16,-2.));
#11043=CARTESIAN_POINT('',(-11.7219245648642,3.72645736533143,-11.2));
#11044=CARTESIAN_POINT('Ctrl Pts',(-11.7219245648642,3.72645736533143,-11.2));
#11045=CARTESIAN_POINT('Ctrl Pts',(-12.1042607324822,2.52378274011443,-10.7210052262372));
#11046=CARTESIAN_POINT('Ctrl Pts',(-12.2964030536916,1.26194681516393,-10.2419910203657));
#11047=CARTESIAN_POINT('Ctrl Pts',(-12.2968830120193,1.59530775143413E-5,
-9.76297058920088));
#11048=CARTESIAN_POINT('',(2.86202393973748,11.9623918581682,-11.2));
#11049=CARTESIAN_POINT('Origin',(1.11022302462516E-15,-1.11022302462516E-15,
-11.2));
#11050=CARTESIAN_POINT('',(-12.2997513956355,0.0782023373296348,-2.79999999999998));
#11051=CARTESIAN_POINT('Ctrl Pts',(-12.2997513956355,0.0782023373296348,
-2.79999999999998));
#11052=CARTESIAN_POINT('Ctrl Pts',(-12.2930513297564,1.13199621946252,-3.19998240602066));
#11053=CARTESIAN_POINT('Ctrl Pts',(-11.8689573398659,4.29247192688375,-4.40001662019197));
#11054=CARTESIAN_POINT('Ctrl Pts',(-9.16263188424733,9.01756407499225,-6.39999173759794));
#11055=CARTESIAN_POINT('Ctrl Pts',(-3.54230719802175,12.3568368303457,-8.80004470154488));
#11056=CARTESIAN_POINT('Ctrl Pts',(0.812074140599905,12.4528460641461,-10.3999691204646));
#11057=CARTESIAN_POINT('Ctrl Pts',(2.8620239397383,11.962391858168,-11.1999999999978));
#11058=CARTESIAN_POINT('',(-12.3,3.96092538326089E-16,-2.8));
#11059=CARTESIAN_POINT('Origin',(1.11022302462516E-15,-1.11022302462516E-15,
-2.8));
#11060=CARTESIAN_POINT('',(-12.3,3.96092538326089E-16,-2.));
#11061=CARTESIAN_POINT('',(-0.974635859859933,-12.2613247628743,-2.8));
#11062=CARTESIAN_POINT('Origin',(1.11022302462516E-15,-1.11022302462516E-15,
-2.8));
#11063=CARTESIAN_POINT('Ctrl Pts',(-12.2968830120193,1.59530775143413E-5,
-9.76297058920088));
#11064=CARTESIAN_POINT('Ctrl Pts',(-12.2972046277263,-0.845592432014513,
-9.44198335813053));
#11065=CARTESIAN_POINT('Ctrl Pts',(-12.104620555741,-2.74506619221831,-8.72098601724783));
#11066=CARTESIAN_POINT('Ctrl Pts',(-10.7776602289025,-6.5634812121466,-7.19998659007884));
#11067=CARTESIAN_POINT('Ctrl Pts',(-7.1900345899843,-10.6574000250191,-5.19996411525105));
#11068=CARTESIAN_POINT('Ctrl Pts',(-3.07581265901894,-12.0943051058658,
-3.60003087953343));
#11069=CARTESIAN_POINT('Ctrl Pts',(-0.974635859859932,-12.2613247628743,
-2.8));
#11070=CARTESIAN_POINT('',(-0.0782023373296353,-12.2997513956355,-2.79999999999998));
#11071=CARTESIAN_POINT('Ctrl Pts',(-0.0782023373296356,-12.2997513956355,
-2.79999999999998));
#11072=CARTESIAN_POINT('Ctrl Pts',(-2.1857901015954,-12.2863512638774,-3.59996481204133));
#11073=CARTESIAN_POINT('Ctrl Pts',(-5.33668653864843,-11.4329880505437,
-4.79999355155616));
#11074=CARTESIAN_POINT('Ctrl Pts',(-9.57272474841779,-8.22194186404146,
-6.80001332820983));
#11075=CARTESIAN_POINT('Ctrl Pts',(-11.8489027048745,-4.39922005140331,
-8.43467470731125));
#11076=CARTESIAN_POINT('Ctrl Pts',(-12.2981623677124,-1.14562185251623,
-9.66928074642354));
#11077=CARTESIAN_POINT('Ctrl Pts',(-12.298153882873,-0.000101352252450115,
-10.1039180134084));
#11078=CARTESIAN_POINT('',(12.2613247628743,-0.974635859859938,-2.8));
#11079=CARTESIAN_POINT('Origin',(1.11022302462516E-15,-1.11022302462516E-15,
-2.8));
#11080=CARTESIAN_POINT('',(-3.72645736533143,-11.7219245648642,-11.2));
#11081=CARTESIAN_POINT('Ctrl Pts',(-3.72645736533144,-11.7219245648642,
-11.2));
#11082=CARTESIAN_POINT('Ctrl Pts',(-1.71788142002193,-12.3604607185315,
-10.4000351879584));
#11083=CARTESIAN_POINT('Ctrl Pts',(2.63221383774641,-12.5821643051425,-8.79998801385356));
#11084=CARTESIAN_POINT('Ctrl Pts',(8.48090066427409,-9.66149386367585,-6.39999202346497));
#11085=CARTESIAN_POINT('Ctrl Pts',(11.5245010530644,-5.14616926041417,-4.3999634098214));
#11086=CARTESIAN_POINT('Ctrl Pts',(12.17781493437,-2.02522425943944,-3.20001543976672));
#11087=CARTESIAN_POINT('Ctrl Pts',(12.2613247628743,-0.974635859859938,
-2.8));
#11088=CARTESIAN_POINT('Origin',(1.11022302462516E-15,-1.11022302462516E-15,
-11.2));
#11089=CARTESIAN_POINT('Origin',(1.11022302462516E-15,-1.11022302462516E-15,
-11.6));
#11090=CARTESIAN_POINT('',(0.974635859859931,12.2613247628743,-2.8));
#11091=CARTESIAN_POINT('',(12.2997513956355,-0.0782023373296353,-2.79999999999998));
#11092=CARTESIAN_POINT('Origin',(1.11022302462516E-15,-1.11022302462516E-15,
-2.8));
#11093=CARTESIAN_POINT('',(11.7219245648642,-3.72645736533144,-11.2));
#11094=CARTESIAN_POINT('Ctrl Pts',(11.7219245648642,-3.72645736533145,-11.2));
#11095=CARTESIAN_POINT('Ctrl Pts',(12.3604607185315,-1.71788142002194,-10.4000351879585));
#11096=CARTESIAN_POINT('Ctrl Pts',(12.5225309048387,1.5425018640293,-9.20000666973408));
#11097=CARTESIAN_POINT('Ctrl Pts',(10.7776602289025,6.56348121214659,-7.19998659007884));
#11098=CARTESIAN_POINT('Ctrl Pts',(7.19003458998431,10.6574000250191,-5.19996411525106));
#11099=CARTESIAN_POINT('Ctrl Pts',(3.07581265901894,12.0943051058657,-3.60003087953343));
#11100=CARTESIAN_POINT('Ctrl Pts',(0.974635859859932,12.2613247628743,-2.8));
#11101=CARTESIAN_POINT('',(-2.86202393973749,-11.9623918581682,-11.2));
#11102=CARTESIAN_POINT('Origin',(1.11022302462516E-15,-1.11022302462516E-15,
-11.2));
#11103=CARTESIAN_POINT('Ctrl Pts',(12.2997513956355,-0.0782023373296364,
-2.79999999999998));
#11104=CARTESIAN_POINT('Ctrl Pts',(12.2863512638774,-2.1857901015954,-3.59996481204133));
#11105=CARTESIAN_POINT('Ctrl Pts',(11.1529663496026,-6.39148750610824,-5.20001215422871));
#11106=CARTESIAN_POINT('Ctrl Pts',(6.56788203429303,-11.0513809524725,-7.60000794974388));
#11107=CARTESIAN_POINT('Ctrl Pts',(1.3330325295126,-12.5507040864537,-9.60003661416836));
#11108=CARTESIAN_POINT('Ctrl Pts',(-1.8370490401691,-12.207618961157,-10.7999845602312));
#11109=CARTESIAN_POINT('Ctrl Pts',(-2.8620239397383,-11.962391858168,-11.1999999999978));
#11110=CARTESIAN_POINT('',(-12.2613247628743,0.974635859859931,-2.8));
#11111=CARTESIAN_POINT('',(0.0782023373296356,12.2997513956355,-2.79999999999998));
#11112=CARTESIAN_POINT('Origin',(1.11022302462516E-15,-1.11022302462516E-15,
-2.8));
#11113=CARTESIAN_POINT('',(3.72645736533142,11.7219245648642,-11.2));
#11114=CARTESIAN_POINT('Ctrl Pts',(3.72645736533142,11.7219245648642,-11.2));
#11115=CARTESIAN_POINT('Ctrl Pts',(2.72216939267667,12.0411926416979,-10.8000175939792));
#11116=CARTESIAN_POINT('Ctrl Pts',(-0.414672449388741,12.6144975564903,
-9.59998339078819));
#11117=CARTESIAN_POINT('Ctrl Pts',(-5.74480625744178,11.5007619449471,-7.60000823474822));
#11118=CARTESIAN_POINT('Ctrl Pts',(-10.6574012944731,7.18740597980976,-5.19995549513351));
#11119=CARTESIAN_POINT('Ctrl Pts',(-12.0943051058657,3.07581265901893,-3.60003087953343));
#11120=CARTESIAN_POINT('Ctrl Pts',(-12.2613247628743,0.974635859859931,
-2.8));
#11121=CARTESIAN_POINT('',(11.9623918581682,-2.86202393973749,-11.2));
#11122=CARTESIAN_POINT('Origin',(1.11022302462516E-15,-1.11022302462516E-15,
-11.2));
#11123=CARTESIAN_POINT('Ctrl Pts',(0.0782023373296356,12.2997513956355,
-2.79999999999998));
#11124=CARTESIAN_POINT('Ctrl Pts',(2.1857901015954,12.2863512638774,-3.59996481204133));
#11125=CARTESIAN_POINT('Ctrl Pts',(6.39148750610824,11.1529663496026,-5.20001215422872));
#11126=CARTESIAN_POINT('Ctrl Pts',(11.0513809524725,6.56788203429302,-7.60000794974388));
#11127=CARTESIAN_POINT('Ctrl Pts',(12.5507040864537,1.33303252951259,-9.60003661416837));
#11128=CARTESIAN_POINT('Ctrl Pts',(12.207618961157,-1.83704904016911,-10.7999845602312));
#11129=CARTESIAN_POINT('Ctrl Pts',(11.962391858168,-2.86202393973831,-11.1999999999978));
#11130=CARTESIAN_POINT('Origin',(0.,0.,-2.));
#11131=CARTESIAN_POINT('',(-9.1,1.1570621987906E-15,-2.));
#11132=CARTESIAN_POINT('Origin',(1.11022302462516E-15,1.11022302462516E-15,
-2.));
#11133=CARTESIAN_POINT('Origin',(1.11022302462516E-15,-1.11022302462516E-15,
-2.8));
#11134=CARTESIAN_POINT('',(-11.9,-1.11022302462516E-15,-3.2));
#11135=CARTESIAN_POINT('',(-3.02519551480538,-11.5090482706956,-3.2));
#11136=CARTESIAN_POINT('Origin',(1.11022302462516E-15,-1.11022302462516E-15,
-3.2));
#11137=CARTESIAN_POINT('Ctrl Pts',(-3.02519551480538,-11.5090482706956,
-3.2));
#11138=CARTESIAN_POINT('Ctrl Pts',(-3.02767524925676,-11.518723325586,-3.2));
#11139=CARTESIAN_POINT('Ctrl Pts',(-3.02815875672634,-11.5285753652915,
-3.19962602746444));
#11140=CARTESIAN_POINT('Ctrl Pts',(-3.02552190765591,-11.551293599369,-3.19808149720004));
#11141=CARTESIAN_POINT('Ctrl Pts',(-3.02134576690539,-11.5637600178141,
-3.19673792388622));
#11142=CARTESIAN_POINT('Ctrl Pts',(-3.00576788116334,-11.5966828814388,
-3.19237050801188));
#11143=CARTESIAN_POINT('Ctrl Pts',(-2.9904001797018,-11.6168790316302,-3.18864540827286));
#11144=CARTESIAN_POINT('Ctrl Pts',(-2.93162909939215,-11.6818425535266,
-3.1750059245604));
#11145=CARTESIAN_POINT('Ctrl Pts',(-2.87131331576581,-11.7245339112779,
-3.1621977266822));
#11146=CARTESIAN_POINT('Ctrl Pts',(-2.68423563210297,-11.8447409288413,
-3.12314924688848));
#11147=CARTESIAN_POINT('Ctrl Pts',(-2.470560945395,-11.9421809772179,-3.08071325782514));
#11148=CARTESIAN_POINT('Ctrl Pts',(-1.8572759834338,-12.1379363106986,-2.9631275716195));
#11149=CARTESIAN_POINT('Ctrl Pts',(-1.44358645350694,-12.2228672431187,
-2.88619785247693));
#11150=CARTESIAN_POINT('Ctrl Pts',(-0.984870407126832,-12.2605046814523,
-2.80188092819498));
#11151=CARTESIAN_POINT('Ctrl Pts',(-0.979753381081116,-12.2609179781433,
-2.80094046204752));
#11152=CARTESIAN_POINT('Ctrl Pts',(-0.974635859859932,-12.2613247628743,
-2.8));
#11153=CARTESIAN_POINT('Ctrl Pts',(-12.2997513956355,0.0782023373296348,
-2.79999999999998));
#11154=CARTESIAN_POINT('Ctrl Pts',(-12.2997525315759,0.078023675343287,
-2.80094355860544));
#11155=CARTESIAN_POINT('Ctrl Pts',(-12.2997501436582,0.0778450042230423,
-2.80188708287778));
#11156=CARTESIAN_POINT('Ctrl Pts',(-12.2997442413189,0.0776663267572218,
-2.80283055665264));
#11157=CARTESIAN_POINT('Ctrl Pts',(-12.2996053961452,0.0734631621261882,
-2.82502460100278));
#11158=CARTESIAN_POINT('Ctrl Pts',(-12.2975265035776,0.0692645240096394,
-2.84714802402628));
#11159=CARTESIAN_POINT('Ctrl Pts',(-12.2936246101992,0.065107095471229,
-2.86899049678009));
#11160=CARTESIAN_POINT('Ctrl Pts',(-12.2927237875021,0.0641472778581412,
-2.87403322688809));
#11161=CARTESIAN_POINT('Ctrl Pts',(-12.2917255799751,0.0631896672923651,
-2.8790609595674));
#11162=CARTESIAN_POINT('Ctrl Pts',(-12.2906310462959,0.0622347452224865,
-2.8840710380858));
#11163=CARTESIAN_POINT('Ctrl Pts',(-12.2858555739822,0.0580684011500156,
-2.90593011077476));
#11164=CARTESIAN_POINT('Ctrl Pts',(-12.2792686105375,0.0539686645853674,
-2.92737093696623));
#11165=CARTESIAN_POINT('Ctrl Pts',(-12.2709684247808,0.0499762733418774,
-2.94817413438921));
#11166=CARTESIAN_POINT('Ctrl Pts',(-12.2691385721977,0.0490961138317155,
-2.9527603913307));
#11167=CARTESIAN_POINT('Ctrl Pts',(-12.267225264952,0.0482211996784523,
-2.95731559360181));
#11168=CARTESIAN_POINT('Ctrl Pts',(-12.2652292473995,0.0473520247849402,
-2.96183725689685));
#11169=CARTESIAN_POINT('Ctrl Pts',(-12.2561961619713,0.0434185267777402,
-2.98230028878264));
#11170=CARTESIAN_POINT('Ctrl Pts',(-12.24552555227,0.0396253972881655,-3.00195887207947));
#11171=CARTESIAN_POINT('Ctrl Pts',(-12.2333149351069,0.0360161395462707,
-3.02059752459035));
#11172=CARTESIAN_POINT('Ctrl Pts',(-12.2214498440098,0.0325090136304822,
-3.03870875574392));
#11173=CARTESIAN_POINT('Ctrl Pts',(-12.2081299515814,0.0291750916571249,
-3.05585800178678));
#11174=CARTESIAN_POINT('Ctrl Pts',(-12.1934057556515,0.0260655952238374,
-3.07182119685139));
#11175=CARTESIAN_POINT('Ctrl Pts',(-12.1898929759029,0.0253237566778588,
-3.07562956700712));
#11176=CARTESIAN_POINT('Ctrl Pts',(-12.1863001155253,0.0245947589100416,
-3.07937027125161));
#11177=CARTESIAN_POINT('Ctrl Pts',(-12.1826275857481,0.0238794356132366,
-3.08303993691881));
#11178=CARTESIAN_POINT('Ctrl Pts',(-12.1807630350927,0.0235162645560005,
-3.08490303345994));
#11179=CARTESIAN_POINT('Ctrl Pts',(-12.1788779470129,0.0231566192659358,
-3.08674781653102));
#11180=CARTESIAN_POINT('Ctrl Pts',(-12.1769726465794,0.0228005152362967,
-3.08857409133673));
#11181=CARTESIAN_POINT('Ctrl Pts',(-12.1610936579105,0.0198327040963223,
-3.10379447151201));
#11182=CARTESIAN_POINT('Ctrl Pts',(-12.1439407066563,0.0171329693346151,
-3.11761047472864));
#11183=CARTESIAN_POINT('Ctrl Pts',(-12.125743135881,0.0147010856760584,
-3.12995435311279));
#11184=CARTESIAN_POINT('Ctrl Pts',(-12.1073523136359,0.0122433763126657,
-3.14242931891905));
#11185=CARTESIAN_POINT('Ctrl Pts',(-12.0878932798432,0.0100589953624601,
-3.15340133387023));
#11186=CARTESIAN_POINT('Ctrl Pts',(-12.0675752163316,0.008165022949424,
-3.16276006723295));
#11187=CARTESIAN_POINT('Ctrl Pts',(-12.0612613652631,0.00757646982590028,
-3.1656682995361));
#11188=CARTESIAN_POINT('Ctrl Pts',(-12.0548644396549,0.00701609970491452,
-3.16842041589572));
#11189=CARTESIAN_POINT('Ctrl Pts',(-12.048390487683,0.00648481958043758,
-3.17101217519098));
#11190=CARTESIAN_POINT('Ctrl Pts',(-12.0275241631795,0.00477243995083106,
-3.17936572658053));
#11191=CARTESIAN_POINT('Ctrl Pts',(-12.0060416757408,0.00337523078139339,
-3.18598344183541));
#11192=CARTESIAN_POINT('Ctrl Pts',(-11.9841679550539,0.00231579126988087,
-3.19078245708048));
#11193=CARTESIAN_POINT('Ctrl Pts',(-11.9628372091239,0.00128265038947129,
-3.19546234562675));
#11194=CARTESIAN_POINT('Ctrl Pts',(-11.9411330895216,0.000570601639420921,
-3.19841302070433));
#11195=CARTESIAN_POINT('Ctrl Pts',(-11.9192539910337,0.000218539175629168,
-3.19951371082363));
#11196=CARTESIAN_POINT('Ctrl Pts',(-11.912849696083,0.000115485941491463,
-3.19983589704978));
#11197=CARTESIAN_POINT('Ctrl Pts',(-11.9064304104367,4.34026183739572E-5,
-3.19999926489705));
#11198=CARTESIAN_POINT('Ctrl Pts',(-11.9000011851378,3.58913436009078E-6,
-3.19999998520969));
#11199=CARTESIAN_POINT('Ctrl Pts',(-12.2997513956355,0.0782023373296348,
-2.79999999999998));
#11200=CARTESIAN_POINT('Ctrl Pts',(-12.2930513297564,1.13199621946252,-3.19998240602066));
#11201=CARTESIAN_POINT('Ctrl Pts',(-11.8689573398659,4.29247192688375,-4.40001662019197));
#11202=CARTESIAN_POINT('Ctrl Pts',(-9.16263188424733,9.01756407499225,-6.39999173759794));
#11203=CARTESIAN_POINT('Ctrl Pts',(-3.54230719802175,12.3568368303457,-8.80004470154488));
#11204=CARTESIAN_POINT('Ctrl Pts',(0.812074140599905,12.4528460641461,-10.3999691204646));
#11205=CARTESIAN_POINT('Ctrl Pts',(2.8620239397383,11.962391858168,-11.1999999999978));
#11206=CARTESIAN_POINT('Ctrl Pts',(-12.2999952495226,0.0398487242391472,
-2.89776434007157));
#11207=CARTESIAN_POINT('Ctrl Pts',(-12.2965868395879,1.0937364606816,-3.29774674609224));
#11208=CARTESIAN_POINT('Ctrl Pts',(-11.8823700022446,4.25545295157852,-4.49778096026355));
#11209=CARTESIAN_POINT('Ctrl Pts',(-9.19083592201034,8.98904152167497,-6.49775607766952));
#11210=CARTESIAN_POINT('Ctrl Pts',(-3.58077036310831,12.3458400924202,-8.89780904161646));
#11211=CARTESIAN_POINT('Ctrl Pts',(0.773098428968992,12.4554003152237,-10.4977334605362));
#11212=CARTESIAN_POINT('Ctrl Pts',(2.82472229564753,11.9713163441442,-11.2977643400694));
#11213=CARTESIAN_POINT('Ctrl Pts',(-12.2132915914659,-0.0371055528759142,
-3.09250969696485));
#11214=CARTESIAN_POINT('Ctrl Pts',(-12.2164571926254,1.00924338503829,-3.49249210298553));
#11215=CARTESIAN_POINT('Ctrl Pts',(-11.8248561084799,4.15131801429639,-4.69252631715684));
#11216=CARTESIAN_POINT('Ctrl Pts',(-9.18176059806515,8.86814281516101,-6.6925014345628));
#11217=CARTESIAN_POINT('Ctrl Pts',(-3.63251174461519,12.2361584075688,-9.09255439850975));
#11218=CARTESIAN_POINT('Ctrl Pts',(0.690214689335274,12.3721571170611,-10.6924788174295));
#11219=CARTESIAN_POINT('Ctrl Pts',(2.73012981440397,11.9042958429606,-11.4925096969627));
#11220=CARTESIAN_POINT('Ctrl Pts',(-12.0039113099087,-0.0699380472686434,
-3.17280393165944));
#11221=CARTESIAN_POINT('Ctrl Pts',(-12.0099298792619,0.958526069115527,
-3.57278633768012));
#11222=CARTESIAN_POINT('Ctrl Pts',(-11.6336264838916,4.04775983783841,-4.77282055185143));
#11223=CARTESIAN_POINT('Ctrl Pts',(-9.04881896733714,8.69101953625495,-6.77279566925739));
#11224=CARTESIAN_POINT('Ctrl Pts',(-3.60376969066087,12.0166047887075,-9.17284863320435));
#11225=CARTESIAN_POINT('Ctrl Pts',(0.644361944692791,12.1619941948352,-10.7727730521241));
#11226=CARTESIAN_POINT('Ctrl Pts',(2.6507266166672,11.7077934073975,-11.5728039316573));
#11227=CARTESIAN_POINT('Ctrl Pts',(-11.8988947046303,-0.0704337622850318,
-3.17236555526483));
#11228=CARTESIAN_POINT('Ctrl Pts',(-11.9049291898328,0.949016309553996,
-3.5723479612855));
#11229=CARTESIAN_POINT('Ctrl Pts',(-11.5322250140282,4.01128832795133,-4.77238217545681));
#11230=CARTESIAN_POINT('Ctrl Pts',(-8.97042369696899,8.61417237442749,-6.77235729286278));
#11231=CARTESIAN_POINT('Ctrl Pts',(-3.57335319357005,11.9111153566567,-9.17241025680973));
#11232=CARTESIAN_POINT('Ctrl Pts',(0.637647004189271,12.0557043995179,-10.7723346757295));
#11233=CARTESIAN_POINT('Ctrl Pts',(2.62645786271229,11.6056182602283,-11.5723655552627));
#11234=CARTESIAN_POINT('',(0.679359597304008,11.8805921795823,-10.8));
#11235=CARTESIAN_POINT('Ctrl Pts',(2.86202393973748,11.9623918581682,-11.1999999999975));
#11236=CARTESIAN_POINT('Ctrl Pts',(2.85703189431478,11.9635862140861,-11.1990596716662));
#11237=CARTESIAN_POINT('Ctrl Pts',(2.85203830796529,11.9647742255486,-11.1981193392377));
#11238=CARTESIAN_POINT('Ctrl Pts',(2.38758266401165,12.0746476530645,-11.1106849369749));
#11239=CARTESIAN_POINT('Ctrl Pts',(1.95180716530098,12.1209699608284,-11.0308833611542));
#11240=CARTESIAN_POINT('Ctrl Pts',(1.31522284163373,12.1187560915331,-10.9146560590104));
#11241=CARTESIAN_POINT('Ctrl Pts',(1.09151828970282,12.0915783843453,-10.8739681812905));
#11242=CARTESIAN_POINT('Ctrl Pts',(0.88659460156041,12.0360493315407,-10.8367683242542));
#11243=CARTESIAN_POINT('Ctrl Pts',(0.817842948541155,12.014370881014,-10.8242888329688));
#11244=CARTESIAN_POINT('Ctrl Pts',(0.743597888307071,11.9709070269108,-10.8109659990951));
#11245=CARTESIAN_POINT('Ctrl Pts',(0.723389624869429,11.9566182390649,-10.8073593128964));
#11246=CARTESIAN_POINT('Ctrl Pts',(0.699125611335926,11.9304034901807,-10.8031238271134));
#11247=CARTESIAN_POINT('Ctrl Pts',(0.691521764209777,11.9199066369172,-10.8018206126595));
#11248=CARTESIAN_POINT('Ctrl Pts',(0.682405654033312,11.8994559517177,-10.8003493617456));
#11249=CARTESIAN_POINT('Ctrl Pts',(0.679969847386648,11.8902262648209,-10.8));
#11250=CARTESIAN_POINT('Ctrl Pts',(0.67935959730401,11.8805921795822,-10.8));
#11251=CARTESIAN_POINT('',(0.67930564996432,11.8796969633351,-10.8));
#11252=CARTESIAN_POINT('Ctrl Pts',(0.67935684926692,11.8805923367207,-10.8));
#11253=CARTESIAN_POINT('Ctrl Pts',(0.67933978283272,11.8802938789255,-10.8));
#11254=CARTESIAN_POINT('Ctrl Pts',(0.679322716398519,11.8799954211303,-10.8));
#11255=CARTESIAN_POINT('Ctrl Pts',(0.679305649964319,11.8796969633351,-10.8));
#11256=CARTESIAN_POINT('',(-11.8991031639678,-9.5957710587542E-16,-3.2));
#11257=CARTESIAN_POINT('Ctrl Pts',(0.679187485263761,11.8781477275589,-10.8000275338092));
#11258=CARTESIAN_POINT('Ctrl Pts',(-0.701595079798588,11.9560150104101,
-10.2574719059737));
#11259=CARTESIAN_POINT('Ctrl Pts',(-4.15228370237319,11.5574603734589,-8.91496246495723));
#11260=CARTESIAN_POINT('Ctrl Pts',(-8.97042369696899,8.61417237442749,-6.77235729286278));
#11261=CARTESIAN_POINT('Ctrl Pts',(-11.520425625826,4.03248872915045,-4.7815938511039));
#11262=CARTESIAN_POINT('Ctrl Pts',(-11.8991384536764,0.996013611636022,
-3.59077206418656));
#11263=CARTESIAN_POINT('Ctrl Pts',(-11.8991043611751,9.56091817105875E-8,
-3.19999975620367));
#11264=CARTESIAN_POINT('',(-11.1,-1.11022302462516E-15,-3.2));
#11265=CARTESIAN_POINT('Ctrl Pts',(-1.08842340752613,-11.8492189866125,
-2.42763444473515));
#11266=CARTESIAN_POINT('Ctrl Pts',(-3.11897920017671,-11.6626999883978,
-3.22766532426859));
#11267=CARTESIAN_POINT('Ctrl Pts',(-7.08173953801909,-10.223869321138,-4.82759855998621));
#11268=CARTESIAN_POINT('Ctrl Pts',(-10.5035486687212,-6.22107359434945,
-6.827621034814));
#11269=CARTESIAN_POINT('Ctrl Pts',(-12.1317880396562,-1.34338683641986,
-8.82764111446923));
#11270=CARTESIAN_POINT('Ctrl Pts',(-11.9362891832036,1.80856741583627,-10.0276696326936));
#11271=CARTESIAN_POINT('Ctrl Pts',(-11.2947561160247,3.74394716659715,-10.8276344447352));
#11272=CARTESIAN_POINT('Ctrl Pts',(-1.09691630781295,-11.9538927835356,
-2.42719606834054));
#11273=CARTESIAN_POINT('Ctrl Pts',(-3.14543826533593,-11.7658626215818,
-3.22722694787397));
#11274=CARTESIAN_POINT('Ctrl Pts',(-7.14327657877099,-10.3147888819862,
-4.82716018359159));
#11275=CARTESIAN_POINT('Ctrl Pts',(-10.5957096209661,-6.27696194805632,
-6.82718265841938));
#11276=CARTESIAN_POINT('Ctrl Pts',(-12.2386975749522,-1.35634701161451,
-8.82720273807461));
#11277=CARTESIAN_POINT('Ctrl Pts',(-12.0418598064979,1.82339231042084,-10.027231256299));
#11278=CARTESIAN_POINT('Ctrl Pts',(-11.3947860271584,3.77592762932319,-10.8271960683405));
#11279=CARTESIAN_POINT('Ctrl Pts',(-1.08212096455034,-12.1653124532687,
-2.50749241868402));
#11280=CARTESIAN_POINT('Ctrl Pts',(-3.16677262164356,-11.9799065259964,
-3.30752329821745));
#11281=CARTESIAN_POINT('Ctrl Pts',(-7.23851694958456,-10.5147437915511,
-4.90745653393507));
#11282=CARTESIAN_POINT('Ctrl Pts',(-10.7624446564545,-6.41636291429968,
-6.90747900876286));
#11283=CARTESIAN_POINT('Ctrl Pts',(-12.4481534249527,-1.41479355092555,
-8.90749908841809));
#11284=CARTESIAN_POINT('Ctrl Pts',(-12.2567629413213,1.82108515810216,-10.1075276066425));
#11285=CARTESIAN_POINT('Ctrl Pts',(-11.6040624023764,3.80940266043493,-10.907492418684));
#11286=CARTESIAN_POINT('Ctrl Pts',(-1.01286964937368,-12.2582856114744,
-2.70223565992842));
#11287=CARTESIAN_POINT('Ctrl Pts',(-3.11367007053366,-12.0846901857356,
-3.50226653946185));
#11288=CARTESIAN_POINT('Ctrl Pts',(-7.22321538906694,-10.6350161063297,
-5.10219977517947));
#11289=CARTESIAN_POINT('Ctrl Pts',(-10.7981954261856,-6.52996629417425,
-7.10222225000726));
#11290=CARTESIAN_POINT('Ctrl Pts',(-12.5273646343153,-1.50334980152515,
-9.10224232966249));
#11291=CARTESIAN_POINT('Ctrl Pts',(-12.355159825943,1.75628906241784,-10.3022708478869));
#11292=CARTESIAN_POINT('Ctrl Pts',(-11.710304565452,3.76300917397988,-11.1022356599284));
#11293=CARTESIAN_POINT('Ctrl Pts',(-0.974635859859932,-12.2613247628743,
-2.8));
#11294=CARTESIAN_POINT('Ctrl Pts',(-3.07581265901894,-12.0943051058658,
-3.60003087953343));
#11295=CARTESIAN_POINT('Ctrl Pts',(-7.1900345899843,-10.6574000250191,-5.19996411525105));
#11296=CARTESIAN_POINT('Ctrl Pts',(-10.7776602289025,-6.5634812121466,-7.19998659007884));
#11297=CARTESIAN_POINT('Ctrl Pts',(-12.5225309048387,-1.54250186402931,
-9.20000666973407));
#11298=CARTESIAN_POINT('Ctrl Pts',(-12.3604607185315,1.71788142002192,-10.4000351879584));
#11299=CARTESIAN_POINT('Ctrl Pts',(-11.7219245648642,3.72645736533143,-11.2));
#11300=CARTESIAN_POINT('',(-3.02497018474034,-11.5081801988055,-3.2));
#11301=CARTESIAN_POINT('',(-11.3167196021598,3.67702509548675,-10.8));
#11302=CARTESIAN_POINT('Ctrl Pts',(-3.02501787292604,-11.5081681981211,
-3.1998746163264));
#11303=CARTESIAN_POINT('Ctrl Pts',(-4.36286359839223,-11.1554955682147,
-3.74246318783901));
#11304=CARTESIAN_POINT('Ctrl Pts',(-7.52307051698234,-9.7099133234092,-5.08500828071204));
#11305=CARTESIAN_POINT('Ctrl Pts',(-10.5048533481618,-6.22186605906397,
-6.82761753859234));
#11306=CARTESIAN_POINT('Ctrl Pts',(-12.1258013898377,-1.36604095958997,
-8.81842550211301));
#11307=CARTESIAN_POINT('Ctrl Pts',(-11.9407172474481,1.76039042241244,-10.0092416522968));
#11308=CARTESIAN_POINT('Ctrl Pts',(-11.3181342691379,3.67746722036431,-10.7999960716761));
#11309=CARTESIAN_POINT('',(-11.3175725439123,3.67730223306188,-10.8));
#11310=CARTESIAN_POINT('',(-10.5567273308762,3.43008863756192,-10.8));
#11311=CARTESIAN_POINT('Ctrl Pts',(-11.3175680439292,3.67729921916482,-10.8000000390664));
#11312=CARTESIAN_POINT('Ctrl Pts',(-11.3384325028856,3.68393592890346,-10.8000024941668));
#11313=CARTESIAN_POINT('Ctrl Pts',(-11.3593009887762,3.6901820270303,-10.8018874166522));
#11314=CARTESIAN_POINT('Ctrl Pts',(-11.3799724576235,3.69601883073392,-10.8055205575772));
#11315=CARTESIAN_POINT('Ctrl Pts',(-11.4012365939939,3.70202298026181,-10.8092578635546));
#11316=CARTESIAN_POINT('Ctrl Pts',(-11.4222935833918,3.70759434056631,-10.8148453821677));
#11317=CARTESIAN_POINT('Ctrl Pts',(-11.4429262332177,3.71269181806861,-10.8221867072311));
#11318=CARTESIAN_POINT('Ctrl Pts',(-11.4491623213474,3.71423249845683,-10.8244055763763));
#11319=CARTESIAN_POINT('Ctrl Pts',(-11.4553595791763,3.71572973071575,-10.8267849756503));
#11320=CARTESIAN_POINT('Ctrl Pts',(-11.4615117457563,3.71718195269287,-10.8293230346462));
#11321=CARTESIAN_POINT('Ctrl Pts',(-11.4818114054385,3.72197369744415,-10.8376976020772));
#11322=CARTESIAN_POINT('Ctrl Pts',(-11.501443796579,3.72623475305203,-10.8477227512568));
#11323=CARTESIAN_POINT('Ctrl Pts',(-11.520207968015,3.72992396652765,-10.8592744127392));
#11324=CARTESIAN_POINT('Ctrl Pts',(-11.538842337873,3.73358765978605,-10.8707461653434));
#11325=CARTESIAN_POINT('Ctrl Pts',(-11.5566217553607,3.73668756762691,-10.8837239770419));
#11326=CARTESIAN_POINT('Ctrl Pts',(-11.5733351102293,3.73915994671323,-10.8981282290713));
#11327=CARTESIAN_POINT('Ctrl Pts',(-11.5785594032595,3.73993276778537,-10.9026307382367));
#11328=CARTESIAN_POINT('Ctrl Pts',(-11.5836793512374,3.7406440908908,-10.9072728961528));
#11329=CARTESIAN_POINT('Ctrl Pts',(-11.5886879089127,3.74129145138822,-10.9120529831869));
#11330=CARTESIAN_POINT('Ctrl Pts',(-11.5903870123237,3.74151106200282,-10.9136745802036));
#11331=CARTESIAN_POINT('Ctrl Pts',(-11.5920718534498,3.74172311915807,-10.9153106763134));
#11332=CARTESIAN_POINT('Ctrl Pts',(-11.5937422142467,3.74192756334725,-10.9169611359874));
#11333=CARTESIAN_POINT('Ctrl Pts',(-11.6092712586858,3.74382824426904,-10.9323051632595));
#11334=CARTESIAN_POINT('Ctrl Pts',(-11.6235508279761,3.74507305655397,-10.9488873370947));
#11335=CARTESIAN_POINT('Ctrl Pts',(-11.6365243170563,3.74570101416366,-10.9664762610931));
#11336=CARTESIAN_POINT('Ctrl Pts',(-11.6499052368992,3.74634869270164,-10.9846175629966));
#11337=CARTESIAN_POINT('Ctrl Pts',(-11.6618975975387,3.74633999367732,-11.0038309147103));
#11338=CARTESIAN_POINT('Ctrl Pts',(-11.6724053216714,3.74569182907076,-11.0238957087766));
#11339=CARTESIAN_POINT('Ctrl Pts',(-11.6750156346906,3.74553081299441,-11.0288801747294));
#11340=CARTESIAN_POINT('Ctrl Pts',(-11.6775341331084,3.74533021997757,-11.0339172956115));
#11341=CARTESIAN_POINT('Ctrl Pts',(-11.6799589352853,3.7450900910908,-11.0390038714913));
#11342=CARTESIAN_POINT('Ctrl Pts',(-11.6897458491496,3.74412089007578,-11.0595341565899));
#11343=CARTESIAN_POINT('Ctrl Pts',(-11.6979524753762,3.74251560749054,-11.0807490671033));
#11344=CARTESIAN_POINT('Ctrl Pts',(-11.7044821099503,3.74028733246231,-11.1024255251954));
#11345=CARTESIAN_POINT('Ctrl Pts',(-11.7058769085129,3.73981134950015,-11.1070558444338));
#11346=CARTESIAN_POINT('Ctrl Pts',(-11.7071950288664,3.73930685876157,-11.111707288804));
#11347=CARTESIAN_POINT('Ctrl Pts',(-11.7084352590468,3.7387738609444,-11.1163777684682));
#11348=CARTESIAN_POINT('Ctrl Pts',(-11.7141990404894,3.73629683452136,-11.138083113526));
#11349=CARTESIAN_POINT('Ctrl Pts',(-11.7182625476258,3.73321501339829,-11.1601171999852));
#11350=CARTESIAN_POINT('Ctrl Pts',(-11.7205140380717,3.72953132081028,-11.1822683369));
#11351=CARTESIAN_POINT('Ctrl Pts',(-11.7210183827418,3.72870615598371,-11.1872302979252));
#11352=CARTESIAN_POINT('Ctrl Pts',(-11.721431613622,3.72785071563158,-11.1921981596518));
#11353=CARTESIAN_POINT('Ctrl Pts',(-11.7217521316208,3.72696490898799,-11.1971695654666));
#11354=CARTESIAN_POINT('Ctrl Pts',(-11.7218129569214,3.72679680780301,-11.1981129984545));
#11355=CARTESIAN_POINT('Ctrl Pts',(-11.7218704379483,3.72662762667182,-11.199056482019));
#11356=CARTESIAN_POINT('Ctrl Pts',(-11.7219245648642,3.72645736533143,-11.2));
#11357=CARTESIAN_POINT('Ctrl Pts',(-3.02497018474034,-11.5081801988055,
-3.2));
#11358=CARTESIAN_POINT('Ctrl Pts',(-3.02504618212772,-11.5084693228548,
-3.2));
#11359=CARTESIAN_POINT('Ctrl Pts',(-3.02512217951511,-11.508758446904,-3.2));
#11360=CARTESIAN_POINT('Ctrl Pts',(-3.02519817690249,-11.5090475709533,
-3.2));
#11361=CARTESIAN_POINT('Origin',(1.11022302462516E-15,-1.11022302462516E-15,
-11.2));
#11362=CARTESIAN_POINT('Origin',(1.11022302462516E-15,-1.11022302462516E-15,
-10.8));
#11363=CARTESIAN_POINT('Origin',(0.,0.,-10.8));
#11364=CARTESIAN_POINT('',(-8.6546142982859,2.81205464881202,-10.8));
#11365=CARTESIAN_POINT('',(-10.5567273308762,3.43008863756192,-10.8));
#11366=CARTESIAN_POINT('',(0.519508178851188,9.08515884572783,-10.8));
#11367=CARTESIAN_POINT('Origin',(1.11022302462516E-15,1.11022302462516E-15,
-10.8));
#11368=CARTESIAN_POINT('Ctrl Pts',(0.679305649964319,11.8796969633351,-10.8));
#11369=CARTESIAN_POINT('Ctrl Pts',(0.652681271329234,11.4140898392982,-10.8));
#11370=CARTESIAN_POINT('Ctrl Pts',(0.626056892694148,10.9484827152613,-10.8));
#11371=CARTESIAN_POINT('Ctrl Pts',(0.572791068989771,10.0169700093922,-10.8));
#11372=CARTESIAN_POINT('Ctrl Pts',(0.54614962392048,9.55106442756003,-10.8));
#11373=CARTESIAN_POINT('Ctrl Pts',(0.519508178851188,9.08515884572783,-10.8));
#11374=CARTESIAN_POINT('Ctrl Pts',(-3.02497018474033,-11.5081801988055,
-3.2));
#11375=CARTESIAN_POINT('Ctrl Pts',(-4.58616625975476,-11.097813703159,-3.83333333333333));
#11376=CARTESIAN_POINT('Ctrl Pts',(-7.5380708954796,-9.63279021760037,-5.1));
#11377=CARTESIAN_POINT('Ctrl Pts',(-10.737082367997,-5.86289054011591,-7.));
#11378=CARTESIAN_POINT('Ctrl Pts',(-12.1790076125483,-1.13354919393237,
-8.9));
#11379=CARTESIAN_POINT('Ctrl Pts',(-11.8155436601459,2.14180250427598,-10.1666666666667));
#11380=CARTESIAN_POINT('Ctrl Pts',(-11.3167196021598,3.67702509548675,-10.8));
#11381=CARTESIAN_POINT('Ctrl Pts',(-2.78762045321669,-10.6052081648029,
-3.2));
#11382=CARTESIAN_POINT('Ctrl Pts',(-4.22631962854935,-10.2270404584402,
-3.83333333333333));
#11383=CARTESIAN_POINT('Ctrl Pts',(-6.94660751105558,-8.87696783511719,
-5.1));
#11384=CARTESIAN_POINT('Ctrl Pts',(-9.89461336441899,-5.40286766033056,
-7.));
#11385=CARTESIAN_POINT('Ctrl Pts',(-11.2234001154414,-1.04460696296232,
-8.9));
#11386=CARTESIAN_POINT('Ctrl Pts',(-10.8884548148778,1.97374919521165,-10.1666666666667));
#11387=CARTESIAN_POINT('Ctrl Pts',(-10.4287702356336,3.38851285704483,-10.8));
#11388=CARTESIAN_POINT('Ctrl Pts',(-2.55027072169304,-9.70223613080032,
-3.2));
#11389=CARTESIAN_POINT('Ctrl Pts',(-3.86647299734395,-9.35626721372127,
-3.83333333333333));
#11390=CARTESIAN_POINT('Ctrl Pts',(-6.35514412663155,-8.12114545263399,
-5.1));
#11391=CARTESIAN_POINT('Ctrl Pts',(-9.05214436084099,-4.94284478054523,
-7.));
#11392=CARTESIAN_POINT('Ctrl Pts',(-10.2677926183345,-0.955664731992271,
-8.9));
#11393=CARTESIAN_POINT('Ctrl Pts',(-9.9613659696096,1.8056958861473,-10.1666666666667));
#11394=CARTESIAN_POINT('Ctrl Pts',(-9.54082086910731,3.10000061860292,-10.8));
#11395=CARTESIAN_POINT('Ctrl Pts',(-2.3129209901694,-8.79926409679771,-3.2));
#11396=CARTESIAN_POINT('Ctrl Pts',(-3.50662636613855,-8.48549396900238,
-3.83333333333333));
#11397=CARTESIAN_POINT('Ctrl Pts',(-5.76368074220752,-7.36532307015081,
-5.1));
#11398=CARTESIAN_POINT('Ctrl Pts',(-8.20967535726298,-4.48282190075989,
-7.));
#11399=CARTESIAN_POINT('Ctrl Pts',(-9.31218512122754,-0.866722501022221,
-8.9));
#11400=CARTESIAN_POINT('Ctrl Pts',(-9.03427712434143,1.63764257708297,-10.1666666666667));
#11401=CARTESIAN_POINT('Ctrl Pts',(-8.65287150258104,2.81148838016101,-10.8));
#11402=CARTESIAN_POINT('',(-2.31338684116073,-8.80103637778781,-3.2));
#11403=CARTESIAN_POINT('Ctrl Pts',(-2.31338684116073,-8.80103637778781,
-3.2));
#11404=CARTESIAN_POINT('Ctrl Pts',(-2.48286573062305,-9.44580094758911,
-3.2));
#11405=CARTESIAN_POINT('Ctrl Pts',(-2.65234462008538,-10.0905655173904,
-3.2));
#11406=CARTESIAN_POINT('Ctrl Pts',(-2.8218235095477,-10.7353300871917,-3.2));
#11407=CARTESIAN_POINT('Ctrl Pts',(-2.8726671763864,-10.9287594581321,-3.2));
#11408=CARTESIAN_POINT('Ctrl Pts',(-2.9235108432251,-11.1221888290725,-3.2));
#11409=CARTESIAN_POINT('Ctrl Pts',(-2.99122640162264,-11.3798055329438,
-3.2));
#11410=CARTESIAN_POINT('Ctrl Pts',(-3.00809829318149,-11.4439928658747,
-3.2));
#11411=CARTESIAN_POINT('Ctrl Pts',(-3.02497018474034,-11.5081801988055,
-3.2));
#11412=CARTESIAN_POINT('',(-2.31291307869447,-8.79926617635612,-3.19999580248166));
#11413=CARTESIAN_POINT('Ctrl Pts',(-2.31292099016942,-8.79926409679778,
-3.2));
#11414=CARTESIAN_POINT('Ctrl Pts',(-2.31307627383319,-8.79985485712779,
-3.2));
#11415=CARTESIAN_POINT('Ctrl Pts',(-2.31323155749696,-8.8004456174578,-3.2));
#11416=CARTESIAN_POINT('Ctrl Pts',(-2.31338684116073,-8.80103637778781,
-3.2));
#11417=CARTESIAN_POINT('',(-8.65287150258111,2.81148838016103,-10.8));
#11418=CARTESIAN_POINT('Ctrl Pts',(-8.6528519633561,2.81148329241776,-10.7999976814476));
#11419=CARTESIAN_POINT('Ctrl Pts',(-9.36551907588284,0.614654163212482,
-9.61474930242652));
#11420=CARTESIAN_POINT('Ctrl Pts',(-9.08574579815229,-3.52290229166422,
-7.62941853959593));
#11421=CARTESIAN_POINT('Ctrl Pts',(-5.76543933068253,-7.41113212418527,
-5.09611554203045));
#11422=CARTESIAN_POINT('Ctrl Pts',(-3.34442443044669,-8.5255793643054,-3.74817756915589));
#11423=CARTESIAN_POINT('Ctrl Pts',(-2.31247098539686,-8.79800094440893,
-3.20019935658149));
#11424=CARTESIAN_POINT('',(-10.5567273308762,3.43008863756192,-10.8));
#11425=CARTESIAN_POINT('Origin',(1.11022302462516E-15,-1.11022302462516E-15,
-2.8));
#11426=CARTESIAN_POINT('',(3.81558179132481E-16,-11.9,-3.2));
#11427=CARTESIAN_POINT('',(11.5090482706956,-3.02519551480538,-3.2));
#11428=CARTESIAN_POINT('Origin',(1.11022302462516E-15,-1.11022302462516E-15,
-3.2));
#11429=CARTESIAN_POINT('Ctrl Pts',(11.5090482706956,-3.02519551480538,-3.2));
#11430=CARTESIAN_POINT('Ctrl Pts',(11.518723325586,-3.02767524925676,-3.2));
#11431=CARTESIAN_POINT('Ctrl Pts',(11.5285753652915,-3.02815875672633,-3.19962602746444));
#11432=CARTESIAN_POINT('Ctrl Pts',(11.551293599369,-3.02552190765591,-3.19808149720005));
#11433=CARTESIAN_POINT('Ctrl Pts',(11.5637600178141,-3.0213457669054,-3.19673792388623));
#11434=CARTESIAN_POINT('Ctrl Pts',(11.5966828814387,-3.00576788116335,-3.19237050801188));
#11435=CARTESIAN_POINT('Ctrl Pts',(11.6168790316302,-2.99040017970181,-3.18864540827286));
#11436=CARTESIAN_POINT('Ctrl Pts',(11.6818425535264,-2.93162909939232,-3.17500592456044));
#11437=CARTESIAN_POINT('Ctrl Pts',(11.7245339112776,-2.87131331576621,-3.16219772668228));
#11438=CARTESIAN_POINT('Ctrl Pts',(11.8447409288412,-2.68423563210315,-3.12314924688851));
#11439=CARTESIAN_POINT('Ctrl Pts',(11.9421809772177,-2.4705609453953,-3.0807132578252));
#11440=CARTESIAN_POINT('Ctrl Pts',(12.1379363107095,-1.85727598339999,-2.96312757161302));
#11441=CARTESIAN_POINT('Ctrl Pts',(12.2228672431221,-1.44358645346332,-2.88619785247353));
#11442=CARTESIAN_POINT('Ctrl Pts',(12.2605046814521,-0.984870407128741,
-2.80188092819511));
#11443=CARTESIAN_POINT('Ctrl Pts',(12.2609179781432,-0.979753381081844,
-2.80094046204766));
#11444=CARTESIAN_POINT('Ctrl Pts',(12.2613247628743,-0.974635859859938,
-2.8));
#11445=CARTESIAN_POINT('Ctrl Pts',(-0.0782023373296359,-12.2997513956355,
-2.79999999999998));
#11446=CARTESIAN_POINT('Ctrl Pts',(-0.0780236753432936,-12.2997525315759,
-2.80094355860541));
#11447=CARTESIAN_POINT('Ctrl Pts',(-0.0778450041857591,-12.2997501435528,
-2.80188708287706));
#11448=CARTESIAN_POINT('Ctrl Pts',(-0.0776663266479843,-12.2997442410028,
-2.80283055665117));
#11449=CARTESIAN_POINT('Ctrl Pts',(-0.0734630741615594,-12.299605388025,
-2.82502505595032));
#11450=CARTESIAN_POINT('Ctrl Pts',(-0.0692643283333559,-12.2975263496304,
-2.8471489308312));
#11451=CARTESIAN_POINT('Ctrl Pts',(-0.065106776267698,-12.2936241825434,
-2.86899183936942));
#11452=CARTESIAN_POINT('Ctrl Pts',(-0.0641470350378463,-12.2927233951137,
-2.87403411895437));
#11453=CARTESIAN_POINT('Ctrl Pts',(-0.0631894995349721,-12.291725237323,
-2.87906140352854));
#11454=CARTESIAN_POINT('Ctrl Pts',(-0.0622346511081577,-12.2906307676367,
-2.88407103706577));
#11455=CARTESIAN_POINT('Ctrl Pts',(-0.0580681899811004,-12.2858550720657,
-2.9059304681624));
#11456=CARTESIAN_POINT('Ctrl Pts',(-0.0539683206775343,-12.2792677720385,
-2.92737163887482));
#11457=CARTESIAN_POINT('Ctrl Pts',(-0.0499757864267229,-12.2709671508549,
-2.94817515601864));
#11458=CARTESIAN_POINT('Ctrl Pts',(-0.0490956754008259,-12.2691373686247,
-2.952761066537));
#11459=CARTESIAN_POINT('Ctrl Pts',(-0.0482208082859721,-12.2672241421019,
-2.95731592681962));
#11460=CARTESIAN_POINT('Ctrl Pts',(-0.0473516789188283,-12.265228215604,
-2.96183725311399));
#11461=CARTESIAN_POINT('Ctrl Pts',(-0.0434180554362215,-12.2561947809525,
-2.98230048443078));
#11462=CARTESIAN_POINT('Ctrl Pts',(-0.0396247901482743,-12.2455237505938,
-3.00195925129146));
#11463=CARTESIAN_POINT('Ctrl Pts',(-0.0360153927707186,-12.2333126594708,
-3.02059806511734));
#11464=CARTESIAN_POINT('Ctrl Pts',(-0.0325081564592491,-12.2214471933807,
-3.03870932243119));
#11465=CARTESIAN_POINT('Ctrl Pts',(-0.0291741179782366,-12.2081268966052,
-3.055858587508));
#11466=CARTESIAN_POINT('Ctrl Pts',(-0.0260645051387474,-12.1934022830402,
-3.07182179240578));
#11467=CARTESIAN_POINT('Ctrl Pts',(-0.0253226801055221,-12.1898895991433,
-3.0756299529759));
#11468=CARTESIAN_POINT('Ctrl Pts',(-0.0245936944324404,-12.1862968427774,
-3.07937045463811));
#11469=CARTESIAN_POINT('Ctrl Pts',(-0.0238783817645025,-12.1826244253317,
-3.08303992526021));
#11470=CARTESIAN_POINT('Ctrl Pts',(-0.0235151968305386,-12.1807598327593,
-3.08490302164492));
#11471=CARTESIAN_POINT('Ctrl Pts',(-0.0231555376598974,-12.178874702728,
-3.08674780455937));
#11472=CARTESIAN_POINT('Ctrl Pts',(-0.0227994197558511,-12.1769693603377,
-3.08857407920832));
#11473=CARTESIAN_POINT('Ctrl Pts',(-0.0198315027009835,-12.1610900739796,
-3.10379440825075));
#11474=CARTESIAN_POINT('Ctrl Pts',(-0.0171316617004096,-12.1439368359326,
-3.11761036951203));
#11475=CARTESIAN_POINT('Ctrl Pts',(-0.0146996770888815,-12.1257390041763,
-3.12995421590549));
#11476=CARTESIAN_POINT('Ctrl Pts',(-0.0122418609412187,-12.1073478825669,
-3.14242917353733));
#11477=CARTESIAN_POINT('Ctrl Pts',(-0.010057379683655,-12.087888571731,
-3.15340118467609));
#11478=CARTESIAN_POINT('Ctrl Pts',(-0.00816331822005636,-12.0675702685745,
-3.16275991926727));
#11479=CARTESIAN_POINT('Ctrl Pts',(-0.00757472796861959,-12.0612562416046,
-3.16566819867215));
#11480=CARTESIAN_POINT('Ctrl Pts',(-0.00701432270324163,-12.0548591410204,
-3.16842035760756));
#11481=CARTESIAN_POINT('Ctrl Pts',(-0.00648300958236489,-12.04838501569,
-3.17101215477042));
#11482=CARTESIAN_POINT('Ctrl Pts',(-0.00477055805742409,-12.0275185522825,
-3.17936566013192));
#11483=CARTESIAN_POINT('Ctrl Pts',(-0.00337328788183058,-12.0060359755621,
-3.18598334819764));
#11484=CARTESIAN_POINT('Ctrl Pts',(-0.00231380061775617,-11.9841622217528,
-3.19078235659624));
#11485=CARTESIAN_POINT('Ctrl Pts',(-0.00128060451177946,-11.9628312647652,
-3.1954622776846));
#11486=CARTESIAN_POINT('Ctrl Pts',(-0.000568518487629843,-11.9411269812918,
-3.19841297572461));
#11487=CARTESIAN_POINT('Ctrl Pts',(-0.00021643827645966,-11.9192477733281,
-3.19951367835869));
#11488=CARTESIAN_POINT('Ctrl Pts',(-0.000113379259642185,-11.9128434098053,
-3.19983587008568));
#11489=CARTESIAN_POINT('Ctrl Pts',(-4.12921735648968E-5,-11.9064240600495,
-3.19999924072373));
#11490=CARTESIAN_POINT('Ctrl Pts',(-1.47699288929187E-6,-11.8999947753036,
-3.19999996101929));
#11491=CARTESIAN_POINT('Ctrl Pts',(-0.0782023373296356,-12.2997513956355,
-2.79999999999998));
#11492=CARTESIAN_POINT('Ctrl Pts',(-2.1857901015954,-12.2863512638774,-3.59996481204133));
#11493=CARTESIAN_POINT('Ctrl Pts',(-5.33668653864843,-11.4329880505437,
-4.79999355155616));
#11494=CARTESIAN_POINT('Ctrl Pts',(-9.57272474841779,-8.22194186404146,
-6.80001332820983));
#11495=CARTESIAN_POINT('Ctrl Pts',(-12.3576488329558,-3.54480754143454,
-8.8000361435658));
#11496=CARTESIAN_POINT('Ctrl Pts',(-12.4528460641461,0.812074140599908,
-10.3999691204646));
#11497=CARTESIAN_POINT('Ctrl Pts',(-11.962391858168,2.86202393973831,-11.1999999999978));
#11498=CARTESIAN_POINT('Ctrl Pts',(-0.0398487242391482,-12.2999952495226,
-2.89776434007157));
#11499=CARTESIAN_POINT('Ctrl Pts',(-2.14762419712404,-12.2931784296532,
-3.69772915211292));
#11500=CARTESIAN_POINT('Ctrl Pts',(-5.30094415631763,-11.4496827889889,
-4.89775789162774));
#11501=CARTESIAN_POINT('Ctrl Pts',(-9.54719507529056,-8.2518283391489,-6.89777766828142));
#11502=CARTESIAN_POINT('Ctrl Pts',(-12.346612717273,-3.58328075276083,-8.89780048363738));
#11503=CARTESIAN_POINT('Ctrl Pts',(-12.4554003152237,0.773098428968998,
-10.4977334605362));
#11504=CARTESIAN_POINT('Ctrl Pts',(-11.9713163441442,2.82472229564753,-11.2977643400694));
#11505=CARTESIAN_POINT('Ctrl Pts',(0.0371055528759131,-12.2132915914659,
-3.09250969696485));
#11506=CARTESIAN_POINT('Ctrl Pts',(-2.0555923229525,-12.2196227937848,-3.8924745090062));
#11507=CARTESIAN_POINT('Ctrl Pts',(-5.19224511531128,-11.4017178417385,
-5.09250324852102));
#11508=CARTESIAN_POINT('Ctrl Pts',(-9.42810629947673,-8.25293531434108,
-7.0925230251747));
#11509=CARTESIAN_POINT('Ctrl Pts',(-12.2369589522964,-3.63500254084043,
-9.09254584053067));
#11510=CARTESIAN_POINT('Ctrl Pts',(-12.3721571170611,0.690214689335278,
-10.6924788174295));
#11511=CARTESIAN_POINT('Ctrl Pts',(-11.9042958429606,2.73012981440398,-11.4925096969627));
#11512=CARTESIAN_POINT('Ctrl Pts',(0.0699380472686429,-12.0039113099087,
-3.17280393165944));
#11513=CARTESIAN_POINT('Ctrl Pts',(-1.98699018549969,-12.0159484486152,
-3.97276874370079));
#11514=CARTESIAN_POINT('Ctrl Pts',(-5.0719334683188,-11.2205709287213,-5.17279748321561));
#11515=CARTESIAN_POINT('Ctrl Pts',(-9.24400268730158,-8.13743542294599,
-7.1728172598693));
#11516=CARTESIAN_POINT('Ctrl Pts',(-12.0173568355097,-3.60621040657949,
-9.17284007522527));
#11517=CARTESIAN_POINT('Ctrl Pts',(-12.1619941948352,0.644361944692794,
-10.7727730521241));
#11518=CARTESIAN_POINT('Ctrl Pts',(-11.7077934073975,2.6507266166672,-11.5728039316573));
#11519=CARTESIAN_POINT('Ctrl Pts',(0.0704337622850318,-11.8988947046303,
-3.17236555526483));
#11520=CARTESIAN_POINT('Ctrl Pts',(-1.96846638139302,-11.9109636750353,
-3.97233036730618));
#11521=CARTESIAN_POINT('Ctrl Pts',(-5.02657038651442,-11.1228990762604,
-5.172359106821));
#11522=CARTESIAN_POINT('Ctrl Pts',(-9.16237046309093,-8.06705592017687,
-7.17237888347468));
#11523=CARTESIAN_POINT('Ctrl Pts',(-11.9118711382237,-3.57578150438035,
-9.17240169883065));
#11524=CARTESIAN_POINT('Ctrl Pts',(-12.0557043995179,0.637647004189274,
-10.7723346757295));
#11525=CARTESIAN_POINT('Ctrl Pts',(-11.6056182602283,2.62645786271229,-11.5723655552627));
#11526=CARTESIAN_POINT('',(-11.8805921795823,0.679359597304013,-10.8));
#11527=CARTESIAN_POINT('Ctrl Pts',(-11.9623918581682,2.86202393973749,-11.1999999999975));
#11528=CARTESIAN_POINT('Ctrl Pts',(-11.963586214086,2.85703189431512,-11.1990596716663));
#11529=CARTESIAN_POINT('Ctrl Pts',(-11.9647742255484,2.85203830796595,-11.1981193392378));
#11530=CARTESIAN_POINT('Ctrl Pts',(-12.0746476530665,2.38758266400382,-11.1106849369743));
#11531=CARTESIAN_POINT('Ctrl Pts',(-12.1209699608284,1.95180716529355,-11.0308833611528));
#11532=CARTESIAN_POINT('Ctrl Pts',(-12.1187560915331,1.31522284163371,-10.9146560590104));
#11533=CARTESIAN_POINT('Ctrl Pts',(-12.0915783843453,1.0915182897028,-10.8739681812905));
#11534=CARTESIAN_POINT('Ctrl Pts',(-12.036049331541,0.886594601561336,-10.8367683242544));
#11535=CARTESIAN_POINT('Ctrl Pts',(-12.0143708810143,0.817842948541598,
-10.8242888329689));
#11536=CARTESIAN_POINT('Ctrl Pts',(-11.9709070269108,0.743597888307107,
-10.8109659990951));
#11537=CARTESIAN_POINT('Ctrl Pts',(-11.9566182390649,0.723389624869434,
-10.8073593128964));
#11538=CARTESIAN_POINT('Ctrl Pts',(-11.9304034901807,0.69912561133592,-10.8031238271134));
#11539=CARTESIAN_POINT('Ctrl Pts',(-11.9199066369172,0.691521764209775,
-10.8018206126595));
#11540=CARTESIAN_POINT('Ctrl Pts',(-11.8994559517177,0.682405654033301,
-10.8003493617456));
#11541=CARTESIAN_POINT('Ctrl Pts',(-11.8902262648208,0.679969847386653,
-10.8));
#11542=CARTESIAN_POINT('Ctrl Pts',(-11.8805921795823,0.679359597304016,
-10.8));
#11543=CARTESIAN_POINT('',(-11.8796969633351,0.679305649964322,-10.8));
#11544=CARTESIAN_POINT('Ctrl Pts',(-11.8805923367207,0.679356849266923,
-10.8));
#11545=CARTESIAN_POINT('Ctrl Pts',(-11.8802938789255,0.679339782832723,
-10.8));
#11546=CARTESIAN_POINT('Ctrl Pts',(-11.8799954211303,0.679322716398522,
-10.8));
#11547=CARTESIAN_POINT('Ctrl Pts',(-11.8796969633351,0.679305649964322,
-10.8));
#11548=CARTESIAN_POINT('',(4.75780943566146E-16,-11.8991031639678,-3.2));
#11549=CARTESIAN_POINT('Ctrl Pts',(-11.8782188956088,0.679155341683188,
-10.800121818219));
#11550=CARTESIAN_POINT('Ctrl Pts',(-11.9562150722579,-0.702020219622432,
-10.2575333183414));
#11551=CARTESIAN_POINT('Ctrl Pts',(-11.557996161829,-4.15383178174391,-8.9149884044918));
#11552=CARTESIAN_POINT('Ctrl Pts',(-9.16237046309093,-8.06705592017687,
-7.17237888347468));
#11553=CARTESIAN_POINT('Ctrl Pts',(-5.04561993026895,-11.1088238267727,
-5.18157122141548));
#11554=CARTESIAN_POINT('Ctrl Pts',(-2.01538461002094,-11.8988026162563,
-3.99075485456624));
#11555=CARTESIAN_POINT('Ctrl Pts',(2.33459057821794E-7,-11.8990979502783,
-3.20000043172704));
#11556=CARTESIAN_POINT('',(4.30544051098376E-16,-11.1,-3.2));
#11557=CARTESIAN_POINT('Ctrl Pts',(11.8492189866125,-1.08842340752613,-2.42763444473516));
#11558=CARTESIAN_POINT('Ctrl Pts',(11.7559594875051,-2.10370130385142,-2.82764988450187));
#11559=CARTESIAN_POINT('Ctrl Pts',(11.0869200534859,-5.11493778758748,-4.02759785455656));
#11560=CARTESIAN_POINT('Ctrl Pts',(8.08911481181693,-9.44661594063624,-6.02762646820013));
#11561=CARTESIAN_POINT('Ctrl Pts',(2.39679386572843,-12.202415723836,-8.42762245858872));
#11562=CARTESIAN_POINT('Ctrl Pts',(-1.80856741583628,-11.9362891832036,
-10.0276696326936));
#11563=CARTESIAN_POINT('Ctrl Pts',(-3.74394716659715,-11.2947561160247,
-10.8276344447352));
#11564=CARTESIAN_POINT('Ctrl Pts',(11.9538927835356,-1.09691630781296,-2.42719606834054));
#11565=CARTESIAN_POINT('Ctrl Pts',(11.8598777025587,-2.12117728657445,-2.82721150810726));
#11566=CARTESIAN_POINT('Ctrl Pts',(11.1852524079992,-5.15904693591307,-4.02715947816194));
#11567=CARTESIAN_POINT('Ctrl Pts',(8.16138450226823,-9.52926658005996,-6.02718809180551));
#11568=CARTESIAN_POINT('Ctrl Pts',(2.41906077442838,-12.3098607991404,-8.4271840821941));
#11569=CARTESIAN_POINT('Ctrl Pts',(-1.82339231042084,-12.0418598064979,
-10.027231256299));
#11570=CARTESIAN_POINT('Ctrl Pts',(-3.77592762932319,-11.3947860271584,
-10.8271960683405));
#11571=CARTESIAN_POINT('Ctrl Pts',(12.1653124532687,-1.08212096455035,-2.50749241868402));
#11572=CARTESIAN_POINT('Ctrl Pts',(12.0726094896325,-2.12444679309696,-2.90750785845074));
#11573=CARTESIAN_POINT('Ctrl Pts',(11.3947773786218,-5.21720478005022,-4.10745582850542));
#11574=CARTESIAN_POINT('Ctrl Pts',(8.33061431298907,-9.67208272246018,-6.10748444214899));
#11575=CARTESIAN_POINT('Ctrl Pts',(2.49621205463631,-12.5175224771286,-8.50748043253758));
#11576=CARTESIAN_POINT('Ctrl Pts',(-1.82108515810217,-12.2567629413213,
-10.1075276066425));
#11577=CARTESIAN_POINT('Ctrl Pts',(-3.80940266043493,-11.6040624023764,
-10.907492418684));
#11578=CARTESIAN_POINT('Ctrl Pts',(12.2582856114744,-1.01286964937368,-2.70223565992842));
#11579=CARTESIAN_POINT('Ctrl Pts',(12.171487898605,-2.06326985995367,-3.10225109969514));
#11580=CARTESIAN_POINT('Ctrl Pts',(11.5084836410716,-5.18210441006073,-4.30219906974982));
#11581=CARTESIAN_POINT('Ctrl Pts',(8.45084530115617,-9.68800775745314,-6.30222768339339));
#11582=CARTESIAN_POINT('Ctrl Pts',(2.5929017382585,-12.5904047880048,-8.70222367378198));
#11583=CARTESIAN_POINT('Ctrl Pts',(-1.75628906241783,-12.355159825943,-10.3022708478869));
#11584=CARTESIAN_POINT('Ctrl Pts',(-3.76300917397988,-11.710304565452,-11.1022356599284));
#11585=CARTESIAN_POINT('Ctrl Pts',(12.2613247628743,-0.974635859859938,
-2.8));
#11586=CARTESIAN_POINT('Ctrl Pts',(12.17781493437,-2.02522425943944,-3.20001543976672));
#11587=CARTESIAN_POINT('Ctrl Pts',(11.5245010530644,-5.14616926041417,-4.3999634098214));
#11588=CARTESIAN_POINT('Ctrl Pts',(8.48090066427409,-9.66149386367585,-6.39999202346497));
#11589=CARTESIAN_POINT('Ctrl Pts',(2.63221383774641,-12.5821643051425,-8.79998801385356));
#11590=CARTESIAN_POINT('Ctrl Pts',(-1.71788142002193,-12.3604607185315,
-10.4000351879584));
#11591=CARTESIAN_POINT('Ctrl Pts',(-3.72645736533144,-11.7219245648642,
-11.2));
#11592=CARTESIAN_POINT('',(11.5081801988055,-3.02497018474034,-3.2));
#11593=CARTESIAN_POINT('',(-3.67702509548675,-11.3167196021598,-10.8));
#11594=CARTESIAN_POINT('Ctrl Pts',(11.5090516946951,-3.0252224647619,-3.19994122633128));
#11595=CARTESIAN_POINT('Ctrl Pts',(11.4169122461889,-3.37672858193413,-3.34250202461226));
#11596=CARTESIAN_POINT('Ctrl Pts',(10.7010490984865,-5.67250195567744,-4.28503717731358));
#11597=CARTESIAN_POINT('Ctrl Pts',(8.08911481181693,-9.44661594063624,-6.02762646820013));
#11598=CARTESIAN_POINT('Ctrl Pts',(2.41864272177216,-12.1918381275763,-8.41841054531184));
#11599=CARTESIAN_POINT('Ctrl Pts',(-1.76015666238827,-11.93928388491,-10.0092452338064));
#11600=CARTESIAN_POINT('Ctrl Pts',(-3.67702385406715,-11.3167154188441,
-10.7999998510221));
#11601=CARTESIAN_POINT('',(-3.67730223306188,-11.3175725439123,-10.8));
#11602=CARTESIAN_POINT('',(-3.43008863756192,-10.5567273308762,-10.8));
#11603=CARTESIAN_POINT('Ctrl Pts',(-3.67729867701313,-11.3175691186519,
-10.8000000372619));
#11604=CARTESIAN_POINT('Ctrl Pts',(-3.6839353774959,-11.3384335487856,-10.8000024923648));
#11605=CARTESIAN_POINT('Ctrl Pts',(-3.69018147274802,-11.3593019954934,
-10.8018874096595));
#11606=CARTESIAN_POINT('Ctrl Pts',(-3.69601827947328,-11.379973416549,-10.8055205407242));
#11607=CARTESIAN_POINT('Ctrl Pts',(-3.7020224412975,-11.4012375362974,-10.8092578422777));
#11608=CARTESIAN_POINT('Ctrl Pts',(-3.70759381880894,-11.4222944993325,
-10.8148453571744));
#11609=CARTESIAN_POINT('Ctrl Pts',(-3.71269131741972,-11.4429271148301,
-10.8221866791251));
#11610=CARTESIAN_POINT('Ctrl Pts',(-3.71423201010532,-11.4491632165359,
-10.8244055558518));
#11611=CARTESIAN_POINT('Ctrl Pts',(-3.71572925468214,-11.4553604869205,
-10.8267849639956));
#11612=CARTESIAN_POINT('Ctrl Pts',(-3.7171814889461,-11.4615126650253,-10.8293230331264));
#11613=CARTESIAN_POINT('Ctrl Pts',(-3.72197325534104,-11.4818122826763,
-10.8376976009707));
#11614=CARTESIAN_POINT('Ctrl Pts',(-3.72623433592358,-11.5014446247882,
-10.8477227507083));
#11615=CARTESIAN_POINT('Ctrl Pts',(-3.72992357629265,-11.5202087430115,
-10.8592744128747));
#11616=CARTESIAN_POINT('Ctrl Pts',(-3.73358729683383,-11.5388430629513,
-10.8707461679599));
#11617=CARTESIAN_POINT('Ctrl Pts',(-3.73668723366797,-11.5566224261409,
-10.8837239827357));
#11618=CARTESIAN_POINT('Ctrl Pts',(-3.73915964202152,-11.5733357251631,
-10.8981282383922));
#11619=CARTESIAN_POINT('Ctrl Pts',(-3.7399324714993,-11.5785599957156,-10.902630744364));
#11620=CARTESIAN_POINT('Ctrl Pts',(-3.74064380315531,-11.5836799212655,
-10.907272898872));
#11621=CARTESIAN_POINT('Ctrl Pts',(-3.74129117231184,-11.5886884566694,
-10.9120529822875));
#11622=CARTESIAN_POINT('Ctrl Pts',(-3.74151078603162,-11.5903875538222,
-10.9136745793146));
#11623=CARTESIAN_POINT('Ctrl Pts',(-3.74172284629063,-11.5920723886939,
-10.9153106754348));
#11624=CARTESIAN_POINT('Ctrl Pts',(-3.74192729358058,-11.5937427432436,
-10.916961135119));
#11625=CARTESIAN_POINT('Ctrl Pts',(-3.74382800174733,-11.6092717166765,
-10.9323051497135));
#11626=CARTESIAN_POINT('Ctrl Pts',(-3.74507284213076,-11.6235512176715,
-10.9488873088132));
#11627=CARTESIAN_POINT('Ctrl Pts',(-3.74570082751768,-11.6365246438771,
-10.966476216577));
#11628=CARTESIAN_POINT('Ctrl Pts',(-3.74634853436815,-11.649905491907,-10.9846174922947));
#11629=CARTESIAN_POINT('Ctrl Pts',(-3.74633986398537,-11.6618977879517,
-11.0038308151092));
#11630=CARTESIAN_POINT('Ctrl Pts',(-3.74569172691879,-11.672405457768,-11.0238955784192));
#11631=CARTESIAN_POINT('Ctrl Pts',(-3.74553071606603,-11.675015783523,-11.0288800868165));
#11632=CARTESIAN_POINT('Ctrl Pts',(-3.74533012740972,-11.6775342934656,
-11.0339172510862));
#11633=CARTESIAN_POINT('Ctrl Pts',(-3.7450900020001,-11.6799591059449,-11.0390038712129));
#11634=CARTESIAN_POINT('Ctrl Pts',(-3.74412082522089,-11.6897459583761,
-11.0595341188003));
#11635=CARTESIAN_POINT('Ctrl Pts',(-3.74251556585082,-11.6979525358621,
-11.0807489892898));
#11636=CARTESIAN_POINT('Ctrl Pts',(-3.74028731179429,-11.7044821367767,
-11.1024254060516));
#11637=CARTESIAN_POINT('Ctrl Pts',(-3.73981132836157,-11.7058769426556,
-11.1070557646182));
#11638=CARTESIAN_POINT('Ctrl Pts',(-3.73930683645895,-11.7071950694176,
-11.1117072486959));
#11639=CARTESIAN_POINT('Ctrl Pts',(-3.73877383677547,-11.708435305082,-11.1163777683932));
#11640=CARTESIAN_POINT('Ctrl Pts',(-3.7362968287017,-11.7141990491314,-11.1380830627066));
#11641=CARTESIAN_POINT('Ctrl Pts',(-3.73321502402811,-11.7182625358264,
-11.1601170968703));
#11642=CARTESIAN_POINT('Ctrl Pts',(-3.72953134558542,-11.7205140243359,
-11.1822681814172));
#11643=CARTESIAN_POINT('Ctrl Pts',(-3.72870617337823,-11.72101837502,-11.1872301941475));
#11644=CARTESIAN_POINT('Ctrl Pts',(-3.7278507247594,-11.721431610512,-11.1921981077264));
#11645=CARTESIAN_POINT('Ctrl Pts',(-3.72696490896129,-11.7217521316732,
-11.1971695654667));
#11646=CARTESIAN_POINT('Ctrl Pts',(-3.72679680779487,-11.7218129569386,
-11.1981129984545));
#11647=CARTESIAN_POINT('Ctrl Pts',(-3.72662762667177,-11.7218704379483,
-11.1990564820193));
#11648=CARTESIAN_POINT('Ctrl Pts',(-3.72645736533143,-11.7219245648642,
-11.2));
#11649=CARTESIAN_POINT('Ctrl Pts',(11.5081801988055,-3.02497018474034,-3.2));
#11650=CARTESIAN_POINT('Ctrl Pts',(11.5084693228548,-3.02504618212772,-3.2));
#11651=CARTESIAN_POINT('Ctrl Pts',(11.508758446904,-3.02512217951511,-3.2));
#11652=CARTESIAN_POINT('Ctrl Pts',(11.5090475709533,-3.02519817690249,-3.2));
#11653=CARTESIAN_POINT('Origin',(1.11022302462516E-15,-1.11022302462516E-15,
-11.2));
#11654=CARTESIAN_POINT('Origin',(1.11022302462516E-15,-1.11022302462516E-15,
-10.8));
#11655=CARTESIAN_POINT('Origin',(0.,0.,-10.8));
#11656=CARTESIAN_POINT('',(-2.81205464881202,-8.65461429828589,-10.8));
#11657=CARTESIAN_POINT('',(-3.43008863756192,-10.5567273308762,-10.8));
#11658=CARTESIAN_POINT('',(-9.08515884572783,0.519508178851188,-10.8));
#11659=CARTESIAN_POINT('Origin',(1.11022302462516E-15,1.11022302462516E-15,
-10.8));
#11660=CARTESIAN_POINT('Ctrl Pts',(-11.8796969633351,0.679305649964322,
-10.8));
#11661=CARTESIAN_POINT('Ctrl Pts',(-11.4140898392982,0.652681271329236,
-10.8));
#11662=CARTESIAN_POINT('Ctrl Pts',(-10.9484827152613,0.626056892694149,
-10.8));
#11663=CARTESIAN_POINT('Ctrl Pts',(-10.0169700093922,0.572791068989772,
-10.8));
#11664=CARTESIAN_POINT('Ctrl Pts',(-9.55106442756003,0.54614962392048,-10.8));
#11665=CARTESIAN_POINT('Ctrl Pts',(-9.08515884572783,0.519508178851188,
-10.8));
#11666=CARTESIAN_POINT('Ctrl Pts',(11.5081801988055,-3.02497018474034,-3.2));
#11667=CARTESIAN_POINT('Ctrl Pts',(11.097813703159,-4.58616625975476,-3.83333333333333));
#11668=CARTESIAN_POINT('Ctrl Pts',(9.63279021760037,-7.53807089547961,-5.1));
#11669=CARTESIAN_POINT('Ctrl Pts',(5.86289054011591,-10.737082367997,-7.));
#11670=CARTESIAN_POINT('Ctrl Pts',(1.13354919393237,-12.1790076125483,-8.9));
#11671=CARTESIAN_POINT('Ctrl Pts',(-2.14180250427598,-11.8155436601459,
-10.1666666666667));
#11672=CARTESIAN_POINT('Ctrl Pts',(-3.67702509548675,-11.3167196021598,
-10.8));
#11673=CARTESIAN_POINT('Ctrl Pts',(10.6052081648029,-2.78762045321669,-3.2));
#11674=CARTESIAN_POINT('Ctrl Pts',(10.2270404584402,-4.22631962854935,-3.83333333333333));
#11675=CARTESIAN_POINT('Ctrl Pts',(8.87696783511719,-6.94660751105558,-5.1));
#11676=CARTESIAN_POINT('Ctrl Pts',(5.40286766033057,-9.89461336441899,-7.));
#11677=CARTESIAN_POINT('Ctrl Pts',(1.04460696296232,-11.2234001154414,-8.9));
#11678=CARTESIAN_POINT('Ctrl Pts',(-1.97374919521165,-10.8884548148778,
-10.1666666666667));
#11679=CARTESIAN_POINT('Ctrl Pts',(-3.38851285704484,-10.4287702356336,
-10.8));
#11680=CARTESIAN_POINT('Ctrl Pts',(9.70223613080032,-2.55027072169304,-3.2));
#11681=CARTESIAN_POINT('Ctrl Pts',(9.35626721372127,-3.86647299734395,-3.83333333333333));
#11682=CARTESIAN_POINT('Ctrl Pts',(8.121145452634,-6.35514412663155,-5.1));
#11683=CARTESIAN_POINT('Ctrl Pts',(4.94284478054523,-9.05214436084099,-7.));
#11684=CARTESIAN_POINT('Ctrl Pts',(0.955664731992269,-10.2677926183345,
-8.9));
#11685=CARTESIAN_POINT('Ctrl Pts',(-1.80569588614731,-9.9613659696096,-10.1666666666667));
#11686=CARTESIAN_POINT('Ctrl Pts',(-3.10000061860292,-9.54082086910731,
-10.8));
#11687=CARTESIAN_POINT('Ctrl Pts',(8.79926409679771,-2.3129209901694,-3.2));
#11688=CARTESIAN_POINT('Ctrl Pts',(8.48549396900238,-3.50662636613855,-3.83333333333333));
#11689=CARTESIAN_POINT('Ctrl Pts',(7.36532307015081,-5.76368074220753,-5.1));
#11690=CARTESIAN_POINT('Ctrl Pts',(4.4828219007599,-8.20967535726299,-7.));
#11691=CARTESIAN_POINT('Ctrl Pts',(0.866722501022219,-9.31218512122754,
-8.9));
#11692=CARTESIAN_POINT('Ctrl Pts',(-1.63764257708297,-9.03427712434143,
-10.1666666666667));
#11693=CARTESIAN_POINT('Ctrl Pts',(-2.81148838016101,-8.65287150258104,
-10.8));
#11694=CARTESIAN_POINT('',(8.80103637778781,-2.31338684116073,-3.2));
#11695=CARTESIAN_POINT('Ctrl Pts',(8.80103637778781,-2.31338684116073,-3.2));
#11696=CARTESIAN_POINT('Ctrl Pts',(9.44580094758911,-2.48286573062305,-3.2));
#11697=CARTESIAN_POINT('Ctrl Pts',(10.0905655173904,-2.65234462008538,-3.2));
#11698=CARTESIAN_POINT('Ctrl Pts',(10.7353300871917,-2.8218235095477,-3.2));
#11699=CARTESIAN_POINT('Ctrl Pts',(10.9287594581321,-2.8726671763864,-3.2));
#11700=CARTESIAN_POINT('Ctrl Pts',(11.1221888290725,-2.9235108432251,-3.2));
#11701=CARTESIAN_POINT('Ctrl Pts',(11.3798055329438,-2.99122640162264,-3.2));
#11702=CARTESIAN_POINT('Ctrl Pts',(11.4439928658747,-3.00809829318149,-3.2));
#11703=CARTESIAN_POINT('Ctrl Pts',(11.5081801988055,-3.02497018474034,-3.2));
#11704=CARTESIAN_POINT('',(8.79926617635612,-2.31291307869447,-3.19999580248166));
#11705=CARTESIAN_POINT('Ctrl Pts',(8.79926409679778,-2.31292099016942,-3.2));
#11706=CARTESIAN_POINT('Ctrl Pts',(8.79985485712779,-2.31307627383319,-3.2));
#11707=CARTESIAN_POINT('Ctrl Pts',(8.8004456174578,-2.31323155749696,-3.2));
#11708=CARTESIAN_POINT('Ctrl Pts',(8.80103637778781,-2.31338684116073,-3.2));
#11709=CARTESIAN_POINT('',(-2.81148838016103,-8.65287150258111,-10.8));
#11710=CARTESIAN_POINT('Ctrl Pts',(-2.81148638737648,-8.6528630008194,-10.7999985770709));
#11711=CARTESIAN_POINT('Ctrl Pts',(-1.35607073836989,-9.12543609886888,
-10.0147352652914));
#11712=CARTESIAN_POINT('Ctrl Pts',(1.8216025875781,-9.32146056569111,-8.42946037240579));
#11713=CARTESIAN_POINT('Ctrl Pts',(6.43603902956667,-7.11909687189931,-5.89610263425219));
#11714=CARTESIAN_POINT('Ctrl Pts',(8.31895982935954,-4.09548945196954,-4.148202947401));
#11715=CARTESIAN_POINT('Ctrl Pts',(8.795488401557,-2.31178150266676,-3.2002259595115));
#11716=CARTESIAN_POINT('',(-3.43008863756192,-10.5567273308762,-10.8));
#11717=CARTESIAN_POINT('Origin',(1.11022302462516E-15,-1.11022302462516E-15,
-2.8));
#11718=CARTESIAN_POINT('',(11.9,-3.47106666360194E-16,-3.2));
#11719=CARTESIAN_POINT('',(3.02519551480538,11.5090482706956,-3.2));
#11720=CARTESIAN_POINT('Origin',(1.11022302462516E-15,-1.11022302462516E-15,
-3.2));
#11721=CARTESIAN_POINT('Ctrl Pts',(3.02519551480538,11.5090482706956,-3.2));
#11722=CARTESIAN_POINT('Ctrl Pts',(3.02767524925417,11.5187233255759,-3.2));
#11723=CARTESIAN_POINT('Ctrl Pts',(3.02815875672538,11.5285753652711,-3.19962602746522));
#11724=CARTESIAN_POINT('Ctrl Pts',(3.02552190767413,11.5512935992491,-3.19808149720898));
#11725=CARTESIAN_POINT('Ctrl Pts',(3.02134576697516,11.563760017609,-3.19673792390852));
#11726=CARTESIAN_POINT('Ctrl Pts',(3.00576788157551,11.5966828806735,-3.19237050812242));
#11727=CARTESIAN_POINT('Ctrl Pts',(2.99040018063458,11.6168790304085,-3.18864540849867));
#11728=CARTESIAN_POINT('Ctrl Pts',(2.9316291048262,11.6818425480413,-3.175005925796));
#11729=CARTESIAN_POINT('Ctrl Pts',(2.8713133281177,11.7245339024356,-3.16219772930803));
#11730=CARTESIAN_POINT('Ctrl Pts',(2.6842356820197,11.844740899645,-3.12314925715614));
#11731=CARTESIAN_POINT('Ctrl Pts',(2.47056105896862,11.9421809267076,-3.08071328028301));
#11732=CARTESIAN_POINT('Ctrl Pts',(1.8572761431833,12.1379362779261,-2.96312760137665));
#11733=CARTESIAN_POINT('Ctrl Pts',(1.4435865391845,12.2228672367962,-2.88619786820246));
#11734=CARTESIAN_POINT('Ctrl Pts',(0.984870400896228,12.2605046819555,-2.80188092705042));
#11735=CARTESIAN_POINT('Ctrl Pts',(0.979753377965676,12.2609179783909,-2.80094046147499));
#11736=CARTESIAN_POINT('Ctrl Pts',(0.974635859859933,12.2613247628743,-2.8));
#11737=CARTESIAN_POINT('Ctrl Pts',(12.2997513956355,-0.0782023373296364,
-2.79999999999998));
#11738=CARTESIAN_POINT('Ctrl Pts',(12.2997525315759,-0.0780236753433424,
-2.80094355860516));
#11739=CARTESIAN_POINT('Ctrl Pts',(12.2997501435667,-0.0778450041994818,
-2.80188708287745));
#11740=CARTESIAN_POINT('Ctrl Pts',(12.2997442410444,-0.0776663266899419,
-2.80283055665137));
#11741=CARTESIAN_POINT('Ctrl Pts',(12.2996053890453,-0.0734630847535638,
-2.82502500374551));
#11742=CARTESIAN_POINT('Ctrl Pts',(12.2975263684506,-0.0692643573407447,
-2.84714882676669));
#11743=CARTESIAN_POINT('Ctrl Pts',(12.2936242347893,-0.0651068308910427,
-2.86899168528128));
#11744=CARTESIAN_POINT('Ctrl Pts',(12.292723443778,-0.064147083537446,-2.87403401655878));
#11745=CARTESIAN_POINT('Ctrl Pts',(12.2917252807961,-0.0631895423456146,
-2.87906135254763));
#11746=CARTESIAN_POINT('Ctrl Pts',(12.2906308043324,-0.0622346886674269,
-2.88407103714066));
#11747=CARTESIAN_POINT('Ctrl Pts',(12.2858551365733,-0.0580682546903963,
-2.90593042835356));
#11748=CARTESIAN_POINT('Ctrl Pts',(12.2792678780947,-0.05396841955772,-2.92737156071936));
#11749=CARTESIAN_POINT('Ctrl Pts',(12.2709673104359,-0.0499759247033275,
-2.94817504226882));
#11750=CARTESIAN_POINT('Ctrl Pts',(12.2691375215033,-0.0490958134629573,
-2.95276099131028));
#11751=CARTESIAN_POINT('Ctrl Pts',(12.2672242871721,-0.0482209464912542,
-2.95731588962248));
#11752=CARTESIAN_POINT('Ctrl Pts',(12.2652283517622,-0.0473518176172291,
-2.9618372533914));
#11753=CARTESIAN_POINT('Ctrl Pts',(12.2561949640949,-0.0434182343895867,
-2.98230045651242));
#11754=CARTESIAN_POINT('Ctrl Pts',(12.2455239905244,-0.0396250140016457,
-3.00195919740561));
#11755=CARTESIAN_POINT('Ctrl Pts',(12.2333129636422,-0.0360156638518294,
-3.02059798839617));
#11756=CARTESIAN_POINT('Ctrl Pts',(12.2214475532717,-0.0325084714501442,
-3.03870923375207));
#11757=CARTESIAN_POINT('Ctrl Pts',(12.2081273176084,-0.0291744792583816,
-3.05585848873755));
#11758=CARTESIAN_POINT('Ctrl Pts',(12.1934027684195,-0.0260649130502987,
-3.0718216860192));
#11759=CARTESIAN_POINT('Ctrl Pts',(12.1898900640592,-0.0253230915766768,
-3.07562988360651));
#11760=CARTESIAN_POINT('Ctrl Pts',(12.1862972857824,-0.0245941097450078,
-3.07937042104777));
#11761=CARTESIAN_POINT('Ctrl Pts',(12.1826248449607,-0.0238788011997662,
-3.0830399261165));
#11762=CARTESIAN_POINT('Ctrl Pts',(12.1807602580117,-0.0235156217660658,
-3.08490302251272));
#11763=CARTESIAN_POINT('Ctrl Pts',(12.1788751336113,-0.0231559681021139,
-3.08674780543869));
#11764=CARTESIAN_POINT('Ctrl Pts',(12.1769697968556,-0.0227998557075347,
-3.08857408009918));
#11765=CARTESIAN_POINT('Ctrl Pts',(12.161090554564,-0.0198319840284204,
-3.10379441201024));
#11766=CARTESIAN_POINT('Ctrl Pts',(12.1439373599882,-0.017132188323083,
-3.11761037562948));
#11767=CARTESIAN_POINT('Ctrl Pts',(12.1257395688448,-0.0147002467066116,
-3.12995422382531));
#11768=CARTESIAN_POINT('Ctrl Pts',(12.1073484901516,-0.0122424742608574,
-3.14242918200884));
#11769=CARTESIAN_POINT('Ctrl Pts',(12.0878892195174,-0.0100580342921228,
-3.15340119343755));
#11770=CARTESIAN_POINT('Ctrl Pts',(12.0675709515529,-0.00816400945523349,
-3.16275992801594));
#11771=CARTESIAN_POINT('Ctrl Pts',(12.0612569413217,-0.00757543112665188,
-3.16566820474416));
#11772=CARTESIAN_POINT('Ctrl Pts',(12.0548598571466,-0.00701503728298291,
-3.16842036126043));
#11773=CARTESIAN_POINT('Ctrl Pts',(12.0483857478155,-0.0064837350157536,
-3.17101215627203));
#11774=CARTESIAN_POINT('Ctrl Pts',(12.0275193130911,-0.00477131659478129,
-3.17936566386083));
#11775=CARTESIAN_POINT('Ctrl Pts',(12.00603675878,-0.00337407394544682,
-3.18598335324856));
#11776=CARTESIAN_POINT('Ctrl Pts',(11.9841630196517,-0.00231460695873761,
-3.19078236199082));
#11777=CARTESIAN_POINT('Ctrl Pts',(11.9628321103229,-0.00128143224188456,
-3.19546227609919));
#11778=CARTESIAN_POINT('Ctrl Pts',(11.941127868318,-0.00056935970429222,
-3.19841297162265));
#11779=CARTESIAN_POINT('Ctrl Pts',(11.9192486939506,-0.000217283889096836,
-3.19951367669335));
#11780=CARTESIAN_POINT('Ctrl Pts',(11.9128443091397,-0.000114225658230268,
-3.19983587069928));
#11781=CARTESIAN_POINT('Ctrl Pts',(11.9064249372798,-4.21388835724225E-5,
-3.19999924249904));
#11782=CARTESIAN_POINT('Ctrl Pts',(11.8999956296562,-2.32353861379098E-6,
-3.19999996279889));
#11783=CARTESIAN_POINT('Ctrl Pts',(12.2997513956355,-0.0782023373296364,
-2.79999999999998));
#11784=CARTESIAN_POINT('Ctrl Pts',(12.2863512638774,-2.1857901015954,-3.59996481204133));
#11785=CARTESIAN_POINT('Ctrl Pts',(11.1529663496026,-6.39148750610824,-5.20001215422871));
#11786=CARTESIAN_POINT('Ctrl Pts',(6.56788203429303,-11.0513809524725,-7.60000794974388));
#11787=CARTESIAN_POINT('Ctrl Pts',(1.3330325295126,-12.5507040864537,-9.60003661416836));
#11788=CARTESIAN_POINT('Ctrl Pts',(-1.8370490401691,-12.207618961157,-10.7999845602312));
#11789=CARTESIAN_POINT('Ctrl Pts',(-2.8620239397383,-11.962391858168,-11.1999999999978));
#11790=CARTESIAN_POINT('Ctrl Pts',(12.2999952495226,-0.0398487242391489,
-2.89776434007157));
#11791=CARTESIAN_POINT('Ctrl Pts',(12.2931784296532,-2.14762419712404,-3.69772915211292));
#11792=CARTESIAN_POINT('Ctrl Pts',(11.1729504811124,-6.35664517510068,-5.29777649430029));
#11793=CARTESIAN_POINT('Ctrl Pts',(6.60238531894489,-11.0309891260014,-7.69777228981546));
#11794=CARTESIAN_POINT('Ctrl Pts',(1.37215797946331,-12.5465743482236,-9.69780095423994));
#11795=CARTESIAN_POINT('Ctrl Pts',(-1.79891036230826,-12.2133583296839,
-10.8977489003028));
#11796=CARTESIAN_POINT('Ctrl Pts',(-2.82472229564753,-11.9713163441442,
-11.2977643400694));
#11797=CARTESIAN_POINT('Ctrl Pts',(12.2132915914659,0.0371055528759127,
-3.09250969696485));
#11798=CARTESIAN_POINT('Ctrl Pts',(12.2196227937848,-2.0555923229525,-3.8924745090062));
#11799=CARTESIAN_POINT('Ctrl Pts',(11.1335181557164,-6.24216738968891,-5.49252185119358));
#11800=CARTESIAN_POINT('Ctrl Pts',(6.62439584287094,-10.9117239843573,-7.89251764670876));
#11801=CARTESIAN_POINT('Ctrl Pts',(1.44067963074382,-12.4492832173457,-9.89254631113322));
#11802=CARTESIAN_POINT('Ctrl Pts',(-1.71017225186962,-12.1382264800108,
-11.0924942571961));
#11803=CARTESIAN_POINT('Ctrl Pts',(-2.73012981440398,-11.9042958429606,
-11.4925096969627));
#11804=CARTESIAN_POINT('Ctrl Pts',(12.0039113099087,0.0699380472686423,
-3.17280393165944));
#11805=CARTESIAN_POINT('Ctrl Pts',(12.0159484486152,-1.98699018549969,-3.9727687437008));
#11806=CARTESIAN_POINT('Ctrl Pts',(10.9598573398026,-6.10462049259452,-5.57281608588817));
#11807=CARTESIAN_POINT('Ctrl Pts',(6.54086199538309,-10.7066425909706,-7.97281188140334));
#11808=CARTESIAN_POINT('Ctrl Pts',(1.45011304046852,-12.2320388688624,-9.97284054582782));
#11809=CARTESIAN_POINT('Ctrl Pts',(-1.64754428068,-11.9348938011164,-11.1727884918907));
#11810=CARTESIAN_POINT('Ctrl Pts',(-2.6507266166672,-11.7077934073975,-11.5728039316573));
#11811=CARTESIAN_POINT('Ctrl Pts',(11.8988947046303,0.070433762285031,-3.17236555526483));
#11812=CARTESIAN_POINT('Ctrl Pts',(11.9109636750353,-1.96846638139302,-3.97233036730618));
#11813=CARTESIAN_POINT('Ctrl Pts',(10.8645522519677,-6.05024082899462,-5.57237770949356));
#11814=CARTESIAN_POINT('Ctrl Pts',(6.4845895366422,-10.6123695833589,-7.97237350500873));
#11815=CARTESIAN_POINT('Ctrl Pts',(1.43854953565081,-12.1248888017566,-9.9724021694332));
#11816=CARTESIAN_POINT('Ctrl Pts',(-1.63205243345078,-11.8306613298731,
-11.1723501154961));
#11817=CARTESIAN_POINT('Ctrl Pts',(-2.62645786271229,-11.6056182602283,
-11.5723655552627));
#11818=CARTESIAN_POINT('',(-0.679359597304017,-11.8805921795823,-10.8));
#11819=CARTESIAN_POINT('Ctrl Pts',(-2.86202393973749,-11.9623918581682,
-11.1999999999975));
#11820=CARTESIAN_POINT('Ctrl Pts',(-2.8570318943151,-11.9635862140861,-11.1990596716663));
#11821=CARTESIAN_POINT('Ctrl Pts',(-2.85203830796584,-11.9647742255484,
-11.1981193392377));
#11822=CARTESIAN_POINT('Ctrl Pts',(-2.38758266400755,-12.0746476530656,
-11.1106849369747));
#11823=CARTESIAN_POINT('Ctrl Pts',(-1.95180716529697,-12.1209699608284,
-11.0308833611535));
#11824=CARTESIAN_POINT('Ctrl Pts',(-1.31522284163379,-12.1187560915331,
-10.9146560590104));
#11825=CARTESIAN_POINT('Ctrl Pts',(-1.09151828970286,-12.0915783843453,
-10.8739681812905));
#11826=CARTESIAN_POINT('Ctrl Pts',(-0.886594601560449,-12.0360493315407,
-10.8367683242543));
#11827=CARTESIAN_POINT('Ctrl Pts',(-0.817842948541175,-12.0143708810141,
-10.8242888329688));
#11828=CARTESIAN_POINT('Ctrl Pts',(-0.743597888307042,-11.9709070269108,
-10.8109659990951));
#11829=CARTESIAN_POINT('Ctrl Pts',(-0.723389624869431,-11.9566182390649,
-10.8073593128964));
#11830=CARTESIAN_POINT('Ctrl Pts',(-0.699125611335953,-11.9304034901807,
-10.8031238271134));
#11831=CARTESIAN_POINT('Ctrl Pts',(-0.691521764209785,-11.9199066369172,
-10.8018206126595));
#11832=CARTESIAN_POINT('Ctrl Pts',(-0.682405654033307,-11.8994559517177,
-10.8003493617456));
#11833=CARTESIAN_POINT('Ctrl Pts',(-0.679969847386651,-11.8902262648208,
-10.8));
#11834=CARTESIAN_POINT('Ctrl Pts',(-0.679359597304014,-11.8805921795822,
-10.8));
#11835=CARTESIAN_POINT('',(-0.679305649964321,-11.8796969633351,-10.8));
#11836=CARTESIAN_POINT('Ctrl Pts',(-0.679356849266921,-11.8805923367207,
-10.8));
#11837=CARTESIAN_POINT('Ctrl Pts',(-0.679339782832721,-11.8802938789255,
-10.8));
#11838=CARTESIAN_POINT('Ctrl Pts',(-0.679322716398521,-11.8799954211303,
-10.8));
#11839=CARTESIAN_POINT('Ctrl Pts',(-0.679305649964321,-11.8796969633351,
-10.8));
#11840=CARTESIAN_POINT('',(11.8991031639678,-3.86925897047293E-16,-3.2));
#11841=CARTESIAN_POINT('Ctrl Pts',(-0.679334955928551,-11.8806033310001,
-10.8000588835447));
#11842=CARTESIAN_POINT('Ctrl Pts',(-0.3165599476847,-11.9015947655687,-10.6574980522964));
#11843=CARTESIAN_POINT('Ctrl Pts',(2.08806471617933,-11.9302006516434,-9.71496287470294));
#11844=CARTESIAN_POINT('Ctrl Pts',(6.4845895366422,-10.6123695833589,-7.97237350500873));
#11845=CARTESIAN_POINT('Ctrl Pts',(10.8477406252787,-6.06775166424829,-5.58158962201237));
#11846=CARTESIAN_POINT('Ctrl Pts',(11.8988522353777,-2.01543316414773,-3.99075476809882));
#11847=CARTESIAN_POINT('Ctrl Pts',(11.8990988047994,1.12019466813607E-7,
-3.20000014898083));
#11848=CARTESIAN_POINT('',(11.1,-2.49134922428405E-16,-3.2));
#11849=CARTESIAN_POINT('Ctrl Pts',(1.08842340752612,11.8492189866125,-2.42763444473515));
#11850=CARTESIAN_POINT('Ctrl Pts',(3.11897920017671,11.6626999883978,-3.22766532426859));
#11851=CARTESIAN_POINT('Ctrl Pts',(7.0817395380191,10.223869321138,-4.82759855998621));
#11852=CARTESIAN_POINT('Ctrl Pts',(10.5035486687212,6.22107359434944,-6.827621034814));
#11853=CARTESIAN_POINT('Ctrl Pts',(12.1317880396562,1.34338683641985,-8.82764111446924));
#11854=CARTESIAN_POINT('Ctrl Pts',(11.9362891832036,-1.80856741583628,-10.0276696326936));
#11855=CARTESIAN_POINT('Ctrl Pts',(11.2947561160247,-3.74394716659716,-10.8276344447352));
#11856=CARTESIAN_POINT('Ctrl Pts',(1.09691630781295,11.9538927835356,-2.42719606834054));
#11857=CARTESIAN_POINT('Ctrl Pts',(3.14543826533593,11.7658626215818,-3.22722694787397));
#11858=CARTESIAN_POINT('Ctrl Pts',(7.143276578771,10.3147888819861,-4.8271601835916));
#11859=CARTESIAN_POINT('Ctrl Pts',(10.5957096209661,6.27696194805632,-6.82718265841938));
#11860=CARTESIAN_POINT('Ctrl Pts',(12.2386975749522,1.35634701161449,-8.82720273807462));
#11861=CARTESIAN_POINT('Ctrl Pts',(12.0418598064979,-1.82339231042085,-10.027231256299));
#11862=CARTESIAN_POINT('Ctrl Pts',(11.3947860271584,-3.7759276293232,-10.8271960683405));
#11863=CARTESIAN_POINT('Ctrl Pts',(1.08212096455034,12.1653124532687,-2.50749241868402));
#11864=CARTESIAN_POINT('Ctrl Pts',(3.16677262164356,11.9799065259964,-3.30752329821745));
#11865=CARTESIAN_POINT('Ctrl Pts',(7.23851694958457,10.5147437915511,-4.90745653393508));
#11866=CARTESIAN_POINT('Ctrl Pts',(10.7624446564545,6.41636291429968,-6.90747900876286));
#11867=CARTESIAN_POINT('Ctrl Pts',(12.4481534249527,1.41479355092554,-8.90749908841809));
#11868=CARTESIAN_POINT('Ctrl Pts',(12.2567629413213,-1.82108515810217,-10.1075276066425));
#11869=CARTESIAN_POINT('Ctrl Pts',(11.6040624023764,-3.80940266043494,-10.907492418684));
#11870=CARTESIAN_POINT('Ctrl Pts',(1.01286964937367,12.2582856114744,-2.70223565992842));
#11871=CARTESIAN_POINT('Ctrl Pts',(3.11367007053366,12.0846901857356,-3.50226653946185));
#11872=CARTESIAN_POINT('Ctrl Pts',(7.22321538906695,10.6350161063297,-5.10219977517947));
#11873=CARTESIAN_POINT('Ctrl Pts',(10.7981954261856,6.52996629417424,-7.10222225000726));
#11874=CARTESIAN_POINT('Ctrl Pts',(12.5273646343153,1.50334980152514,-9.1022423296625));
#11875=CARTESIAN_POINT('Ctrl Pts',(12.355159825943,-1.75628906241785,-10.3022708478869));
#11876=CARTESIAN_POINT('Ctrl Pts',(11.710304565452,-3.76300917397989,-11.1022356599284));
#11877=CARTESIAN_POINT('Ctrl Pts',(0.974635859859932,12.2613247628743,-2.8));
#11878=CARTESIAN_POINT('Ctrl Pts',(3.07581265901894,12.0943051058657,-3.60003087953343));
#11879=CARTESIAN_POINT('Ctrl Pts',(7.19003458998431,10.6574000250191,-5.19996411525106));
#11880=CARTESIAN_POINT('Ctrl Pts',(10.7776602289025,6.56348121214659,-7.19998659007884));
#11881=CARTESIAN_POINT('Ctrl Pts',(12.5225309048387,1.5425018640293,-9.20000666973408));
#11882=CARTESIAN_POINT('Ctrl Pts',(12.3604607185315,-1.71788142002194,-10.4000351879585));
#11883=CARTESIAN_POINT('Ctrl Pts',(11.7219245648642,-3.72645736533145,-11.2));
#11884=CARTESIAN_POINT('',(3.02497018474034,11.5081801988055,-3.2));
#11885=CARTESIAN_POINT('',(11.3167196021598,-3.67702509548675,-10.8));
#11886=CARTESIAN_POINT('Ctrl Pts',(3.02501787292604,11.5081681981211,-3.1998746163264));
#11887=CARTESIAN_POINT('Ctrl Pts',(4.36286359839223,11.1554955682147,-3.74246318783901));
#11888=CARTESIAN_POINT('Ctrl Pts',(7.52307051698234,9.70991332340919,-5.08500828071204));
#11889=CARTESIAN_POINT('Ctrl Pts',(10.5048533481619,6.22186605906397,-6.82761753859234));
#11890=CARTESIAN_POINT('Ctrl Pts',(12.1258013898377,1.36604095958996,-8.81842550211302));
#11891=CARTESIAN_POINT('Ctrl Pts',(11.9407172474481,-1.76039042241245,-10.0092416522968));
#11892=CARTESIAN_POINT('Ctrl Pts',(11.3181342691379,-3.67746722036431,-10.7999960716761));
#11893=CARTESIAN_POINT('',(11.3175725439123,-3.67730223306188,-10.8));
#11894=CARTESIAN_POINT('',(10.5567273308762,-3.43008863756192,-10.8));
#11895=CARTESIAN_POINT('Ctrl Pts',(11.3175680439292,-3.67729921916483,-10.8000000390664));
#11896=CARTESIAN_POINT('Ctrl Pts',(11.3384325028856,-3.68393592890347,-10.8000024941668));
#11897=CARTESIAN_POINT('Ctrl Pts',(11.3593009887762,-3.69018202703031,-10.8018874166522));
#11898=CARTESIAN_POINT('Ctrl Pts',(11.3799724576235,-3.69601883073393,-10.8055205575772));
#11899=CARTESIAN_POINT('Ctrl Pts',(11.4012365939938,-3.70202298026181,-10.8092578635546));
#11900=CARTESIAN_POINT('Ctrl Pts',(11.4222935833918,-3.7075943405663,-10.8148453821677));
#11901=CARTESIAN_POINT('Ctrl Pts',(11.4429262332176,-3.7126918180686,-10.8221867072311));
#11902=CARTESIAN_POINT('Ctrl Pts',(11.4491623213453,-3.7142324984563,-10.8244055763756));
#11903=CARTESIAN_POINT('Ctrl Pts',(11.4553595791721,-3.71572973071473,-10.8267849756487));
#11904=CARTESIAN_POINT('Ctrl Pts',(11.4615117457501,-3.7171819526914,-10.8293230346437));
#11905=CARTESIAN_POINT('Ctrl Pts',(11.4818114054323,-3.72197369744276,-10.8376976020742));
#11906=CARTESIAN_POINT('Ctrl Pts',(11.5014437965729,-3.72623475305074,-10.8477227512534));
#11907=CARTESIAN_POINT('Ctrl Pts',(11.5202079680091,-3.72992396652647,-10.8592744127355));
#11908=CARTESIAN_POINT('Ctrl Pts',(11.5388423378672,-3.73358765978498,-10.8707461653394));
#11909=CARTESIAN_POINT('Ctrl Pts',(11.5566217553552,-3.73668756762598,-10.8837239770376));
#11910=CARTESIAN_POINT('Ctrl Pts',(11.573335110224,-3.73915994671244,-10.8981282290667));
#11911=CARTESIAN_POINT('Ctrl Pts',(11.5785594032485,-3.73993276778376,-10.9026307382271));
#11912=CARTESIAN_POINT('Ctrl Pts',(11.583679351221,-3.74064409088851,-10.9072728961378));
#11913=CARTESIAN_POINT('Ctrl Pts',(11.5886879088911,-3.74129145138541,-10.9120529831663));
#11914=CARTESIAN_POINT('Ctrl Pts',(11.5903870123095,-3.741511062001,-10.9136745801898));
#11915=CARTESIAN_POINT('Ctrl Pts',(11.5920718534428,-3.74172311915719,-10.9153106763064));
#11916=CARTESIAN_POINT('Ctrl Pts',(11.5937422142467,-3.74192756334724,-10.9169611359874));
#11917=CARTESIAN_POINT('Ctrl Pts',(11.609271258686,-3.74382824426905,-10.9323051632598));
#11918=CARTESIAN_POINT('Ctrl Pts',(11.6235508279767,-3.745073056554,-10.9488873370953));
#11919=CARTESIAN_POINT('Ctrl Pts',(11.6365243170571,-3.74570101416368,-10.9664762610941));
#11920=CARTESIAN_POINT('Ctrl Pts',(11.6499052369001,-3.74634869270165,-10.9846175629979));
#11921=CARTESIAN_POINT('Ctrl Pts',(11.6618975975397,-3.7463399936773,-11.003830914712));
#11922=CARTESIAN_POINT('Ctrl Pts',(11.6724053216725,-3.74569182907068,-11.0238957087787));
#11923=CARTESIAN_POINT('Ctrl Pts',(11.6750156346826,-3.74553081299488,-11.0288801747141));
#11924=CARTESIAN_POINT('Ctrl Pts',(11.6775341330918,-3.74533021997887,-11.0339172955784));
#11925=CARTESIAN_POINT('Ctrl Pts',(11.6799589352609,-3.74509009109321,-11.0390038714401));
#11926=CARTESIAN_POINT('Ctrl Pts',(11.6897458491274,-3.74412089007928,-11.0595341565368));
#11927=CARTESIAN_POINT('Ctrl Pts',(11.6979524753566,-3.74251560749517,-11.0807490670485));
#11928=CARTESIAN_POINT('Ctrl Pts',(11.7044821099334,-3.74028733246808,-11.1024255251392));
#11929=CARTESIAN_POINT('Ctrl Pts',(11.7058769084744,-3.73981134951371,-11.1070558443039));
#11930=CARTESIAN_POINT('Ctrl Pts',(11.7071950288088,-3.73930685878383,-11.1117072885997));
#11931=CARTESIAN_POINT('Ctrl Pts',(11.7084352589726,-3.73877386097627,-11.116377768189));
#11932=CARTESIAN_POINT('Ctrl Pts',(11.7141990403682,-3.73629683458493,-11.1380831130117));
#11933=CARTESIAN_POINT('Ctrl Pts',(11.7182625474921,-3.73321501351301,-11.1601171992315));
#11934=CARTESIAN_POINT('Ctrl Pts',(11.7205140379696,-3.72953132097874,-11.1822683359058));
#11935=CARTESIAN_POINT('Ctrl Pts',(11.7210183826682,-3.72870615612913,-11.1872302970881));
#11936=CARTESIAN_POINT('Ctrl Pts',(11.7214316135714,-3.72785071575151,-11.1921981589722));
#11937=CARTESIAN_POINT('Ctrl Pts',(11.7217521315875,-3.72696490907979,-11.1971695649446));
#11938=CARTESIAN_POINT('Ctrl Pts',(11.7218129569007,-3.72679680786385,-11.1981129981063));
#11939=CARTESIAN_POINT('Ctrl Pts',(11.7218704379383,-3.72662762670321,-11.1990564818452));
#11940=CARTESIAN_POINT('Ctrl Pts',(11.7219245648642,-3.72645736533145,-11.2));
#11941=CARTESIAN_POINT('Ctrl Pts',(3.02497018474034,11.5081801988055,-3.2));
#11942=CARTESIAN_POINT('Ctrl Pts',(3.02504618212772,11.5084693228548,-3.2));
#11943=CARTESIAN_POINT('Ctrl Pts',(3.02512217951511,11.508758446904,-3.2));
#11944=CARTESIAN_POINT('Ctrl Pts',(3.0251981769025,11.5090475709533,-3.2));
#11945=CARTESIAN_POINT('Origin',(1.11022302462516E-15,-1.11022302462516E-15,
-11.2));
#11946=CARTESIAN_POINT('Origin',(1.11022302462516E-15,-1.11022302462516E-15,
-10.8));
#11947=CARTESIAN_POINT('Origin',(0.,0.,-10.8));
#11948=CARTESIAN_POINT('',(8.6546142982859,-2.81205464881202,-10.8));
#11949=CARTESIAN_POINT('',(10.5567273308762,-3.43008863756192,-10.8));
#11950=CARTESIAN_POINT('',(-0.519508178851189,-9.08515884572783,-10.8));
#11951=CARTESIAN_POINT('Origin',(1.11022302462516E-15,1.11022302462516E-15,
-10.8));
#11952=CARTESIAN_POINT('Ctrl Pts',(-0.679305649964321,-11.8796969633351,
-10.8));
#11953=CARTESIAN_POINT('Ctrl Pts',(-0.652681271329235,-11.4140898392982,
-10.8));
#11954=CARTESIAN_POINT('Ctrl Pts',(-0.62605689269415,-10.9484827152613,
-10.8));
#11955=CARTESIAN_POINT('Ctrl Pts',(-0.572791068989773,-10.0169700093922,
-10.8));
#11956=CARTESIAN_POINT('Ctrl Pts',(-0.546149623920481,-9.55106442756003,
-10.8));
#11957=CARTESIAN_POINT('Ctrl Pts',(-0.519508178851189,-9.08515884572783,
-10.8));
#11958=CARTESIAN_POINT('Ctrl Pts',(3.02497018474034,11.5081801988055,-3.2));
#11959=CARTESIAN_POINT('Ctrl Pts',(4.58616625975476,11.097813703159,-3.83333333333333));
#11960=CARTESIAN_POINT('Ctrl Pts',(7.5380708954796,9.63279021760037,-5.1));
#11961=CARTESIAN_POINT('Ctrl Pts',(10.737082367997,5.86289054011591,-7.));
#11962=CARTESIAN_POINT('Ctrl Pts',(12.1790076125483,1.13354919393237,-8.9));
#11963=CARTESIAN_POINT('Ctrl Pts',(11.8155436601459,-2.14180250427598,-10.1666666666667));
#11964=CARTESIAN_POINT('Ctrl Pts',(11.3167196021598,-3.67702509548675,-10.8));
#11965=CARTESIAN_POINT('Ctrl Pts',(2.78762045321639,10.6052081648018,-3.2));
#11966=CARTESIAN_POINT('Ctrl Pts',(4.22631962854889,10.227040458439,-3.83333333333333));
#11967=CARTESIAN_POINT('Ctrl Pts',(6.94660751105482,8.87696783511621,-5.1));
#11968=CARTESIAN_POINT('Ctrl Pts',(9.89461336441791,5.40286766032998,-7.));
#11969=CARTESIAN_POINT('Ctrl Pts',(11.2234001154401,1.04460696296221,-8.9));
#11970=CARTESIAN_POINT('Ctrl Pts',(10.8884548148766,-1.97374919521143,-10.1666666666667));
#11971=CARTESIAN_POINT('Ctrl Pts',(10.4287702356324,-3.38851285704447,-10.8));
#11972=CARTESIAN_POINT('Ctrl Pts',(2.55027072169244,9.702236130798,-3.2));
#11973=CARTESIAN_POINT('Ctrl Pts',(3.86647299734303,9.35626721371903,-3.83333333333333));
#11974=CARTESIAN_POINT('Ctrl Pts',(6.35514412663004,8.12114545263205,-5.1));
#11975=CARTESIAN_POINT('Ctrl Pts',(9.05214436083882,4.94284478054405,-7.));
#11976=CARTESIAN_POINT('Ctrl Pts',(10.267792618332,0.955664731992043,-8.9));
#11977=CARTESIAN_POINT('Ctrl Pts',(9.96136596960721,-1.80569588614688,-10.1666666666667));
#11978=CARTESIAN_POINT('Ctrl Pts',(9.54082086910502,-3.10000061860218,-10.8));
#11979=CARTESIAN_POINT('Ctrl Pts',(2.31292099016848,8.79926409679423,-3.2));
#11980=CARTESIAN_POINT('Ctrl Pts',(3.50662636613716,8.48549396899902,-3.83333333333333));
#11981=CARTESIAN_POINT('Ctrl Pts',(5.76368074220524,7.3653230701479,-5.1));
#11982=CARTESIAN_POINT('Ctrl Pts',(8.20967535725974,4.48282190075812,-7.));
#11983=CARTESIAN_POINT('Ctrl Pts',(9.31218512122385,0.866722501021876,-8.9));
#11984=CARTESIAN_POINT('Ctrl Pts',(9.03427712433786,-1.63764257708232,-10.1666666666667));
#11985=CARTESIAN_POINT('Ctrl Pts',(8.65287150257762,-2.81148838015989,-10.8));
#11986=CARTESIAN_POINT('',(2.31338684116073,8.80103637778781,-3.2));
#11987=CARTESIAN_POINT('Ctrl Pts',(2.31338684116073,8.80103637778781,-3.2));
#11988=CARTESIAN_POINT('Ctrl Pts',(2.48286573062305,9.44580094758912,-3.2));
#11989=CARTESIAN_POINT('Ctrl Pts',(2.65234462008538,10.0905655173904,-3.2));
#11990=CARTESIAN_POINT('Ctrl Pts',(2.8218235095477,10.7353300871917,-3.2));
#11991=CARTESIAN_POINT('Ctrl Pts',(2.8726671763864,10.9287594581321,-3.2));
#11992=CARTESIAN_POINT('Ctrl Pts',(2.9235108432251,11.1221888290725,-3.2));
#11993=CARTESIAN_POINT('Ctrl Pts',(2.99122640162264,11.3798055329438,-3.2));
#11994=CARTESIAN_POINT('Ctrl Pts',(3.00809829318149,11.4439928658747,-3.2));
#11995=CARTESIAN_POINT('Ctrl Pts',(3.02497018474034,11.5081801988055,-3.2));
#11996=CARTESIAN_POINT('',(2.31291307869447,8.79926617635612,-3.19999580248166));
#11997=CARTESIAN_POINT('Ctrl Pts',(2.31292099016848,8.79926409679423,-3.2));
#11998=CARTESIAN_POINT('Ctrl Pts',(2.31307627383257,8.79985485712542,-3.2));
#11999=CARTESIAN_POINT('Ctrl Pts',(2.31323155749665,8.80044561745662,-3.2));
#12000=CARTESIAN_POINT('Ctrl Pts',(2.31338684116073,8.80103637778781,-3.2));
#12001=CARTESIAN_POINT('',(8.65287150258111,-2.81148838016103,-10.8));
#12002=CARTESIAN_POINT('Ctrl Pts',(8.65286300081941,-2.81148638737648,-10.7999985770709));
#12003=CARTESIAN_POINT('Ctrl Pts',(9.12543609886874,-1.35607073837034,-10.0147352652916));
#12004=CARTESIAN_POINT('Ctrl Pts',(9.32146056569115,1.8216025875766,-8.42946037240652));
#12005=CARTESIAN_POINT('Ctrl Pts',(7.11909687190047,6.43603902956559,-5.89610263425292));
#12006=CARTESIAN_POINT('Ctrl Pts',(4.09548945197046,8.31895982935933,-4.14820294740148));
#12007=CARTESIAN_POINT('Ctrl Pts',(2.31178150266677,8.79548840155703,-3.2002259595115));
#12008=CARTESIAN_POINT('',(10.5567273308762,-3.43008863756192,-10.8));
#12009=CARTESIAN_POINT('Origin',(1.11022302462516E-15,-1.11022302462516E-15,
-2.8));
#12010=CARTESIAN_POINT('',(1.07577151185287E-15,11.9,-3.2));
#12011=CARTESIAN_POINT('Ctrl Pts',(0.0782023373296357,12.2997513956355,
-2.79999999999998));
#12012=CARTESIAN_POINT('Ctrl Pts',(0.0780236753384617,12.2997525315759,
-2.80094355863093));
#12013=CARTESIAN_POINT('Ctrl Pts',(0.0778450041912062,12.2997501435666,
-2.80188708292891));
#12014=CARTESIAN_POINT('Ctrl Pts',(0.0776663266764932,12.2997442410439,
-2.80283055672854));
#12015=CARTESIAN_POINT('Ctrl Pts',(0.0734630847673958,12.2996053890415,
-2.82502500364089));
#12016=CARTESIAN_POINT('Ctrl Pts',(0.0692643573922785,12.2975263684749,
-2.84714882648289));
#12017=CARTESIAN_POINT('Ctrl Pts',(0.0651068309774004,12.2936242348709,
-2.86899168482396));
#12018=CARTESIAN_POINT('Ctrl Pts',(0.0641470835924035,12.2927234438359,
-2.8740340162686));
#12019=CARTESIAN_POINT('Ctrl Pts',(0.0631895423691993,12.2917252808237,
-2.87906135242367));
#12020=CARTESIAN_POINT('Ctrl Pts',(0.0622346886595619,12.2906308043234,
-2.88407103718169));
#12021=CARTESIAN_POINT('Ctrl Pts',(0.0580682546829839,12.2858551365625,
-2.9059304283922));
#12022=CARTESIAN_POINT('Ctrl Pts',(0.0539684195507974,12.2792678780825,
-2.92737156075549));
#12023=CARTESIAN_POINT('Ctrl Pts',(0.0499759246968864,12.2709673104225,
-2.94817504230241));
#12024=CARTESIAN_POINT('Ctrl Pts',(0.0490958134582047,12.2691375214929,
-2.95276099133506));
#12025=CARTESIAN_POINT('Ctrl Pts',(0.0482209464881709,12.2672242871651,
-2.95731588963856));
#12026=CARTESIAN_POINT('Ctrl Pts',(0.0473518176157926,12.2652283517589,
-2.96183725339891));
#12027=CARTESIAN_POINT('Ctrl Pts',(0.0434182343882365,12.2561949640913,
-2.98230045651946));
#12028=CARTESIAN_POINT('Ctrl Pts',(0.0396250140003856,12.2455239905206,
-3.00195919741215));
#12029=CARTESIAN_POINT('Ctrl Pts',(0.0360156638506612,12.2333129636382,
-3.02059798840222));
#12030=CARTESIAN_POINT('Ctrl Pts',(0.0325084714490569,12.2214475532676,
-3.03870923375769));
#12031=CARTESIAN_POINT('Ctrl Pts',(0.0291744792573777,12.2081273176042,
-3.05585848874272));
#12032=CARTESIAN_POINT('Ctrl Pts',(0.0260649130493795,12.1934027684151,
-3.07182168602393));
#12033=CARTESIAN_POINT('Ctrl Pts',(0.0253230915760751,12.1898900640562,
-3.0756298836096));
#12034=CARTESIAN_POINT('Ctrl Pts',(0.0245941097447133,12.1862972857809,
-3.07937042104929));
#12035=CARTESIAN_POINT('Ctrl Pts',(0.0238788011997677,12.1826248449607,
-3.08303992611651));
#12036=CARTESIAN_POINT('Ctrl Pts',(0.0235156217658675,12.1807602580107,
-3.08490302251375));
#12037=CARTESIAN_POINT('Ctrl Pts',(0.0231559681017196,12.1788751336092,
-3.08674780544072));
#12038=CARTESIAN_POINT('Ctrl Pts',(0.0227998557069484,12.1769697968524,
-3.08857408010219));
#12039=CARTESIAN_POINT('Ctrl Pts',(0.0198319840278614,12.1610905545606,
-3.10379441201311));
#12040=CARTESIAN_POINT('Ctrl Pts',(0.0171321883225534,12.1439373599847,
-3.1176103756322));
#12041=CARTESIAN_POINT('Ctrl Pts',(0.0147002467061136,12.1257395688411,
-3.12995422382785));
#12042=CARTESIAN_POINT('Ctrl Pts',(0.0122424742603941,12.1073484901477,
-3.1424291820112));
#12043=CARTESIAN_POINT('Ctrl Pts',(0.0100580342916959,12.0878892195133,
-3.15340119343971));
#12044=CARTESIAN_POINT('Ctrl Pts',(0.00816400945484551,12.0675709515487,
-3.16275992801789));
#12045=CARTESIAN_POINT('Ctrl Pts',(0.0075754311263799,12.0612569413186,
-3.16566820474553));
#12046=CARTESIAN_POINT('Ctrl Pts',(0.00701503728281725,12.0548598571446,
-3.16842036126128));
#12047=CARTESIAN_POINT('Ctrl Pts',(0.00648373501568406,12.0483857478146,
-3.17101215627241));
#12048=CARTESIAN_POINT('Ctrl Pts',(0.00477131659471487,12.0275193130901,
-3.17936566386118));
#12049=CARTESIAN_POINT('Ctrl Pts',(0.00337407394538484,12.0060367587788,
-3.18598335324888));
#12050=CARTESIAN_POINT('Ctrl Pts',(0.00231460695868312,11.9841630196505,
-3.19078236199109));
#12051=CARTESIAN_POINT('Ctrl Pts',(0.00128143224183756,11.9628321103216,
-3.19546227609942));
#12052=CARTESIAN_POINT('Ctrl Pts',(0.000569359704255512,11.9411278683166,
-3.19841297162281));
#12053=CARTESIAN_POINT('Ctrl Pts',(0.000217283889074875,11.9192486939491,
-3.19951367669342));
#12054=CARTESIAN_POINT('Ctrl Pts',(0.000114225658221044,11.9128443091387,
-3.19983587069931));
#12055=CARTESIAN_POINT('Ctrl Pts',(4.21388835712676E-5,11.9064249372793,
-3.19999924249904));
#12056=CARTESIAN_POINT('Ctrl Pts',(2.32353861573387E-6,11.8999956296562,
-3.19999996279889));
#12057=CARTESIAN_POINT('',(-11.5090482706956,3.02519551480538,-3.2));
#12058=CARTESIAN_POINT('Origin',(1.11022302462516E-15,-1.11022302462516E-15,
-3.2));
#12059=CARTESIAN_POINT('Ctrl Pts',(-11.5090482706956,3.02519551480538,-3.2));
#12060=CARTESIAN_POINT('Ctrl Pts',(-11.5187233255589,3.02767524924981,-3.2));
#12061=CARTESIAN_POINT('Ctrl Pts',(-11.5285753652369,3.02815875672377,-3.19962602746653));
#12062=CARTESIAN_POINT('Ctrl Pts',(-11.5512935990477,3.02552190770472,-3.19808149722398));
#12063=CARTESIAN_POINT('Ctrl Pts',(-11.5637600172646,3.02134576709232,-3.19673792394595));
#12064=CARTESIAN_POINT('Ctrl Pts',(-11.5966828793886,3.00576788226762,-3.19237050830804));
#12065=CARTESIAN_POINT('Ctrl Pts',(-11.6168790283571,2.99040018220086,-3.18864540887784));
#12066=CARTESIAN_POINT('Ctrl Pts',(-11.6818425388305,2.93162911395092,-3.1750059278708));
#12067=CARTESIAN_POINT('Ctrl Pts',(-11.7245338875879,2.87131334885864,-3.16219773371725));
#12068=CARTESIAN_POINT('Ctrl Pts',(-11.8447408506183,2.68423576584004,-3.12314927439763));
#12069=CARTESIAN_POINT('Ctrl Pts',(-11.9421808418907,2.47056124968164,-3.08071331799431));
#12070=CARTESIAN_POINT('Ctrl Pts',(-12.1379362229748,1.85727641118271,-2.96312765129655));
#12071=CARTESIAN_POINT('Ctrl Pts',(-12.2228672262072,1.44358668272343,-2.88619789458048));
#12072=CARTESIAN_POINT('Ctrl Pts',(-12.2605046828008,0.984870390430628,
-2.80188092512638));
#12073=CARTESIAN_POINT('Ctrl Pts',(-12.260917978807,0.979753372731746,-2.80094046051313));
#12074=CARTESIAN_POINT('Ctrl Pts',(-12.2613247628743,0.974635859859931,
-2.8));
#12075=CARTESIAN_POINT('Ctrl Pts',(0.0782023373296356,12.2997513956355,
-2.79999999999998));
#12076=CARTESIAN_POINT('Ctrl Pts',(2.1857901015954,12.2863512638774,-3.59996481204133));
#12077=CARTESIAN_POINT('Ctrl Pts',(6.39148750610824,11.1529663496026,-5.20001215422872));
#12078=CARTESIAN_POINT('Ctrl Pts',(11.0513809524725,6.56788203429302,-7.60000794974388));
#12079=CARTESIAN_POINT('Ctrl Pts',(12.5507040864537,1.33303252951259,-9.60003661416837));
#12080=CARTESIAN_POINT('Ctrl Pts',(12.207618961157,-1.83704904016911,-10.7999845602312));
#12081=CARTESIAN_POINT('Ctrl Pts',(11.962391858168,-2.86202393973831,-11.1999999999978));
#12082=CARTESIAN_POINT('Ctrl Pts',(0.0398487242391481,12.2999952495226,
-2.89776434007157));
#12083=CARTESIAN_POINT('Ctrl Pts',(2.14762419712404,12.2931784296532,-3.69772915211292));
#12084=CARTESIAN_POINT('Ctrl Pts',(6.35664517510069,11.1729504811124,-5.29777649430029));
#12085=CARTESIAN_POINT('Ctrl Pts',(11.0309891260014,6.60238531894487,-7.69777228981546));
#12086=CARTESIAN_POINT('Ctrl Pts',(12.5465743482236,1.3721579794633,-9.69780095423995));
#12087=CARTESIAN_POINT('Ctrl Pts',(12.2133583296839,-1.79891036230827,-10.8977489003028));
#12088=CARTESIAN_POINT('Ctrl Pts',(11.9713163441442,-2.82472229564754,-11.2977643400694));
#12089=CARTESIAN_POINT('Ctrl Pts',(-0.0371055528759133,12.2132915914659,
-3.09250969696485));
#12090=CARTESIAN_POINT('Ctrl Pts',(2.0555923229525,12.2196227937848,-3.8924745090062));
#12091=CARTESIAN_POINT('Ctrl Pts',(6.24216738968892,11.1335181557164,-5.49252185119359));
#12092=CARTESIAN_POINT('Ctrl Pts',(10.9117239843573,6.62439584287093,-7.89251764670875));
#12093=CARTESIAN_POINT('Ctrl Pts',(12.4492832173457,1.4406796307438,-9.89254631113323));
#12094=CARTESIAN_POINT('Ctrl Pts',(12.1382264800108,-1.71017225186963,-11.0924942571961));
#12095=CARTESIAN_POINT('Ctrl Pts',(11.9042958429606,-2.73012981440398,-11.4925096969627));
#12096=CARTESIAN_POINT('Ctrl Pts',(-0.0699380472686425,12.0039113099087,
-3.17280393165944));
#12097=CARTESIAN_POINT('Ctrl Pts',(1.98699018549969,12.0159484486152,-3.9727687437008));
#12098=CARTESIAN_POINT('Ctrl Pts',(6.10462049259454,10.9598573398026,-5.57281608588817));
#12099=CARTESIAN_POINT('Ctrl Pts',(10.7066425909706,6.54086199538308,-7.97281188140334));
#12100=CARTESIAN_POINT('Ctrl Pts',(12.2320388688624,1.45011304046851,-9.97284054582783));
#12101=CARTESIAN_POINT('Ctrl Pts',(11.9348938011164,-1.64754428068001,-11.1727884918907));
#12102=CARTESIAN_POINT('Ctrl Pts',(11.7077934073975,-2.65072661666721,-11.5728039316573));
#12103=CARTESIAN_POINT('Ctrl Pts',(-0.070433762285031,11.8988947046303,
-3.17236555526483));
#12104=CARTESIAN_POINT('Ctrl Pts',(1.96846638139302,11.9109636750353,-3.97233036730618));
#12105=CARTESIAN_POINT('Ctrl Pts',(6.05024082899462,10.8645522519677,-5.57237770949356));
#12106=CARTESIAN_POINT('Ctrl Pts',(10.6123695833589,6.48458953664219,-7.97237350500872));
#12107=CARTESIAN_POINT('Ctrl Pts',(12.1248888017566,1.4385495356508,-9.97240216943321));
#12108=CARTESIAN_POINT('Ctrl Pts',(11.8306613298731,-1.63205243345079,-11.1723501154961));
#12109=CARTESIAN_POINT('Ctrl Pts',(11.6056182602283,-2.6264578627123,-11.5723655552627));
#12110=CARTESIAN_POINT('',(11.8796969633351,-0.679305649964321,-10.8));
#12111=CARTESIAN_POINT('',(1.24504097480108E-15,11.8991031639678,-3.2));
#12112=CARTESIAN_POINT('Ctrl Pts',(11.8806033310001,-0.679334955928543,
-10.8000588835447));
#12113=CARTESIAN_POINT('Ctrl Pts',(11.9015947655687,-0.316559947684699,
-10.6574980522964));
#12114=CARTESIAN_POINT('Ctrl Pts',(11.9302006516434,2.08806471617933,-9.71496287470296));
#12115=CARTESIAN_POINT('Ctrl Pts',(10.6123695833589,6.48458953664219,-7.97237350500872));
#12116=CARTESIAN_POINT('Ctrl Pts',(6.06775166424829,10.8477406252787,-5.58158962201237));
#12117=CARTESIAN_POINT('Ctrl Pts',(2.01543316414773,11.8988522353777,-3.99075476809882));
#12118=CARTESIAN_POINT('Ctrl Pts',(-1.12019465332153E-7,11.8990988047994,
-3.20000014898083));
#12119=CARTESIAN_POINT('',(9.28813895955186E-16,11.1,-3.2));
#12120=CARTESIAN_POINT('',(11.8805921795823,-0.679359597304012,-10.8));
#12121=CARTESIAN_POINT('Ctrl Pts',(11.9623918581682,-2.86202393973749,-11.1999999999975));
#12122=CARTESIAN_POINT('Ctrl Pts',(11.9635862139791,-2.8570318947623,-11.1990596717505));
#12123=CARTESIAN_POINT('Ctrl Pts',(11.9647742253354,-2.85203830886135,-11.198119339406));
#12124=CARTESIAN_POINT('Ctrl Pts',(12.0746476559596,-2.38758265224164,-11.1106849347634));
#12125=CARTESIAN_POINT('Ctrl Pts',(12.1209699632314,-1.95180714232991,-11.0308833569396));
#12126=CARTESIAN_POINT('Ctrl Pts',(12.1187560896296,-1.31522282466132,-10.9146560559268));
#12127=CARTESIAN_POINT('Ctrl Pts',(12.0915783825884,-1.09151828194674,-10.8739681798811));
#12128=CARTESIAN_POINT('Ctrl Pts',(12.0360493308798,-0.88659459950962,-10.8367683238824));
#12129=CARTESIAN_POINT('Ctrl Pts',(12.0143708805022,-0.817842947569442,
-10.8242888327939));
#12130=CARTESIAN_POINT('Ctrl Pts',(11.9709070267882,-0.743597888133007,
-10.810965999064));
#12131=CARTESIAN_POINT('Ctrl Pts',(11.9566182389808,-0.723389624783069,
-10.8073593128812));
#12132=CARTESIAN_POINT('Ctrl Pts',(11.9304034901566,-0.699125611318308,
-10.8031238271104));
#12133=CARTESIAN_POINT('Ctrl Pts',(11.9199066369023,-0.691521764202538,
-10.8018206126583));
#12134=CARTESIAN_POINT('Ctrl Pts',(11.8994559517152,-0.682405654032638,
-10.8003493617455));
#12135=CARTESIAN_POINT('Ctrl Pts',(11.8902262648195,-0.679969847386563,
-10.8));
#12136=CARTESIAN_POINT('Ctrl Pts',(11.8805921795823,-0.679359597304009,
-10.8));
#12137=CARTESIAN_POINT('Ctrl Pts',(11.8805923367207,-0.679356849266923,
-10.8));
#12138=CARTESIAN_POINT('Ctrl Pts',(11.8802938789255,-0.679339782832722,
-10.8));
#12139=CARTESIAN_POINT('Ctrl Pts',(11.8799954211303,-0.679322716398522,
-10.8));
#12140=CARTESIAN_POINT('Ctrl Pts',(11.8796969633351,-0.679305649964321,
-10.8));
#12141=CARTESIAN_POINT('Origin',(1.11022302462516E-15,-1.11022302462516E-15,
-11.2));
#12142=CARTESIAN_POINT('',(3.67730223306188,11.3175725439123,-10.8));
#12143=CARTESIAN_POINT('Origin',(1.11022302462516E-15,-1.11022302462516E-15,
-10.8));
#12144=CARTESIAN_POINT('Ctrl Pts',(3.67729919165456,11.3175747970123,-10.8000000148236));
#12145=CARTESIAN_POINT('Ctrl Pts',(3.68393588002977,11.3384391738912,-10.8000024699955));
#12146=CARTESIAN_POINT('Ctrl Pts',(3.69018195863375,11.3593075185823,-10.8018873803269));
#12147=CARTESIAN_POINT('Ctrl Pts',(3.6960187452643,11.3799787933733,-10.8055204981063));
#12148=CARTESIAN_POINT('Ctrl Pts',(3.70202292560431,11.401242901445,-10.8092578103853));
#12149=CARTESIAN_POINT('Ctrl Pts',(3.70759431237748,11.4222998032647,-10.8148453534159));
#12150=CARTESIAN_POINT('Ctrl Pts',(3.71269181193675,11.442932312372,-10.8221867195606));
#12151=CARTESIAN_POINT('Ctrl Pts',(3.71423248390253,11.4491682968966,-10.8244055793915));
#12152=CARTESIAN_POINT('Ctrl Pts',(3.71572970818347,11.455365447056,-10.8267849677354));
#12153=CARTESIAN_POINT('Ctrl Pts',(3.7171819226626,11.4615175023301,-10.8293230142136));
#12154=CARTESIAN_POINT('Ctrl Pts',(3.72197367178552,11.4818169180759,-10.8376975912204));
#12155=CARTESIAN_POINT('Ctrl Pts',(3.72623473098218,11.5014490215739,-10.8477227535022));
#12156=CARTESIAN_POINT('Ctrl Pts',(3.72992394741971,11.5202128767949,-10.8592744311959));
#12157=CARTESIAN_POINT('Ctrl Pts',(3.7335876518302,11.538846974386,-10.8707462256085));
#12158=CARTESIAN_POINT('Ctrl Pts',(3.73668756769052,11.5566260876814,-10.883724088921));
#12159=CARTESIAN_POINT('Ctrl Pts',(3.73915995098879,11.5733391219707,-10.8981284016261));
#12160=CARTESIAN_POINT('Ctrl Pts',(3.73993276021385,11.5785632258087,-10.9026308530652));
#12161=CARTESIAN_POINT('Ctrl Pts',(3.7406440731899,11.5836829865567,-10.9072729493872));
#12162=CARTESIAN_POINT('Ctrl Pts',(3.74129142537062,11.5886913598213,-10.9120529710308));
#12163=CARTESIAN_POINT('Ctrl Pts',(3.74151103618938,11.5903904240804,-10.9136745682048));
#12164=CARTESIAN_POINT('Ctrl Pts',(3.74172309355444,11.5920752260597,-10.915310664472));
#12165=CARTESIAN_POINT('Ctrl Pts',(3.74192753795879,11.5937455477365,-10.9169611243035));
#12166=CARTESIAN_POINT('Ctrl Pts',(3.74382821598779,11.6092741885059,-10.932305113538));
#12167=CARTESIAN_POINT('Ctrl Pts',(3.74507302917749,11.6235533629688,-10.948887242988));
#12168=CARTESIAN_POINT('Ctrl Pts',(3.74570099072947,11.6365264837783,-10.9664761179289));
#12169=CARTESIAN_POINT('Ctrl Pts',(3.74634866892127,11.649906932631,-10.9846172456483));
#12170=CARTESIAN_POINT('Ctrl Pts',(3.74633998170923,11.6618988694678,-11.0038304036117));
#12171=CARTESIAN_POINT('Ctrl Pts',(3.74569184058981,11.672406236901,-11.0238949903448));
#12172=CARTESIAN_POINT('Ctrl Pts',(3.74553082115257,11.6750166103833,-11.0288796894596));
#12173=CARTESIAN_POINT('Ctrl Pts',(3.74533022098082,11.6775351629151,-11.0339170486762));
#12174=CARTESIAN_POINT('Ctrl Pts',(3.74509008115221,11.6799600128249,-11.0390038676026));
#12175=CARTESIAN_POINT('Ctrl Pts',(3.74412089821588,11.6897464908504,-11.0595338152259));
#12176=CARTESIAN_POINT('Ctrl Pts',(3.74251565440298,11.6979527768308,-11.0807483655875));
#12177=CARTESIAN_POINT('Ctrl Pts',(3.74028743832572,11.7044821833015,-11.1024244517011));
#12178=CARTESIAN_POINT('Ctrl Pts',(3.73981142339885,11.7058770637063,-11.1070551249341));
#12179=CARTESIAN_POINT('Ctrl Pts',(3.73930689628408,11.7071952566609,-11.1117069267106));
#12180=CARTESIAN_POINT('Ctrl Pts',(3.73877385767924,11.708435550012,-11.1163777667085));
#12181=CARTESIAN_POINT('Ctrl Pts',(3.7362968835771,11.7141990622266,-11.1380826668885));
#12182=CARTESIAN_POINT('Ctrl Pts',(3.73321513925487,11.7182624264544,-11.160116294806));
#12183=CARTESIAN_POINT('Ctrl Pts',(3.72953154750756,11.7205139125076,-11.1822669724653));
#12184=CARTESIAN_POINT('Ctrl Pts',(3.7287063127836,11.7210183127232,-11.1872293867657));
#12185=CARTESIAN_POINT('Ctrl Pts',(3.72785079695777,11.7214315856759,-11.1921977030532));
#12186=CARTESIAN_POINT('Ctrl Pts',(3.72696490923163,11.721752131865,-11.1971695640677));
#12187=CARTESIAN_POINT('Ctrl Pts',(3.72679680796829,11.7218129569761,-11.1981129975221));
#12188=CARTESIAN_POINT('Ctrl Pts',(3.72662762675586,11.7218704379215,-11.1990564815532));
#12189=CARTESIAN_POINT('Ctrl Pts',(3.72645736533142,11.7219245648642,-11.2));
#12190=CARTESIAN_POINT('Ctrl Pts',(-11.8492189866125,1.08842340752612,-2.42763444473515));
#12191=CARTESIAN_POINT('Ctrl Pts',(-11.6626999883978,3.11897920017671,-3.22766532426859));
#12192=CARTESIAN_POINT('Ctrl Pts',(-10.2239017685676,7.07919680948717,-4.82758993986866));
#12193=CARTESIAN_POINT('Ctrl Pts',(-5.42055347057521,11.1933062097602,-7.22764267948338));
#12194=CARTESIAN_POINT('Ctrl Pts',(-0.251306994540439,12.2073555051576,
-9.22761783552334));
#12195=CARTESIAN_POINT('Ctrl Pts',(2.7762572912167,11.6155226496141,-10.4276520387144));
#12196=CARTESIAN_POINT('Ctrl Pts',(3.74394716659714,11.2947561160247,-10.8276344447352));
#12197=CARTESIAN_POINT('Ctrl Pts',(-11.9538927835356,1.09691630781295,-2.42719606834054));
#12198=CARTESIAN_POINT('Ctrl Pts',(-11.7658626215818,3.14543826533593,-3.22722694787397));
#12199=CARTESIAN_POINT('Ctrl Pts',(-10.3148287426095,7.14072320376888,-4.82715156347404));
#12200=CARTESIAN_POINT('Ctrl Pts',(-5.46941381419555,11.2916119617079,-7.22720430308877));
#12201=CARTESIAN_POINT('Ctrl Pts',(-0.254658431531895,12.3150647224047,
-9.22717945912872));
#12202=CARTESIAN_POINT('Ctrl Pts',(2.799659969872,11.7183229168281,-10.4272136623198));
#12203=CARTESIAN_POINT('Ctrl Pts',(3.77592762932317,11.3947860271584,-10.8271960683405));
#12204=CARTESIAN_POINT('Ctrl Pts',(-12.1653124532687,1.08212096455034,-2.50749241868402));
#12205=CARTESIAN_POINT('Ctrl Pts',(-11.9799065259964,3.16677262164356,-3.30752329821745));
#12206=CARTESIAN_POINT('Ctrl Pts',(-10.5147530686615,7.23590101879947,-4.90744791381752));
#12207=CARTESIAN_POINT('Ctrl Pts',(-5.59678671359148,11.4727780262602,-7.30750065343224));
#12208=CARTESIAN_POINT('Ctrl Pts',(-0.294055796991405,12.5289329706197,
-9.3074758094722));
#12209=CARTESIAN_POINT('Ctrl Pts',(2.81524390926853,11.9304126718488,-10.5075100126632));
#12210=CARTESIAN_POINT('Ctrl Pts',(3.80940266043491,11.6040624023764,-10.907492418684));
#12211=CARTESIAN_POINT('Ctrl Pts',(-12.2582856114744,1.01286964937367,-2.70223565992842));
#12212=CARTESIAN_POINT('Ctrl Pts',(-12.0846901857356,3.11367007053366,-3.50226653946185));
#12213=CARTESIAN_POINT('Ctrl Pts',(-10.635057948639,7.22058935039139,-5.10219115506193));
#12214=CARTESIAN_POINT('Ctrl Pts',(-5.70896452160589,11.5187724684761,-7.50224389467664));
#12215=CARTESIAN_POINT('Ctrl Pts',(-0.375320905568532,12.6158152096417,
-9.50221905071661));
#12216=CARTESIAN_POINT('Ctrl Pts',(2.75964911819884,12.0327321956975,-10.7022532539076));
#12217=CARTESIAN_POINT('Ctrl Pts',(3.76300917397986,11.710304565452,-11.1022356599284));
#12218=CARTESIAN_POINT('Ctrl Pts',(-12.2613247628743,0.974635859859931,
-2.8));
#12219=CARTESIAN_POINT('Ctrl Pts',(-12.0943051058657,3.07581265901893,-3.60003087953343));
#12220=CARTESIAN_POINT('Ctrl Pts',(-10.6574012944731,7.18740597980976,-5.19995549513351));
#12221=CARTESIAN_POINT('Ctrl Pts',(-5.74480625744178,11.5007619449471,-7.60000823474822));
#12222=CARTESIAN_POINT('Ctrl Pts',(-0.414672449388741,12.6144975564903,
-9.59998339078819));
#12223=CARTESIAN_POINT('Ctrl Pts',(2.72216939267667,12.0411926416979,-10.8000175939792));
#12224=CARTESIAN_POINT('Ctrl Pts',(3.72645736533142,11.7219245648642,-11.2));
#12225=CARTESIAN_POINT('',(-11.5081801988055,3.02497018474033,-3.2));
#12226=CARTESIAN_POINT('Ctrl Pts',(-11.5081801988055,3.02497018474034,-3.2));
#12227=CARTESIAN_POINT('Ctrl Pts',(-11.5084693228548,3.02504618212772,-3.2));
#12228=CARTESIAN_POINT('Ctrl Pts',(-11.508758446904,3.02512217951511,-3.2));
#12229=CARTESIAN_POINT('Ctrl Pts',(-11.5090475709533,3.02519817690249,-3.2));
#12230=CARTESIAN_POINT('',(3.67702509548675,11.3167196021598,-10.8));
#12231=CARTESIAN_POINT('Ctrl Pts',(-11.5081772223359,3.02498203708226,-3.19996884831482));
#12232=CARTESIAN_POINT('Ctrl Pts',(-11.1555016503412,4.36242203218158,-3.74252454460895));
#12233=CARTESIAN_POINT('Ctrl Pts',(-9.70993960811439,7.52147631254557,-5.08503414242756));
#12234=CARTESIAN_POINT('Ctrl Pts',(-5.42127853909836,11.1947622820136,-7.22763915277165));
#12235=CARTESIAN_POINT('Ctrl Pts',(-0.275169962607192,12.2042801718282,
-9.21840263293513));
#12236=CARTESIAN_POINT('Ctrl Pts',(2.73011032355999,11.6260628948044,-10.4092244091652));
#12237=CARTESIAN_POINT('Ctrl Pts',(3.67748933665552,11.3182060954682,-10.7999967169359));
#12238=CARTESIAN_POINT('',(3.43008863756192,10.5567273308762,-10.8));
#12239=CARTESIAN_POINT('Origin',(0.,0.,-3.2));
#12240=CARTESIAN_POINT('',(5.6141985621098E-16,9.1,-3.2));
#12241=CARTESIAN_POINT('',(9.28813895955186E-16,11.1,-3.2));
#12242=CARTESIAN_POINT('',(-8.80103637778781,2.31338684116073,-3.2));
#12243=CARTESIAN_POINT('Origin',(1.11022302462516E-15,1.11022302462516E-15,
-3.2));
#12244=CARTESIAN_POINT('Ctrl Pts',(-8.80103637778781,2.31338684116073,-3.2));
#12245=CARTESIAN_POINT('Ctrl Pts',(-9.44580094758911,2.48286573062305,-3.2));
#12246=CARTESIAN_POINT('Ctrl Pts',(-10.0905655173904,2.65234462008538,-3.2));
#12247=CARTESIAN_POINT('Ctrl Pts',(-10.7353300871917,2.8218235095477,-3.2));
#12248=CARTESIAN_POINT('Ctrl Pts',(-10.9287594581321,2.8726671763864,-3.2));
#12249=CARTESIAN_POINT('Ctrl Pts',(-11.1221888290725,2.9235108432251,-3.2));
#12250=CARTESIAN_POINT('Ctrl Pts',(-11.3798055329438,2.99122640162264,-3.2));
#12251=CARTESIAN_POINT('Ctrl Pts',(-11.4439928658747,3.00809829318149,-3.2));
#12252=CARTESIAN_POINT('Ctrl Pts',(-11.5081801988055,3.02497018474034,-3.2));
#12253=CARTESIAN_POINT('Ctrl Pts',(5.61083234388437E-16,9.09816751614818,
-3.2));
#12254=CARTESIAN_POINT('Ctrl Pts',(1.2342545190167,9.09816751614818,-3.83333333333333));
#12255=CARTESIAN_POINT('Ctrl Pts',(3.70193082773084,8.58860129432383,-5.1));
#12256=CARTESIAN_POINT('Ctrl Pts',(6.80034320324509,6.42259428010857,-7.));
#12257=CARTESIAN_POINT('Ctrl Pts',(8.78593300704431,3.2055803284108,-8.9));
#12258=CARTESIAN_POINT('Ctrl Pts',(9.15379147325939,0.712838013640322,-10.1666666666667));
#12259=CARTESIAN_POINT('Ctrl Pts',(9.08332935046673,-0.519403564527164,
-10.8));
#12260=CARTESIAN_POINT('Ctrl Pts',(7.32591078174436E-16,10.031812732088,
-3.2));
#12261=CARTESIAN_POINT('Ctrl Pts',(1.36091253282957,10.031812732088,-3.83333333333333));
#12262=CARTESIAN_POINT('Ctrl Pts',(4.08181941528616,9.46995531378194,-5.1));
#12263=CARTESIAN_POINT('Ctrl Pts',(7.49818789418863,7.08167473921236,-7.));
#12264=CARTESIAN_POINT('Ctrl Pts',(9.68753701741627,3.53453390424019,-8.9));
#12265=CARTESIAN_POINT('Ctrl Pts',(10.093144766277,0.785988766250023,-10.1666666666667));
#12266=CARTESIAN_POINT('Ctrl Pts',(10.0154518880895,-0.572704259672883,
-10.8));
#12267=CARTESIAN_POINT('Ctrl Pts',(9.04098921960436E-16,10.9654579480279,
-3.2));
#12268=CARTESIAN_POINT('Ctrl Pts',(1.48757054664244,10.9654579480279,-3.83333333333333));
#12269=CARTESIAN_POINT('Ctrl Pts',(4.46170800284148,10.3513093332401,-5.1));
#12270=CARTESIAN_POINT('Ctrl Pts',(8.19603258513217,7.74075519831615,-7.));
#12271=CARTESIAN_POINT('Ctrl Pts',(10.5891410277882,3.86348748006957,-8.9));
#12272=CARTESIAN_POINT('Ctrl Pts',(11.0324980592946,0.859139518859721,-10.1666666666667));
#12273=CARTESIAN_POINT('Ctrl Pts',(10.9475744257123,-0.626004954818602,
-10.8));
#12274=CARTESIAN_POINT('Ctrl Pts',(1.07560676574644E-15,11.8991031639678,
-3.2));
#12275=CARTESIAN_POINT('Ctrl Pts',(1.61422856045531,11.8991031639678,-3.83333333333333));
#12276=CARTESIAN_POINT('Ctrl Pts',(4.8415965903968,11.2326633526982,-5.1));
#12277=CARTESIAN_POINT('Ctrl Pts',(8.8938772760757,8.39983565741993,-7.));
#12278=CARTESIAN_POINT('Ctrl Pts',(11.4907450381602,4.19244105589896,-8.9));
#12279=CARTESIAN_POINT('Ctrl Pts',(11.9718513523123,0.932290271469423,-10.1666666666667));
#12280=CARTESIAN_POINT('Ctrl Pts',(11.8796969633352,-0.679305649964322,
-10.8));
#12281=CARTESIAN_POINT('',(9.08515884572784,-0.51950817885119,-10.8));
#12282=CARTESIAN_POINT('Ctrl Pts',(11.8796969633351,-0.679305649964321,
-10.8));
#12283=CARTESIAN_POINT('Ctrl Pts',(11.4140898392982,-0.652681271329236,
-10.8));
#12284=CARTESIAN_POINT('Ctrl Pts',(10.9484827152613,-0.62605689269415,-10.8));
#12285=CARTESIAN_POINT('Ctrl Pts',(10.0169700093922,-0.572791068989773,
-10.8));
#12286=CARTESIAN_POINT('Ctrl Pts',(9.55106442756003,-0.546149623920482,
-10.8));
#12287=CARTESIAN_POINT('Ctrl Pts',(9.08515884572784,-0.51950817885119,-10.8));
#12288=CARTESIAN_POINT('',(9.0833288834677,-0.519411731406042,-10.8000041975183));
#12289=CARTESIAN_POINT('Ctrl Pts',(9.08515884572784,-0.51950817885119,-10.8));
#12290=CARTESIAN_POINT('Ctrl Pts',(9.08454901397413,-0.519473307409848,
-10.8));
#12291=CARTESIAN_POINT('Ctrl Pts',(9.08393918222043,-0.519438435968506,
-10.8));
#12292=CARTESIAN_POINT('Ctrl Pts',(9.08332935046673,-0.519403564527164,
-10.8));
#12293=CARTESIAN_POINT('',(5.57594100732654E-16,9.09816751615186,-3.2));
#12294=CARTESIAN_POINT('Ctrl Pts',(-1.19928426224256E-6,9.09814736004088,
-3.20000231867341));
#12295=CARTESIAN_POINT('Ctrl Pts',(2.30953369239575,9.09707647289265,-4.38525069772814));
#12296=CARTESIAN_POINT('Ctrl Pts',(6.15812793667758,7.55241734281927,-6.37058146542928));
#12297=CARTESIAN_POINT('Ctrl Pts',(8.83002331716144,3.19309258614075,-8.90388444425275));
#12298=CARTESIAN_POINT('Ctrl Pts',(9.14179153137918,0.54618770736163,-10.2518224230416));
#12299=CARTESIAN_POINT('Ctrl Pts',(9.08198884956181,-0.519441206886451,
-10.7998006355163));
#12300=CARTESIAN_POINT('',(9.28813895955186E-16,11.1,-3.2));
#12301=CARTESIAN_POINT('Origin',(1.11022302462516E-15,-1.11022302462516E-15,
-11.6));
#12302=CARTESIAN_POINT('',(11.9,-2.56755271561051E-15,-12.));
#12303=CARTESIAN_POINT('Origin',(1.11022302462516E-15,-1.11022302462516E-15,
-12.));
#12304=CARTESIAN_POINT('Origin',(11.9,-2.56755271561051E-15,-11.6));
#12305=CARTESIAN_POINT('Origin',(0.,0.,-12.));
#12306=CARTESIAN_POINT('',(-9.1,3.38591937323878E-15,-12.));
#12307=CARTESIAN_POINT('Origin',(1.11022302462516E-15,1.11022302462516E-15,
-12.));
#12308=CARTESIAN_POINT('Origin',(1.11022302462516E-15,1.11022302462516E-15,
-2.4));
#12309=CARTESIAN_POINT('',(-8.7,3.28588876450851E-15,-2.4));
#12310=CARTESIAN_POINT('',(2.70838709751245E-15,8.7,-2.4));
#12311=CARTESIAN_POINT('Origin',(1.11022302462516E-15,1.11022302462516E-15,
-2.4));
#12312=CARTESIAN_POINT('Origin',(1.11022302462516E-15,1.11022302462516E-15,
-2.4));
#12313=CARTESIAN_POINT('Origin',(-9.1,-4.205562598935E-18,-2.4));
#12314=CARTESIAN_POINT('Origin',(1.11022302462516E-15,1.11022302462516E-15,
-2.));
#12315=CARTESIAN_POINT('',(-8.7,1.15500333399212E-15,-11.6));
#12316=CARTESIAN_POINT('',(2.70838709751245E-15,8.7,-11.6));
#12317=CARTESIAN_POINT('Origin',(1.11022302462516E-15,1.11022302462516E-15,
-11.6));
#12318=CARTESIAN_POINT('Origin',(1.11022302462516E-15,1.11022302462516E-15,
-11.6));
#12319=CARTESIAN_POINT('',(2.70838709751245E-15,8.7,-11.2));
#12320=CARTESIAN_POINT('',(2.70838709751245E-15,8.7,-2.));
#12321=CARTESIAN_POINT('',(-8.30227276822634,2.60043590229932,-11.2));
#12322=CARTESIAN_POINT('Origin',(1.11022302462516E-15,1.11022302462516E-15,
-11.2));
#12323=CARTESIAN_POINT('',(-0.652417613790106,-8.67550293972726,-2.8));
#12324=CARTESIAN_POINT('Ctrl Pts',(-0.652417613790106,-8.67550293972726,
-2.8));
#12325=CARTESIAN_POINT('Ctrl Pts',(-2.13910706170675,-8.5637005014369,-3.60003161003144));
#12326=CARTESIAN_POINT('Ctrl Pts',(-5.04657541049263,-7.55948145396012,
-5.19997202388176));
#12327=CARTESIAN_POINT('Ctrl Pts',(-8.63763289379057,-3.52118650460517,
-8.00000820757101));
#12328=CARTESIAN_POINT('Ctrl Pts',(-8.97066128946187,0.466507581458107,
-10.0000466059002));
#12329=CARTESIAN_POINT('Ctrl Pts',(-8.30227276822634,2.60043590229932,-11.2000000000021));
#12330=CARTESIAN_POINT('',(-8.69950950287467,0.0923818672320609,-2.8));
#12331=CARTESIAN_POINT('Origin',(1.11022302462516E-15,1.11022302462516E-15,
-2.8));
#12332=CARTESIAN_POINT('',(0.000159990251510228,8.69819708181277,-10.0834481070166));
#12333=CARTESIAN_POINT('Ctrl Pts',(0.000159990251510256,8.69819708181277,
-10.0834481070166));
#12334=CARTESIAN_POINT('Ctrl Pts',(-0.796647712287741,8.69787052033594,
-9.65563213736026));
#12335=CARTESIAN_POINT('Ctrl Pts',(-3.08340872298043,8.38596931965433,-8.4278433428147));
#12336=CARTESIAN_POINT('Ctrl Pts',(-7.1267670184007,6.01802159884416,-5.99999179750955));
#12337=CARTESIAN_POINT('Ctrl Pts',(-8.67576464549381,2.32841171398064,-3.99995339410101));
#12338=CARTESIAN_POINT('Ctrl Pts',(-8.69950950287467,0.0923818672320613,
-2.79999999999974));
#12339=CARTESIAN_POINT('',(4.98583633596478E-5,8.69193933984246,-9.78284935711166));
#12340=CARTESIAN_POINT('',(2.70838709751245E-15,8.7,-2.));
#12341=CARTESIAN_POINT('',(-8.67550293972726,0.652417613790106,-2.8));
#12342=CARTESIAN_POINT('Ctrl Pts',(-8.67550293972726,0.652417613790106,
-2.8));
#12343=CARTESIAN_POINT('Ctrl Pts',(-8.5637005014369,2.13910706170675,-3.60003161003144));
#12344=CARTESIAN_POINT('Ctrl Pts',(-7.55948145396012,5.04657541049263,-5.19997202388177));
#12345=CARTESIAN_POINT('Ctrl Pts',(-4.20249389410723,8.03177967351295,-7.52760949307757));
#12346=CARTESIAN_POINT('Ctrl Pts',(-1.35570367620496,8.68882006391399,-9.05524394735233));
#12347=CARTESIAN_POINT('Ctrl Pts',(4.98583633595784E-5,8.69193933984246,
-9.78284935711166));
#12348=CARTESIAN_POINT('',(2.70838709751245E-15,8.7,-2.8));
#12349=CARTESIAN_POINT('Origin',(1.11022302462516E-15,1.11022302462516E-15,
-2.8));
#12350=CARTESIAN_POINT('',(2.70838709751245E-15,8.7,-2.));
#12351=CARTESIAN_POINT('',(0.0923818672462856,8.69950950287452,-2.8));
#12352=CARTESIAN_POINT('Origin',(1.11022302462516E-15,1.11022302462516E-15,
-2.8));
#12353=CARTESIAN_POINT('',(8.4525017330572,-2.06039182018011,-11.1999999999975));
#12354=CARTESIAN_POINT('Ctrl Pts',(8.4525017330572,-2.06039182018011,-11.1999999999975));
#12355=CARTESIAN_POINT('Ctrl Pts',(8.80558360034639,-0.611917279589044,
-10.399968389967));
#12356=CARTESIAN_POINT('Ctrl Pts',(8.74897080730701,2.46357025971626,-8.8000279628566));
#12357=CARTESIAN_POINT('Ctrl Pts',(6.01802159884914,7.12676701839527,-5.99999179751326));
#12358=CARTESIAN_POINT('Ctrl Pts',(2.32841171399017,8.67576464549084,-3.99995339410614));
#12359=CARTESIAN_POINT('Ctrl Pts',(0.092381867243216,8.69950950287455,-2.80000000000572));
#12360=CARTESIAN_POINT('',(2.60043590229932,8.30227276822635,-11.2));
#12361=CARTESIAN_POINT('Origin',(1.11022302462516E-15,1.11022302462516E-15,
-11.2));
#12362=CARTESIAN_POINT('Ctrl Pts',(4.98583633595784E-5,8.69193933984246,
-9.78284935711166));
#12363=CARTESIAN_POINT('Ctrl Pts',(0.880260751289162,8.69396450192411,-10.2552406812662));
#12364=CARTESIAN_POINT('Ctrl Pts',(1.76039259497697,8.56539093319529,-10.72762573702));
#12365=CARTESIAN_POINT('Ctrl Pts',(2.60043590229933,8.30227276822634,-11.2000000000021));
#12366=CARTESIAN_POINT('',(2.0603918201801,8.4525017330572,-11.1999999999975));
#12367=CARTESIAN_POINT('Ctrl Pts',(2.0603918201801,8.4525017330572,-11.1999999999975));
#12368=CARTESIAN_POINT('Ctrl Pts',(1.38652559080736,8.61676416218693,-10.8278054813349));
#12369=CARTESIAN_POINT('Ctrl Pts',(0.693338457701795,8.69848117216897,-10.4556242509622));
#12370=CARTESIAN_POINT('Ctrl Pts',(0.000159990251510256,8.69819708181277,
-10.0834481070166));
#12371=CARTESIAN_POINT('Origin',(1.11022302462516E-15,1.11022302462516E-15,
-11.2));
#12372=CARTESIAN_POINT('',(8.67550293972726,-0.652417613790109,-2.8));
#12373=CARTESIAN_POINT('',(-2.60043590229932,-8.30227276822634,-11.2));
#12374=CARTESIAN_POINT('Ctrl Pts',(8.67550293972726,-0.652417613790108,
-2.8));
#12375=CARTESIAN_POINT('Ctrl Pts',(8.50779928229172,-2.88245178566508,-4.00004741504717));
#12376=CARTESIAN_POINT('Ctrl Pts',(6.72444538106526,-6.46437881779875,-5.99994502374832));
#12377=CARTESIAN_POINT('Ctrl Pts',(1.89503750801942,-8.8895088269596,-8.80005010685356));
#12378=CARTESIAN_POINT('Ctrl Pts',(-1.17781702173851,-8.7478651157167,-10.4000310706008));
#12379=CARTESIAN_POINT('Ctrl Pts',(-2.60043590229932,-8.30227276822634,
-11.2000000000021));
#12380=CARTESIAN_POINT('',(-0.0923818672325527,-8.69950950287467,-2.8));
#12381=CARTESIAN_POINT('Origin',(1.11022302462516E-15,1.11022302462516E-15,
-2.8));
#12382=CARTESIAN_POINT('',(-8.4525017330572,2.06039182018011,-11.1999999999975));
#12383=CARTESIAN_POINT('Ctrl Pts',(-8.4525017330572,2.06039182018011,-11.1999999999975));
#12384=CARTESIAN_POINT('Ctrl Pts',(-8.80558360034663,0.611917279588058,
-10.3999683899664));
#12385=CARTESIAN_POINT('Ctrl Pts',(-8.74897080730668,-2.46357025971945,
-8.80002796285497));
#12386=CARTESIAN_POINT('Ctrl Pts',(-6.01802159884438,-7.12676701840046,
-5.99999179750972));
#12387=CARTESIAN_POINT('Ctrl Pts',(-2.32841171398106,-8.67576464549368,
-3.99995339410124));
#12388=CARTESIAN_POINT('Ctrl Pts',(-0.0923818672325517,-8.69950950287467,
-2.8));
#12389=CARTESIAN_POINT('Origin',(1.11022302462516E-15,1.11022302462516E-15,
-11.2));
#12390=CARTESIAN_POINT('',(-2.06039182018011,-8.45250173305719,-11.1999999999975));
#12391=CARTESIAN_POINT('',(8.69950950287452,-0.0923818672462845,-2.8));
#12392=CARTESIAN_POINT('Ctrl Pts',(-2.06039182018011,-8.45250173305719,
-11.1999999999975));
#12393=CARTESIAN_POINT('Ctrl Pts',(0.11231999070648,-8.98212453399098,-9.99995258495176));
#12394=CARTESIAN_POINT('Ctrl Pts',(4.07002149271274,-8.3929267987645,-8.0000549670515));
#12395=CARTESIAN_POINT('Ctrl Pts',(7.86882565432852,-4.54929688794827,-5.19994988791098));
#12396=CARTESIAN_POINT('Ctrl Pts',(8.68367959795208,-1.58306843174118,-3.599968929406));
#12397=CARTESIAN_POINT('Ctrl Pts',(8.69950950287455,-0.0923818672432141,
-2.80000000000572));
#12398=CARTESIAN_POINT('',(8.30227276822635,-2.60043590229932,-11.2));
#12399=CARTESIAN_POINT('Origin',(1.11022302462516E-15,1.11022302462516E-15,
-11.2));
#12400=CARTESIAN_POINT('',(0.652417613794846,8.67550293972691,-2.80000000000255));
#12401=CARTESIAN_POINT('Ctrl Pts',(0.652417613794846,8.67550293972691,-2.80000000000255));
#12402=CARTESIAN_POINT('Ctrl Pts',(2.88245178566905,8.5077992822902,-4.00004741504935));
#12403=CARTESIAN_POINT('Ctrl Pts',(6.46437881780072,6.72444538106283,-5.9999450237499));
#12404=CARTESIAN_POINT('Ctrl Pts',(8.88950882695966,1.89503750801799,-8.80005010685429));
#12405=CARTESIAN_POINT('Ctrl Pts',(8.74786511571656,-1.17781702173894,-10.4000310706011));
#12406=CARTESIAN_POINT('Ctrl Pts',(8.30227276822634,-2.60043590229932,-11.2000000000021));
#12407=CARTESIAN_POINT('Origin',(1.11022302462516E-15,1.11022302462516E-15,
-2.8));
#12408=CARTESIAN_POINT('Ctrl Pts',(-8.67550293972726,0.652417613790106,
-2.8));
#12409=CARTESIAN_POINT('Ctrl Pts',(-8.5637005014369,2.13910706170675,-3.60003161003144));
#12410=CARTESIAN_POINT('Ctrl Pts',(-7.55948145396012,5.04657541049263,-5.19997202388177));
#12411=CARTESIAN_POINT('Ctrl Pts',(-3.52118650460517,8.63763289379057,-8.000008207571));
#12412=CARTESIAN_POINT('Ctrl Pts',(0.46650758145811,8.97066128946187,-10.0000466059002));
#12413=CARTESIAN_POINT('Ctrl Pts',(2.60043590229933,8.30227276822634,-11.2000000000021));
#12414=CARTESIAN_POINT('Ctrl Pts',(-8.67193925483756,0.699805602837894,
-2.70736977605949));
#12415=CARTESIAN_POINT('Ctrl Pts',(-8.55201206779867,2.18574285220401,-3.50740138609093));
#12416=CARTESIAN_POINT('Ctrl Pts',(-7.53176575554192,5.08791459164281,-5.10734179994126));
#12417=CARTESIAN_POINT('Ctrl Pts',(-3.47413494563266,8.65671570417916,-7.9073779836305));
#12418=CARTESIAN_POINT('Ctrl Pts',(0.515715901553896,8.96807092892506,-9.9074163819597));
#12419=CARTESIAN_POINT('Ctrl Pts',(2.64578520524416,8.28806847034139,-11.1073697760616));
#12420=CARTESIAN_POINT('Ctrl Pts',(-8.7501903923663,0.800642040756623,-2.52280945611766));
#12421=CARTESIAN_POINT('Ctrl Pts',(-8.61301566987662,2.30020827421457,-3.3228410661491));
#12422=CARTESIAN_POINT('Ctrl Pts',(-7.55143890577576,5.21973465113271,-4.92278147999942));
#12423=CARTESIAN_POINT('Ctrl Pts',(-3.41459784986028,8.78027536497042,-7.72281766368866));
#12424=CARTESIAN_POINT('Ctrl Pts',(0.617604101577927,9.0512763439657,-9.72285606201787));
#12425=CARTESIAN_POINT('Ctrl Pts',(2.76172472713669,8.34144688358131,-10.9228094561198));
#12426=CARTESIAN_POINT('Ctrl Pts',(-8.95325197082075,0.855961076818366,
-2.44496641507673));
#12427=CARTESIAN_POINT('Ctrl Pts',(-8.80650757702118,2.3902092888208,-3.24499802510817));
#12428=CARTESIAN_POINT('Ctrl Pts',(-7.70772618806507,5.37442985095909,-4.8449384389585));
#12429=CARTESIAN_POINT('Ctrl Pts',(-3.4585983193601,9.00139010869258,-7.64497462264774));
#12430=CARTESIAN_POINT('Ctrl Pts',(0.670062267088833,9.26229363470758,-9.64501302097694));
#12431=CARTESIAN_POINT('Ctrl Pts',(2.86159891860297,8.52670169802392,-10.8449664150788));
#12432=CARTESIAN_POINT('Ctrl Pts',(-9.05703080009848,0.864202081707945,
-2.44411778358448));
#12433=CARTESIAN_POINT('Ctrl Pts',(-8.90893562628908,2.41627257416354,-3.24414939361592));
#12434=CARTESIAN_POINT('Ctrl Pts',(-7.79795280084231,5.43511852924405,-4.84408980746624));
#12435=CARTESIAN_POINT('Ctrl Pts',(-3.50032861928109,9.10502231050795,-7.64412599115549));
#12436=CARTESIAN_POINT('Ctrl Pts',(0.676016928167759,9.36953680827074,-9.64416438948469));
#12437=CARTESIAN_POINT('Ctrl Pts',(2.89313132493168,8.62591695349891,-10.8441177835866));
#12438=CARTESIAN_POINT('',(2.81148838016103,8.65287150258111,-10.8));
#12439=CARTESIAN_POINT('Ctrl Pts',(2.60043590229932,8.30227276822634,-11.2000000000021));
#12440=CARTESIAN_POINT('Ctrl Pts',(2.60065279292034,8.3022048337976,-11.1990566826148));
#12441=CARTESIAN_POINT('Ctrl Pts',(2.60087071662075,8.30214024623221,-11.1981133959168));
#12442=CARTESIAN_POINT('Ctrl Pts',(2.60108966725829,8.30207899785307,-11.1971701562681));
#12443=CARTESIAN_POINT('Ctrl Pts',(2.60622922019973,8.30064127978702,-11.1750289551031));
#12444=CARTESIAN_POINT('Ctrl Pts',(2.61191815452978,8.3010434796469,-11.152979688253));
#12445=CARTESIAN_POINT('Ctrl Pts',(2.61807538476269,8.30318042806845,-11.1312312488695));
#12446=CARTESIAN_POINT('Ctrl Pts',(2.62433653834036,8.30535344446525,-11.1091157336291));
#12447=CARTESIAN_POINT('Ctrl Pts',(2.63108265566826,8.30932048858423,-11.0873100225239));
#12448=CARTESIAN_POINT('Ctrl Pts',(2.6382402890154,8.31502095029268,-11.0660440156901));
#12449=CARTESIAN_POINT('Ctrl Pts',(2.63938713613214,8.315934318966,-11.0626366242467));
#12450=CARTESIAN_POINT('Ctrl Pts',(2.64054455866015,8.31689228766062,-11.0592431332247));
#12451=CARTESIAN_POINT('Ctrl Pts',(2.64171226221602,8.31789471783014,-11.0558645469587));
#12452=CARTESIAN_POINT('Ctrl Pts',(2.64893548295301,8.32409558478087,-11.0349651720655));
#12453=CARTESIAN_POINT('Ctrl Pts',(2.65650606436744,8.33195420564843,-11.0147679767606));
#12454=CARTESIAN_POINT('Ctrl Pts',(2.66434414683843,8.34140252245818,-10.995493472509));
#12455=CARTESIAN_POINT('Ctrl Pts',(2.67192181594766,8.3505369272936,-10.9768593466237));
#12456=CARTESIAN_POINT('Ctrl Pts',(2.67975020622435,8.36115768621315,-10.9590866347568));
#12457=CARTESIAN_POINT('Ctrl Pts',(2.68775704697631,8.37324279280253,-10.9424020582131));
#12458=CARTESIAN_POINT('Ctrl Pts',(2.68925586614359,8.37550503204968,-10.9392788334736));
#12459=CARTESIAN_POINT('Ctrl Pts',(2.6907609213427,8.37781868566848,-10.9361938416181));
#12460=CARTESIAN_POINT('Ctrl Pts',(2.6922717080922,8.38018374782079,-10.9331487243984));
#12461=CARTESIAN_POINT('Ctrl Pts',(2.69492788920007,8.38434186835632,-10.9277949689242));
#12462=CARTESIAN_POINT('Ctrl Pts',(2.69759521722588,8.38864848379871,-10.9225778332929));
#12463=CARTESIAN_POINT('Ctrl Pts',(2.70027067620601,8.39310173164191,-10.9175044503));
#12464=CARTESIAN_POINT('Ctrl Pts',(2.7085891185761,8.40694761222485,-10.9017304674577));
#12465=CARTESIAN_POINT('Ctrl Pts',(2.71698663697375,8.42220825701176,-10.8873432145007));
#12466=CARTESIAN_POINT('Ctrl Pts',(2.72539310417069,8.43867383801573,-10.8744348428961));
#12467=CARTESIAN_POINT('Ctrl Pts',(2.73342837774669,8.45441236941724,-10.8620964497478));
#12468=CARTESIAN_POINT('Ctrl Pts',(2.74147235761165,8.47125299987328,-10.8511089995252));
#12469=CARTESIAN_POINT('Ctrl Pts',(2.74945356613524,8.48903499780043,-10.8415899602959));
#12470=CARTESIAN_POINT('Ctrl Pts',(2.75775484316127,8.50753010295067,-10.831689181306));
#12471=CARTESIAN_POINT('Ctrl Pts',(2.76591167411795,8.52687258246697,-10.8234680129144));
#12472=CARTESIAN_POINT('Ctrl Pts',(2.77383404889175,8.5468557311404,-10.8170094656465));
#12473=CARTESIAN_POINT('Ctrl Pts',(2.78156023795509,8.56634402715515,-10.8107108545998));
#12474=CARTESIAN_POINT('Ctrl Pts',(2.78906402301768,8.58644286187794,-10.8060883179333));
#12475=CARTESIAN_POINT('Ctrl Pts',(2.79624582978333,8.60697782716669,-10.8032612231557));
#12476=CARTESIAN_POINT('Ctrl Pts',(2.79828372147782,8.61280477804048,-10.802459013746));
#12477=CARTESIAN_POINT('Ctrl Pts',(2.80029555712786,8.61866689417928,-10.8018016545));
#12478=CARTESIAN_POINT('Ctrl Pts',(2.80227871758888,8.62456025125231,-10.8012925753479));
#12479=CARTESIAN_POINT('Ctrl Pts',(2.80543502759402,8.63393985631156,-10.8004823476066));
#12480=CARTESIAN_POINT('Ctrl Pts',(2.80851061869148,8.64337461683772,-10.8000496709796));
#12481=CARTESIAN_POINT('Ctrl Pts',(2.81149531512048,8.65284806309551,-10.8000041680205));
#12482=CARTESIAN_POINT('',(-8.79926617635612,2.31291307869447,-3.19999580248166));
#12483=CARTESIAN_POINT('Ctrl Pts',(2.81148329241776,8.6528519633561,-10.7999976814476));
#12484=CARTESIAN_POINT('Ctrl Pts',(0.61465416321248,9.36551907588284,-9.61474930242652));
#12485=CARTESIAN_POINT('Ctrl Pts',(-3.52290229166422,9.08574579815229,-7.62941853959593));
#12486=CARTESIAN_POINT('Ctrl Pts',(-7.41113212418527,5.76543933068254,-5.09611554203045));
#12487=CARTESIAN_POINT('Ctrl Pts',(-8.5255793643054,3.34442443044669,-3.74817756915589));
#12488=CARTESIAN_POINT('Ctrl Pts',(-8.79800094440892,2.31247098539686,-3.20019935658149));
#12489=CARTESIAN_POINT('Ctrl Pts',(-8.79926617635612,2.31291307869447,-3.19999580248166));
#12490=CARTESIAN_POINT('Ctrl Pts',(-8.78708953360465,2.30959591380712,-3.19993798753287));
#12491=CARTESIAN_POINT('Ctrl Pts',(-8.77594632603986,2.30399980292629,-3.19928478209226));
#12492=CARTESIAN_POINT('Ctrl Pts',(-8.75238820124914,2.28697232961596,-3.19667231730019));
#12493=CARTESIAN_POINT('Ctrl Pts',(-8.74107704686174,2.27456464657619,-3.1944144501177));
#12494=CARTESIAN_POINT('Ctrl Pts',(-8.71377353731946,2.23656953225893,-3.18703577619147));
#12495=CARTESIAN_POINT('Ctrl Pts',(-8.70051021931419,2.20654851140553,-3.18067756412574));
#12496=CARTESIAN_POINT('Ctrl Pts',(-8.66559145469863,2.10644486051039,-3.1588208277694));
#12497=CARTESIAN_POINT('Ctrl Pts',(-8.65167094695618,2.01586973566636,-3.13779949824148));
#12498=CARTESIAN_POINT('Ctrl Pts',(-8.63504178557749,1.83613630628149,-3.09510818135792));
#12499=CARTESIAN_POINT('Ctrl Pts',(-8.61111875057319,1.51418675182446,-3.01778395660029));
#12500=CARTESIAN_POINT('Ctrl Pts',(-8.67494384933735,0.659864325143297,
-2.80188196884474));
#12501=CARTESIAN_POINT('Ctrl Pts',(-8.67522294179829,0.656140877547216,
-2.80094096987855));
#12502=CARTESIAN_POINT('Ctrl Pts',(-8.67550293972726,0.652417613790106,
-2.8));
#12503=CARTESIAN_POINT('Origin',(1.11022302462516E-15,1.11022302462516E-15,
-11.2));
#12504=CARTESIAN_POINT('Ctrl Pts',(8.4525017330572,-2.06039182018011,-11.1999999999975));
#12505=CARTESIAN_POINT('Ctrl Pts',(8.45338587484519,-2.05676473822312,-11.1990591536997));
#12506=CARTESIAN_POINT('Ctrl Pts',(8.45427093435281,-2.05313776120204,-11.1981182783231));
#12507=CARTESIAN_POINT('Ctrl Pts',(8.65757208259547,-1.22089626090134,-10.9822138165238));
#12508=CARTESIAN_POINT('Ctrl Pts',(8.77981321083367,-0.922097019843208,
-10.9048896950617));
#12509=CARTESIAN_POINT('Ctrl Pts',(8.85116879486977,-0.756301842793235,
-10.8621990972714));
#12510=CARTESIAN_POINT('Ctrl Pts',(8.89239623732152,-0.674464364043801,
-10.8411785134302));
#12511=CARTESIAN_POINT('Ctrl Pts',(8.95653841118179,-0.590052636079609,
-10.819322295087));
#12512=CARTESIAN_POINT('Ctrl Pts',(8.97842941644537,-0.565599820037242,
-10.8129641549769));
#12513=CARTESIAN_POINT('Ctrl Pts',(9.01613750715011,-0.537901774901873,
-10.8055855355226));
#12514=CARTESIAN_POINT('Ctrl Pts',(9.03072920446547,-0.529596737924379,
-10.8033276766844));
#12515=CARTESIAN_POINT('Ctrl Pts',(9.05839604595899,-0.520682528533371,
-10.8007152172774));
#12516=CARTESIAN_POINT('Ctrl Pts',(9.0707231537961,-0.518803753436726,-10.8000620124392));
#12517=CARTESIAN_POINT('Ctrl Pts',(9.0833288834677,-0.519411731406045,-10.8000041975183));
#12518=CARTESIAN_POINT('',(2.81205464881202,8.6546142982859,-10.8));
#12519=CARTESIAN_POINT('Origin',(1.11022302462516E-15,1.11022302462516E-15,
-10.8));
#12520=CARTESIAN_POINT('',(3.43008863756192,10.5567273308762,-10.8));
#12521=CARTESIAN_POINT('Ctrl Pts',(-0.0859764683605313,9.09776127400852,
-3.15588221642124));
#12522=CARTESIAN_POINT('Ctrl Pts',(2.25241579852988,9.11985975545837,-4.35583561052166));
#12523=CARTESIAN_POINT('Ctrl Pts',(6.14261586723647,7.57772602400338,-6.35587401392878));
#12524=CARTESIAN_POINT('Ctrl Pts',(9.09583692208368,2.75940501099713,-9.15591017927212));
#12525=CARTESIAN_POINT('Ctrl Pts',(9.21957056909475,-0.455000733509081,
-10.7558506063825));
#12526=CARTESIAN_POINT('Ctrl Pts',(8.88080129054261,-1.97687141459873,-11.555882216413));
#12527=CARTESIAN_POINT('Ctrl Pts',(-0.0866465678903422,8.99365790934404,
-3.15503358492899));
#12528=CARTESIAN_POINT('Ctrl Pts',(2.22493905458947,9.01602534494387,-4.35498697902941));
#12529=CARTESIAN_POINT('Ctrl Pts',(6.07090382235642,7.49206135305544,-6.35502538243653));
#12530=CARTESIAN_POINT('Ctrl Pts',(8.99127245392796,2.72956823817313,-9.15506154777987));
#12531=CARTESIAN_POINT('Ctrl Pts',(9.11410170728696,-0.448136382945936,
-10.7550019748903));
#12532=CARTESIAN_POINT('Ctrl Pts',(8.77955514814292,-1.95263965409669,-11.5550335849207));
#12533=CARTESIAN_POINT('Ctrl Pts',(-0.0489073411835898,8.78660752933219,
-3.07719033046542));
#12534=CARTESIAN_POINT('Ctrl Pts',(2.20962191784093,8.79912575179774,-4.27714372456584));
#12535=CARTESIAN_POINT('Ctrl Pts',(5.96072908337509,7.2953658370327,-6.27718212797295));
#12536=CARTESIAN_POINT('Ctrl Pts',(8.79483133058015,2.63073974961058,-9.0772182933163));
#12537=CARTESIAN_POINT('Ctrl Pts',(8.90226833438304,-0.473940310485939,
-10.6771587204267));
#12538=CARTESIAN_POINT('Ctrl Pts',(8.5693377977497,-1.94250186887866,-11.4771903304571));
#12539=CARTESIAN_POINT('Ctrl Pts',(0.0448627477284788,8.70001411810477,
-2.89263022394623));
#12540=CARTESIAN_POINT('Ctrl Pts',(2.28081135507972,8.68850727339705,-4.09258361804665));
#12541=CARTESIAN_POINT('Ctrl Pts',(5.97916976808498,7.15945545045462,-6.09262202145376));
#12542=CARTESIAN_POINT('Ctrl Pts',(8.73538602460796,2.51145075024592,-8.89265818679711));
#12543=CARTESIAN_POINT('Ctrl Pts',(8.80887849117921,-0.563952082512221,
-10.4925986139075));
#12544=CARTESIAN_POINT('Ctrl Pts',(8.46375616126582,-2.01422192520857,-11.292630223938));
#12545=CARTESIAN_POINT('Ctrl Pts',(0.092381867243216,8.69950950287455,-2.80000000000572));
#12546=CARTESIAN_POINT('Ctrl Pts',(2.32841171399017,8.67576464549084,-3.99995339410614));
#12547=CARTESIAN_POINT('Ctrl Pts',(6.01802159884914,7.12676701839527,-5.99999179751326));
#12548=CARTESIAN_POINT('Ctrl Pts',(8.74897080730701,2.46357025971626,-8.8000279628566));
#12549=CARTESIAN_POINT('Ctrl Pts',(8.80558360034639,-0.611917279589044,
-10.399968389967));
#12550=CARTESIAN_POINT('Ctrl Pts',(8.4525017330572,-2.06039182018011,-11.1999999999975));
#12551=CARTESIAN_POINT('Ctrl Pts',(0.0923818672462861,8.69950950287452,
-2.80000000000737));
#12552=CARTESIAN_POINT('Ctrl Pts',(0.0921545907968002,8.69951191636953,
-2.80094335192033));
#12553=CARTESIAN_POINT('Ctrl Pts',(0.0919273660569812,8.69951783242622,
-2.80188667313092));
#12554=CARTESIAN_POINT('Ctrl Pts',(0.0917001965353126,8.69952724184352,
-2.80282994728162));
#12555=CARTESIAN_POINT('Ctrl Pts',(0.0863679225064398,8.6997481059416,-2.82497110521052));
#12556=CARTESIAN_POINT('Ctrl Pts',(0.0810816680444037,8.7018886055563,-2.84702056759468));
#12557=CARTESIAN_POINT('Ctrl Pts',(0.075886051207108,8.70582377681182,-2.86876942092055));
#12558=CARTESIAN_POINT('Ctrl Pts',(0.0706026480765793,8.70982543759276,
-2.89088574769093));
#12559=CARTESIAN_POINT('Ctrl Pts',(0.065412350160383,8.71568336778394,-2.91269248545835));
#12560=CARTESIAN_POINT('Ctrl Pts',(0.0603663024612078,8.7233173279386,-2.93395966577946));
#12561=CARTESIAN_POINT('Ctrl Pts',(0.0595959964994424,8.72448269247132,
-2.93720621372509));
#12562=CARTESIAN_POINT('Ctrl Pts',(0.058829070602059,8.72568953312644,-2.94044014719382));
#12563=CARTESIAN_POINT('Ctrl Pts',(0.0580657297938189,8.72693765704265,
-2.94366059771443));
#12564=CARTESIAN_POINT('Ctrl Pts',(0.0531093021629704,8.73504181680751,
-2.96457121820249));
#12565=CARTESIAN_POINT('Ctrl Pts',(0.048334244632962,8.74483120110718,-2.98478202017719));
#12566=CARTESIAN_POINT('Ctrl Pts',(0.0437954445737328,8.75621640081022,
-3.0040724052567));
#12567=CARTESIAN_POINT('Ctrl Pts',(0.0394065113616497,8.76722567208253,
-3.02272584022729));
#12568=CARTESIAN_POINT('Ctrl Pts',(0.035237990280507,8.77972783913523,-3.04051962389359));
#12569=CARTESIAN_POINT('Ctrl Pts',(0.0313518188869938,8.79367962659493,
-3.05722682527218));
#12570=CARTESIAN_POINT('Ctrl Pts',(0.0306561166923918,8.79617727483827,
-3.06021774756762));
#12571=CARTESIAN_POINT('Ctrl Pts',(0.0299695071896929,8.79872146514798,
-3.06317375178116));
#12572=CARTESIAN_POINT('Ctrl Pts',(0.0292924080152346,8.80131205569381,
-3.06609340172634));
#12573=CARTESIAN_POINT('Ctrl Pts',(0.0279892076188762,8.80629811793325,
-3.07171279857292));
#12574=CARTESIAN_POINT('Ctrl Pts',(0.026724558577553,8.81144304582276,-3.07718287644942));
#12575=CARTESIAN_POINT('Ctrl Pts',(0.0255010920744539,8.8167437421304,-3.08249543661447));
#12576=CARTESIAN_POINT('Ctrl Pts',(0.0218685423983849,8.83248184579442,
-3.09826876482392));
#12577=CARTESIAN_POINT('Ctrl Pts',(0.0185977485855156,8.8495907145626,-3.11265641397404));
#12578=CARTESIAN_POINT('Ctrl Pts',(0.0156906667270568,8.86784953729343,
-3.12556570536441));
#12579=CARTESIAN_POINT('Ctrl Pts',(0.0129552419449456,8.88503021490138,
-3.13771273021889));
#12580=CARTESIAN_POINT('Ctrl Pts',(0.010541768280829,8.90323035485722,-3.14855094230174));
#12581=CARTESIAN_POINT('Ctrl Pts',(0.00846769104648537,8.922283184614,-3.15796807023214));
#12582=CARTESIAN_POINT('Ctrl Pts',(0.00627635972131533,8.94241313059085,
-3.16791757793866));
#12583=CARTESIAN_POINT('Ctrl Pts',(0.00448387154836916,8.96330893471815,
-3.1761894412046));
#12584=CARTESIAN_POINT('Ctrl Pts',(0.00311178333540864,8.98474617003909,
-3.18270063772786));
#12585=CARTESIAN_POINT('Ctrl Pts',(0.00177345189604454,9.00565599619462,
-3.18905164266519));
#12586=CARTESIAN_POINT('Ctrl Pts',(0.000834905811771456,9.02708226945774,
-3.19372788068979));
#12587=CARTESIAN_POINT('Ctrl Pts',(0.000336787111892327,9.04882830922725,
-3.19660993779795));
#12588=CARTESIAN_POINT('Ctrl Pts',(0.000195523349234911,9.05499536820633,
-3.1974272735683));
#12589=CARTESIAN_POINT('Ctrl Pts',(8.98206951708982E-5,9.06118815108841,
-3.19810002683252));
#12590=CARTESIAN_POINT('Ctrl Pts',(2.09513114473306E-5,9.0674021243148,
-3.19862477248626));
#12591=CARTESIAN_POINT('Ctrl Pts',(-9.23735938789515E-5,9.07762724743202,
-3.1994882440075));
#12592=CARTESIAN_POINT('Ctrl Pts',(-0.000105655695666676,9.08788258167837,
-3.19994880488346));
#12593=CARTESIAN_POINT('Ctrl Pts',(-1.38390339679134E-5,9.0981473658925,
-3.19999583198089));
#12594=CARTESIAN_POINT('Origin',(1.11022302462516E-15,1.11022302462516E-15,
-2.8));
#12595=CARTESIAN_POINT('Ctrl Pts',(-8.79926409679778,2.31292099016942,-3.2));
#12596=CARTESIAN_POINT('Ctrl Pts',(-8.79985485712779,2.31307627383319,-3.2));
#12597=CARTESIAN_POINT('Ctrl Pts',(-8.8004456174578,2.31323155749696,-3.2));
#12598=CARTESIAN_POINT('Ctrl Pts',(-8.80103637778781,2.31338684116073,-3.2));
#12599=CARTESIAN_POINT('Ctrl Pts',(-9.09776127400841,-0.0859764683721961,
-3.15588221641526));
#12600=CARTESIAN_POINT('Ctrl Pts',(-9.11985975546127,2.25241579851985,-4.35583561051653));
#12601=CARTESIAN_POINT('Ctrl Pts',(-7.57772602400895,6.14261586723114,-6.35587401392507));
#12602=CARTESIAN_POINT('Ctrl Pts',(-2.75940501100062,9.09583692208324,-9.15591017927041));
#12603=CARTESIAN_POINT('Ctrl Pts',(0.455000733507991,9.21957056909499,-10.7558506063819));
#12604=CARTESIAN_POINT('Ctrl Pts',(1.97687141459872,8.88080129054261,-11.555882216413));
#12605=CARTESIAN_POINT('Ctrl Pts',(-8.99365790934393,-0.0866465679018734,
-3.155033584923));
#12606=CARTESIAN_POINT('Ctrl Pts',(-9.01602534494674,2.22493905457955,-4.35498697902428));
#12607=CARTESIAN_POINT('Ctrl Pts',(-7.49206135306093,6.07090382235115,-6.35502538243282));
#12608=CARTESIAN_POINT('Ctrl Pts',(-2.72956823817658,8.99127245392752,-9.15506154777816));
#12609=CARTESIAN_POINT('Ctrl Pts',(0.448136382944857,9.1141017072872,-10.7550019748897));
#12610=CARTESIAN_POINT('Ctrl Pts',(1.95263965409668,8.77955514814293,-11.5550335849207));
#12611=CARTESIAN_POINT('Ctrl Pts',(-8.78660752933213,-0.0489073411948554,
-3.07719033045943));
#12612=CARTESIAN_POINT('Ctrl Pts',(-8.79912575180058,2.20962191783127,-4.27714372456071));
#12613=CARTESIAN_POINT('Ctrl Pts',(-7.2953658370381,5.96072908336996,-6.27718212796924));
#12614=CARTESIAN_POINT('Ctrl Pts',(-2.63073974961395,8.79483133057974,-9.07721829331459));
#12615=CARTESIAN_POINT('Ctrl Pts',(0.473940310484887,8.90226833438327,-10.6771587204261));
#12616=CARTESIAN_POINT('Ctrl Pts',(1.94250186887866,8.5693377977497,-11.4771903304571));
#12617=CARTESIAN_POINT('Ctrl Pts',(-8.70001411810482,0.0448627477173238,
-2.89263022394024));
#12618=CARTESIAN_POINT('Ctrl Pts',(-8.68850727339996,2.28081135507017,-4.09258361804152));
#12619=CARTESIAN_POINT('Ctrl Pts',(-7.15945545046001,5.97916976807996,-6.09262202145006));
#12620=CARTESIAN_POINT('Ctrl Pts',(-2.51145075024927,8.73538602460759,-8.8926581867954));
#12621=CARTESIAN_POINT('Ctrl Pts',(0.563952082511183,8.80887849117945,-10.4925986139069));
#12622=CARTESIAN_POINT('Ctrl Pts',(2.01422192520856,8.46375616126582,-11.292630223938));
#12623=CARTESIAN_POINT('Ctrl Pts',(-8.69950950287467,0.0923818672320613,
-2.79999999999974));
#12624=CARTESIAN_POINT('Ctrl Pts',(-8.67576464549381,2.32841171398064,-3.99995339410101));
#12625=CARTESIAN_POINT('Ctrl Pts',(-7.1267670184007,6.01802159884416,-5.99999179750955));
#12626=CARTESIAN_POINT('Ctrl Pts',(-2.4635702597196,8.74897080730666,-8.80002796285489));
#12627=CARTESIAN_POINT('Ctrl Pts',(0.611917279588007,8.80558360034664,-10.3999683899664));
#12628=CARTESIAN_POINT('Ctrl Pts',(2.0603918201801,8.4525017330572,-11.1999999999975));
#12629=CARTESIAN_POINT('',(-9.09816751615185,-1.11022302462516E-15,-3.2));
#12630=CARTESIAN_POINT('Ctrl Pts',(-8.69950950287467,0.0923818672320613,
-2.79999999999974));
#12631=CARTESIAN_POINT('Ctrl Pts',(-8.69951191636969,0.0921545907820959,
-2.80094335191469));
#12632=CARTESIAN_POINT('Ctrl Pts',(-8.6995178324262,0.091927366057202,-2.80188667312881));
#12633=CARTESIAN_POINT('Ctrl Pts',(-8.69952724184353,0.0917001965351216,
-2.80282994728152));
#12634=CARTESIAN_POINT('Ctrl Pts',(-8.69974810594176,0.0863679225035012,
-2.8249711052288));
#12635=CARTESIAN_POINT('Ctrl Pts',(-8.7018886055597,0.0810816680373784,
-2.84702056763083));
#12636=CARTESIAN_POINT('Ctrl Pts',(-8.70582377682132,0.0758860511957338,
-2.86876942097379));
#12637=CARTESIAN_POINT('Ctrl Pts',(-8.70982543760822,0.0706026480611081,
-2.89088574776019));
#12638=CARTESIAN_POINT('Ctrl Pts',(-8.71568336780812,0.0654123501405312,
-2.91269248554286));
#12639=CARTESIAN_POINT('Ctrl Pts',(-8.72331732797403,0.0603663024378298,
-2.93395966587819));
#12640=CARTESIAN_POINT('Ctrl Pts',(-8.72448269249578,0.0595959964839115,
-2.93720621379064));
#12641=CARTESIAN_POINT('Ctrl Pts',(-8.72568953313909,0.0588290705943215,
-2.94044014722646));
#12642=CARTESIAN_POINT('Ctrl Pts',(-8.72693765704264,0.0580657297938186,
-2.94366059771443));
#12643=CARTESIAN_POINT('Ctrl Pts',(-8.73504181680744,0.0531093021630031,
-2.96457121820235));
#12644=CARTESIAN_POINT('Ctrl Pts',(-8.74483120110704,0.0483342446330264,
-2.98478202017691));
#12645=CARTESIAN_POINT('Ctrl Pts',(-8.75621640080997,0.0437954445738256,
-3.0040724052563));
#12646=CARTESIAN_POINT('Ctrl Pts',(-8.7672256720822,0.0394065113617647,
-3.0227258402268));
#12647=CARTESIAN_POINT('Ctrl Pts',(-8.7797278391348,0.0352379902806418,
-3.04051962389301));
#12648=CARTESIAN_POINT('Ctrl Pts',(-8.79367962659438,0.0313518188871438,
-3.05722682527154));
#12649=CARTESIAN_POINT('Ctrl Pts',(-8.7961772748379,0.0306561166924906,
-3.06021774756719));
#12650=CARTESIAN_POINT('Ctrl Pts',(-8.79872146514779,0.0299695071897418,
-3.06317375178095));
#12651=CARTESIAN_POINT('Ctrl Pts',(-8.8013120556938,0.0292924080152349,
-3.06609340172633));
#12652=CARTESIAN_POINT('Ctrl Pts',(-8.80629811793324,0.027989207618876,
-3.07171279857292));
#12653=CARTESIAN_POINT('Ctrl Pts',(-8.81144304582275,0.0267245585775523,
-3.07718287644942));
#12654=CARTESIAN_POINT('Ctrl Pts',(-8.81674374213039,0.0255010920744527,
-3.08249543661447));
#12655=CARTESIAN_POINT('Ctrl Pts',(-8.83248184579441,0.0218685423983829,
-3.09826876482392));
#12656=CARTESIAN_POINT('Ctrl Pts',(-8.84959071456259,0.0185977485855121,
-3.11265641397404));
#12657=CARTESIAN_POINT('Ctrl Pts',(-8.86784953729342,0.0156906667270522,
-3.12556570536441));
#12658=CARTESIAN_POINT('Ctrl Pts',(-8.88503021490137,0.0129552419449401,
-3.13771273021889));
#12659=CARTESIAN_POINT('Ctrl Pts',(-8.90323035485721,0.0105417682808229,
-3.14855094230174));
#12660=CARTESIAN_POINT('Ctrl Pts',(-8.92228318461399,0.00846769104647953,
-3.15796807023214));
#12661=CARTESIAN_POINT('Ctrl Pts',(-8.94241313059088,0.00627635972130478,
-3.16791757793868));
#12662=CARTESIAN_POINT('Ctrl Pts',(-8.96330893471823,0.00448387154835622,
-3.17618944120464));
#12663=CARTESIAN_POINT('Ctrl Pts',(-8.98474617003922,0.00311178333539529,
-3.18270063772791));
#12664=CARTESIAN_POINT('Ctrl Pts',(-9.0056559961948,0.0017734518960315,
-3.18905164266524));
#12665=CARTESIAN_POINT('Ctrl Pts',(-9.02708226945795,0.000834905811760209,
-3.19372788068984));
#12666=CARTESIAN_POINT('Ctrl Pts',(-9.0488283092275,0.000336787111884004,
-3.19660993779798));
#12667=CARTESIAN_POINT('Ctrl Pts',(-9.0549953682065,0.000195523349229679,
-3.19742727356832));
#12668=CARTESIAN_POINT('Ctrl Pts',(-9.06118815108849,8.98206951676981E-5,
-3.19810002683252));
#12669=CARTESIAN_POINT('Ctrl Pts',(-9.06740212431479,2.09513114450569E-5,
-3.19862477248626));
#12670=CARTESIAN_POINT('Ctrl Pts',(-9.07762724743202,-9.23735938814116E-5,
-3.1994882440075));
#12671=CARTESIAN_POINT('Ctrl Pts',(-9.08788258167837,-0.000105655695669014,
-3.19994880488346));
#12672=CARTESIAN_POINT('Ctrl Pts',(-9.09814736589249,-1.38390339701755E-5,
-3.19999583198089));
#12673=CARTESIAN_POINT('',(0.519411731406042,9.0833288834677,-10.8000041975183));
#12674=CARTESIAN_POINT('Ctrl Pts',(-9.09814736004088,-1.19928426368932E-6,
-3.20000231867341));
#12675=CARTESIAN_POINT('Ctrl Pts',(-9.09707647289251,2.30953369239349,-4.385250697727));
#12676=CARTESIAN_POINT('Ctrl Pts',(-7.55241734282141,6.15812793667438,-6.37058146542757));
#12677=CARTESIAN_POINT('Ctrl Pts',(-3.19309258614412,8.83002331716075,-8.90388444425104));
#12678=CARTESIAN_POINT('Ctrl Pts',(-0.54618770736274,9.14179153137924,-10.2518224230411));
#12679=CARTESIAN_POINT('Ctrl Pts',(0.51944120688645,9.0819888495618,-10.7998006355163));
#12680=CARTESIAN_POINT('Ctrl Pts',(2.0603918201801,8.4525017330572,-11.1999999999975));
#12681=CARTESIAN_POINT('Ctrl Pts',(2.05676473822364,8.45338587484506,-11.1990591536998));
#12682=CARTESIAN_POINT('Ctrl Pts',(2.05313776120132,8.45427093435299,-11.1981182783229));
#12683=CARTESIAN_POINT('Ctrl Pts',(1.22089626080154,8.65757208261986,-10.9822138164987));
#12684=CARTESIAN_POINT('Ctrl Pts',(0.922097019722893,8.77981321088545,-10.9048896950308));
#12685=CARTESIAN_POINT('Ctrl Pts',(0.756301842793151,8.85116879486981,-10.8621990972714));
#12686=CARTESIAN_POINT('Ctrl Pts',(0.67446436404376,8.89239623732155,-10.8411785134302));
#12687=CARTESIAN_POINT('Ctrl Pts',(0.590052636079599,8.9565384111818,-10.819322295087));
#12688=CARTESIAN_POINT('Ctrl Pts',(0.565599820037238,8.97842941644537,-10.8129641549769));
#12689=CARTESIAN_POINT('Ctrl Pts',(0.537901774901878,9.01613750715011,-10.8055855355226));
#12690=CARTESIAN_POINT('Ctrl Pts',(0.529596737924377,9.03072920446547,-10.8033276766844));
#12691=CARTESIAN_POINT('Ctrl Pts',(0.520682528533361,9.05839604595902,-10.8007152172774));
#12692=CARTESIAN_POINT('Ctrl Pts',(0.518803753436723,9.07072315379611,-10.8000620124392));
#12693=CARTESIAN_POINT('Ctrl Pts',(0.519411731406042,9.0833288834677,-10.8000041975183));
#12694=CARTESIAN_POINT('Ctrl Pts',(-0.652417613790106,-8.67550293972726,
-2.8));
#12695=CARTESIAN_POINT('Ctrl Pts',(-2.13910706170675,-8.5637005014369,-3.60003161003144));
#12696=CARTESIAN_POINT('Ctrl Pts',(-5.04657541049263,-7.55948145396012,
-5.19997202388176));
#12697=CARTESIAN_POINT('Ctrl Pts',(-8.63763289379057,-3.52118650460517,
-8.00000820757101));
#12698=CARTESIAN_POINT('Ctrl Pts',(-8.97066128946187,0.466507581458107,
-10.0000466059002));
#12699=CARTESIAN_POINT('Ctrl Pts',(-8.30227276822634,2.60043590229932,-11.2000000000021));
#12700=CARTESIAN_POINT('Ctrl Pts',(-0.699805602837894,-8.67193925483756,
-2.70736977605949));
#12701=CARTESIAN_POINT('Ctrl Pts',(-2.185742852204,-8.55201206779867,-3.50740138609094));
#12702=CARTESIAN_POINT('Ctrl Pts',(-5.08791459164281,-7.53176575554192,
-5.10734179994125));
#12703=CARTESIAN_POINT('Ctrl Pts',(-8.65671570417916,-3.47413494563265,
-7.9073779836305));
#12704=CARTESIAN_POINT('Ctrl Pts',(-8.96807092892505,0.515715901553894,
-9.9074163819597));
#12705=CARTESIAN_POINT('Ctrl Pts',(-8.28806847034139,2.64578520524415,-11.1073697760616));
#12706=CARTESIAN_POINT('Ctrl Pts',(-0.800642040756623,-8.7501903923663,
-2.52280945611766));
#12707=CARTESIAN_POINT('Ctrl Pts',(-2.30020827421458,-8.61301566987662,
-3.3228410661491));
#12708=CARTESIAN_POINT('Ctrl Pts',(-5.21973465113271,-7.55143890577575,
-4.92278147999942));
#12709=CARTESIAN_POINT('Ctrl Pts',(-8.78027536497042,-3.41459784986028,
-7.72281766368866));
#12710=CARTESIAN_POINT('Ctrl Pts',(-9.0512763439657,0.617604101577926,-9.72285606201786));
#12711=CARTESIAN_POINT('Ctrl Pts',(-8.34144688358131,2.76172472713668,-10.9228094561198));
#12712=CARTESIAN_POINT('Ctrl Pts',(-0.855961076818366,-8.95325197082075,
-2.44496641507673));
#12713=CARTESIAN_POINT('Ctrl Pts',(-2.3902092888208,-8.80650757702118,-3.24499802510817));
#12714=CARTESIAN_POINT('Ctrl Pts',(-5.37442985095909,-7.70772618806507,
-4.8449384389585));
#12715=CARTESIAN_POINT('Ctrl Pts',(-9.00139010869258,-3.45859831936009,
-7.64497462264774));
#12716=CARTESIAN_POINT('Ctrl Pts',(-9.26229363470758,0.67006226708883,-9.64501302097693));
#12717=CARTESIAN_POINT('Ctrl Pts',(-8.52670169802392,2.86159891860297,-10.8449664150788));
#12718=CARTESIAN_POINT('Ctrl Pts',(-0.864202081707945,-9.05703080009848,
-2.44411778358448));
#12719=CARTESIAN_POINT('Ctrl Pts',(-2.41627257416354,-8.90893562628909,
-3.24414939361592));
#12720=CARTESIAN_POINT('Ctrl Pts',(-5.43511852924405,-7.79795280084231,
-4.84408980746624));
#12721=CARTESIAN_POINT('Ctrl Pts',(-9.10502231050795,-3.50032861928109,
-7.64412599115549));
#12722=CARTESIAN_POINT('Ctrl Pts',(-9.36953680827074,0.676016928167758,
-9.64416438948468));
#12723=CARTESIAN_POINT('Ctrl Pts',(-8.62591695349891,2.89313132493168,-10.8441177835866));
#12724=CARTESIAN_POINT('Ctrl Pts',(-2.31291307869447,-8.79926617635612,
-3.19999580248166));
#12725=CARTESIAN_POINT('Ctrl Pts',(-2.30959591380713,-8.78708953360465,
-3.19993798753287));
#12726=CARTESIAN_POINT('Ctrl Pts',(-2.30399980292629,-8.77594632603986,
-3.19928478209226));
#12727=CARTESIAN_POINT('Ctrl Pts',(-2.28697232961597,-8.75238820124915,
-3.19667231730019));
#12728=CARTESIAN_POINT('Ctrl Pts',(-2.27456464657619,-8.74107704686175,
-3.1944144501177));
#12729=CARTESIAN_POINT('Ctrl Pts',(-2.23656953225894,-8.71377353731947,
-3.18703577619147));
#12730=CARTESIAN_POINT('Ctrl Pts',(-2.20654851140556,-8.7005102193142,-3.18067756412575));
#12731=CARTESIAN_POINT('Ctrl Pts',(-2.10644486051053,-8.66559145469868,
-3.15882082776943));
#12732=CARTESIAN_POINT('Ctrl Pts',(-2.01586973566666,-8.65167094695621,
-3.13779949824155));
#12733=CARTESIAN_POINT('Ctrl Pts',(-1.83613630635572,-8.63504178558435,
-3.09510818137555));
#12734=CARTESIAN_POINT('Ctrl Pts',(-1.51418675188293,-8.61111875056884,
-3.01778395661462));
#12735=CARTESIAN_POINT('Ctrl Pts',(-0.659864325142598,-8.6749438493374,
-2.80188196884457));
#12736=CARTESIAN_POINT('Ctrl Pts',(-0.656140877548641,-8.67522294179818,
-2.80094096987891));
#12737=CARTESIAN_POINT('Ctrl Pts',(-0.652417613790106,-8.67550293972726,
-2.8));
#12738=CARTESIAN_POINT('Ctrl Pts',(-8.30227276822634,2.60043590229932,-11.2000000000021));
#12739=CARTESIAN_POINT('Ctrl Pts',(-8.3022048337976,2.60065279292035,-11.1990566826147));
#12740=CARTESIAN_POINT('Ctrl Pts',(-8.30214024623226,2.60087071662057,-11.1981133959167));
#12741=CARTESIAN_POINT('Ctrl Pts',(-8.3020789978531,2.60108966725818,-11.197170156268));
#12742=CARTESIAN_POINT('Ctrl Pts',(-8.30064127978797,2.60622922019622,-11.1750289551226));
#12743=CARTESIAN_POINT('Ctrl Pts',(-8.3010434796459,2.61191815452092,-11.1529796882918));
#12744=CARTESIAN_POINT('Ctrl Pts',(-8.30318042806259,2.61807538474738,-11.131231248927));
#12745=CARTESIAN_POINT('Ctrl Pts',(-8.30535344445457,2.62433653831893,-11.109115733704));
#12746=CARTESIAN_POINT('Ctrl Pts',(-8.30932048856597,2.63108265563963,-11.0873100226155));
#12747=CARTESIAN_POINT('Ctrl Pts',(-8.31502095026398,2.63824028897942,-11.0660440157971));
#12748=CARTESIAN_POINT('Ctrl Pts',(-8.31593431894549,2.63938713610736,-11.0626366243194));
#12749=CARTESIAN_POINT('Ctrl Pts',(-8.31689228764919,2.6405445586468,-11.0592431332634));
#12750=CARTESIAN_POINT('Ctrl Pts',(-8.31789471782868,2.64171226221432,-11.0558645469636));
#12751=CARTESIAN_POINT('Ctrl Pts',(-8.32409558477914,2.64893548295124,-11.0349651720703));
#12752=CARTESIAN_POINT('Ctrl Pts',(-8.33195420564642,2.6565060643656,-11.0147679767654));
#12753=CARTESIAN_POINT('Ctrl Pts',(-8.34140252245589,2.66434414683654,-10.9954934725136));
#12754=CARTESIAN_POINT('Ctrl Pts',(-8.35053692729105,2.67192181594573,-10.9768593466282));
#12755=CARTESIAN_POINT('Ctrl Pts',(-8.36115768621035,2.67975020622237,-10.9590866347611));
#12756=CARTESIAN_POINT('Ctrl Pts',(-8.3732427927995,2.68775704697431,-10.9424020582173));
#12757=CARTESIAN_POINT('Ctrl Pts',(-8.37550503204567,2.68925586614096,-10.9392788334791));
#12758=CARTESIAN_POINT('Ctrl Pts',(-8.37781868566343,2.69076092133944,-10.9361938416248));
#12759=CARTESIAN_POINT('Ctrl Pts',(-8.38018374781467,2.6922717080883,-10.9331487244062));
#12760=CARTESIAN_POINT('Ctrl Pts',(-8.38434186835209,2.69492788919746,-10.9277949689294));
#12761=CARTESIAN_POINT('Ctrl Pts',(-8.38864848379652,2.69759521722458,-10.9225778332954));
#12762=CARTESIAN_POINT('Ctrl Pts',(-8.39310173164191,2.70027067620602,-10.9175044503));
#12763=CARTESIAN_POINT('Ctrl Pts',(-8.4069476122248,2.70858911857608,-10.9017304674577));
#12764=CARTESIAN_POINT('Ctrl Pts',(-8.42220825701166,2.71698663697371,-10.8873432145008));
#12765=CARTESIAN_POINT('Ctrl Pts',(-8.4386738380156,2.72539310417063,-10.8744348428962));
#12766=CARTESIAN_POINT('Ctrl Pts',(-8.45441236941461,2.73342837774536,-10.8620964497499));
#12767=CARTESIAN_POINT('Ctrl Pts',(-8.47125299986782,2.74147235760904,-10.8511089995288));
#12768=CARTESIAN_POINT('Ctrl Pts',(-8.48903499779187,2.7494535661314,-10.8415899603005));
#12769=CARTESIAN_POINT('Ctrl Pts',(-8.50753010294176,2.75775484315744,-10.8316891813101));
#12770=CARTESIAN_POINT('Ctrl Pts',(-8.52687258245776,2.76591167411414,-10.823468012918));
#12771=CARTESIAN_POINT('Ctrl Pts',(-8.54685573113091,2.77383404888799,-10.8170094656496));
#12772=CARTESIAN_POINT('Ctrl Pts',(-8.56634402714544,2.78156023795139,-10.8107108546024));
#12773=CARTESIAN_POINT('Ctrl Pts',(-8.58644286186805,2.78906402301406,-10.8060883179352));
#12774=CARTESIAN_POINT('Ctrl Pts',(-8.60697782715665,2.79624582977981,-10.8032612231571));
#12775=CARTESIAN_POINT('Ctrl Pts',(-8.61280477803052,2.79828372147437,-10.8024590137472));
#12776=CARTESIAN_POINT('Ctrl Pts',(-8.61866689416941,2.8002955571245,-10.801801654501));
#12777=CARTESIAN_POINT('Ctrl Pts',(-8.62456025124252,2.80227871758558,-10.8012925753488));
#12778=CARTESIAN_POINT('Ctrl Pts',(-8.63393985630501,2.80543502759188,-10.8004823476069));
#12779=CARTESIAN_POINT('Ctrl Pts',(-8.64337461683443,2.80851061869044,-10.8000496709796));
#12780=CARTESIAN_POINT('Ctrl Pts',(-8.65284806309551,2.81149531512048,-10.8000041680205));
#12781=CARTESIAN_POINT('Origin',(1.11022302462516E-15,1.11022302462516E-15,
-2.8));
#12782=CARTESIAN_POINT('',(-9.1,-1.11022302462516E-15,-3.2));
#12783=CARTESIAN_POINT('Origin',(1.11022302462516E-15,1.11022302462516E-15,
-3.2));
#12784=CARTESIAN_POINT('',(-11.1,-1.11022302462516E-15,-3.2));
#12785=CARTESIAN_POINT('Origin',(1.11022302462516E-15,1.11022302462516E-15,
-11.2));
#12786=CARTESIAN_POINT('Ctrl Pts',(0.519508178851188,9.08515884572783,-10.8));
#12787=CARTESIAN_POINT('Ctrl Pts',(0.519473307409916,9.08454901397536,-10.8));
#12788=CARTESIAN_POINT('Ctrl Pts',(0.519438435968644,9.08393918222288,-10.8));
#12789=CARTESIAN_POINT('Ctrl Pts',(0.519403564527372,9.0833293504704,-10.8));
#12790=CARTESIAN_POINT('Ctrl Pts',(8.67550293972726,-0.652417613790108,
-2.8));
#12791=CARTESIAN_POINT('Ctrl Pts',(8.50779928229172,-2.88245178566508,-4.00004741504717));
#12792=CARTESIAN_POINT('Ctrl Pts',(6.72444538106526,-6.46437881779875,-5.99994502374832));
#12793=CARTESIAN_POINT('Ctrl Pts',(1.89503750801942,-8.8895088269596,-8.80005010685356));
#12794=CARTESIAN_POINT('Ctrl Pts',(-1.17781702173851,-8.7478651157167,-10.4000310706008));
#12795=CARTESIAN_POINT('Ctrl Pts',(-2.60043590229932,-8.30227276822634,
-11.2000000000021));
#12796=CARTESIAN_POINT('Ctrl Pts',(8.67193925483756,-0.699805602837896,
-2.70736977605949));
#12797=CARTESIAN_POINT('Ctrl Pts',(8.49204847427922,-2.92871147688706,-3.90741719110666));
#12798=CARTESIAN_POINT('Ctrl Pts',(6.68896439322458,-6.50121154592357,-5.90731479980781));
#12799=CARTESIAN_POINT('Ctrl Pts',(1.84655264269933,-8.89972037486028,-8.70741988291305));
#12800=CARTESIAN_POINT('Ctrl Pts',(-1.22573900278398,-8.7414034427305,-10.3074008466603));
#12801=CARTESIAN_POINT('Ctrl Pts',(-2.64578520524415,-8.28806847034139,
-11.1073697760616));
#12802=CARTESIAN_POINT('Ctrl Pts',(8.7501903923663,-0.800642040756624,-2.52280945611766));
#12803=CARTESIAN_POINT('Ctrl Pts',(8.54442830863178,-3.04999139094356,-3.72285687116482));
#12804=CARTESIAN_POINT('Ctrl Pts',(6.68501426269786,-6.63780334514265,-5.72275447986598));
#12805=CARTESIAN_POINT('Ctrl Pts',(1.76836324879653,-9.00803217048591,-8.52285956297122));
#12806=CARTESIAN_POINT('Ctrl Pts',(-1.33231097676417,-8.81466652383757,
-10.1228405267185));
#12807=CARTESIAN_POINT('Ctrl Pts',(-2.76172472713668,-8.34144688358131,
-10.9228094561198));
#12808=CARTESIAN_POINT('Ctrl Pts',(8.95325197082075,-0.855961076818368,
-2.44496641507673));
#12809=CARTESIAN_POINT('Ctrl Pts',(8.7331353801214,-3.15733339482202,-3.6450138301239));
#12810=CARTESIAN_POINT('Ctrl Pts',(6.81497603147189,-6.82239902315719,-5.64491143882506));
#12811=CARTESIAN_POINT('Ctrl Pts',(1.77254276539461,-9.22770935758113,-8.44501652193028));
#12812=CARTESIAN_POINT('Ctrl Pts',(-1.40057448426021,-9.0170963224797,-10.0449974856776));
#12813=CARTESIAN_POINT('Ctrl Pts',(-2.86159891860297,-8.52670169802392,
-10.8449664150788));
#12814=CARTESIAN_POINT('Ctrl Pts',(9.05703080009848,-0.864202081707947,
-2.44411778358448));
#12815=CARTESIAN_POINT('Ctrl Pts',(8.83488803938439,-3.19230782039135,-3.64416519863165));
#12816=CARTESIAN_POINT('Ctrl Pts',(6.8951221446963,-6.89998712840079,-5.64406280733281));
#12817=CARTESIAN_POINT('Ctrl Pts',(1.79481327702906,-9.33424648346821,-8.44416789043803));
#12818=CARTESIAN_POINT('Ctrl Pts',(-1.4150550604224,-9.1216635233468,-10.0441488541853));
#12819=CARTESIAN_POINT('Ctrl Pts',(-2.89313132493168,-8.62591695349891,
-10.8441177835866));
#12820=CARTESIAN_POINT('Ctrl Pts',(8.79926617635612,-2.31291307869447,-3.19999580248166));
#12821=CARTESIAN_POINT('Ctrl Pts',(8.78708953360471,-2.30959591380714,-3.19993798753287));
#12822=CARTESIAN_POINT('Ctrl Pts',(8.77594632603997,-2.30399980292634,-3.19928478209227));
#12823=CARTESIAN_POINT('Ctrl Pts',(8.75238820124967,-2.28697232961637,-3.19667231730025));
#12824=CARTESIAN_POINT('Ctrl Pts',(8.74107704686253,-2.27456464657705,-3.19441445011785));
#12825=CARTESIAN_POINT('Ctrl Pts',(8.71377353732189,-2.23656953226271,-3.18703577619222));
#12826=CARTESIAN_POINT('Ctrl Pts',(8.70051021931739,-2.20654851141279,-3.18067756412728));
#12827=CARTESIAN_POINT('Ctrl Pts',(8.66559145470827,-2.10644486054279,-3.15882082777659));
#12828=CARTESIAN_POINT('Ctrl Pts',(8.65167094696638,-2.01586973573235,-3.1377994982568));
#12829=CARTESIAN_POINT('Ctrl Pts',(8.6350417856846,-1.8361363074846,-3.09510818164404));
#12830=CARTESIAN_POINT('Ctrl Pts',(8.61111875050047,-1.51418675278992,-3.01778395683773));
#12831=CARTESIAN_POINT('Ctrl Pts',(8.67494384933827,-0.659864325131039,
-2.80188196884175));
#12832=CARTESIAN_POINT('Ctrl Pts',(8.67522294179855,-0.656140877543819,
-2.80094096987769));
#12833=CARTESIAN_POINT('Ctrl Pts',(8.67550293972726,-0.652417613790108,
-2.8));
#12834=CARTESIAN_POINT('Ctrl Pts',(-2.60043590229932,-8.30227276822634,
-11.2000000000021));
#12835=CARTESIAN_POINT('Ctrl Pts',(-2.6006527929204,-8.30220483379758,-11.1990566826145));
#12836=CARTESIAN_POINT('Ctrl Pts',(-2.600870716642,-8.30214024643448,-11.1981133959162));
#12837=CARTESIAN_POINT('Ctrl Pts',(-2.60108966732208,-8.30207899845977,
-11.1971701562676));
#12838=CARTESIAN_POINT('Ctrl Pts',(-2.60622942730873,-8.30064123224878,
-11.1750280674538));
#12839=CARTESIAN_POINT('Ctrl Pts',(-2.61191862429265,-8.30104364327896,
-11.1529779204013));
#12840=CARTESIAN_POINT('Ctrl Pts',(-2.61807616326971,-8.3031810423518,-11.1312286334322));
#12841=CARTESIAN_POINT('Ctrl Pts',(-2.62433762777319,-8.30535451595453,
-11.1091122670008));
#12842=CARTESIAN_POINT('Ctrl Pts',(-2.63108410344063,-8.309322263231,-11.0873057378782));
#12843=CARTESIAN_POINT('Ctrl Pts',(-2.63824213370444,-8.3150236518293,-11.066038974713));
#12844=CARTESIAN_POINT('Ctrl Pts',(-2.63938843270113,-8.31593668178155,
-11.0626332795174));
#12845=CARTESIAN_POINT('Ctrl Pts',(-2.64054529681838,-8.31689426992841,
-11.0592414715127));
#12846=CARTESIAN_POINT('Ctrl Pts',(-2.64171243210387,-8.31789627784142,
-11.0558645535514));
#12847=CARTESIAN_POINT('Ctrl Pts',(-2.64893589199222,-8.32409775598834,
-11.0349646358267));
#12848=CARTESIAN_POINT('Ctrl Pts',(-2.65650674154529,-8.33195715529824,
-11.0147669341241));
#12849=CARTESIAN_POINT('Ctrl Pts',(-2.66434511249147,-8.34140638395519,
-10.9954919773788));
#12850=CARTESIAN_POINT('Ctrl Pts',(-2.67192294358927,-8.3505415294157,-10.9768577015024));
#12851=CARTESIAN_POINT('Ctrl Pts',(-2.67975150721084,-8.36116310782489,
-10.9590848634115));
#12852=CARTESIAN_POINT('Ctrl Pts',(-2.68775852616106,-8.37324908231863,
-10.9424001927132));
#12853=CARTESIAN_POINT('Ctrl Pts',(-2.68925706239586,-8.37551100661584,
-10.9392776094194));
#12854=CARTESIAN_POINT('Ctrl Pts',(-2.6907618321934,-8.37782432527867,-10.9361932440066));
#12855=CARTESIAN_POINT('Ctrl Pts',(-2.69227233134038,-8.38018903226064,
-10.9331487372447));
#12856=CARTESIAN_POINT('Ctrl Pts',(-2.69492854066866,-8.38434736413175,
-10.9277949790004));
#12857=CARTESIAN_POINT('Ctrl Pts',(-2.69759589715992,-8.38865419174845,
-10.9225778407374));
#12858=CARTESIAN_POINT('Ctrl Pts',(-2.70027138464607,-8.39310765142316,
-10.9175044552615));
#12859=CARTESIAN_POINT('Ctrl Pts',(-2.70858985383972,-8.4069540877459,-10.9017305818993));
#12860=CARTESIAN_POINT('Ctrl Pts',(-2.71698739823127,-8.42221526380028,
-10.8873434192962));
#12861=CARTESIAN_POINT('Ctrl Pts',(-2.72539388707416,-8.43868132206049,
-10.8744351168495));
#12862=CARTESIAN_POINT('Ctrl Pts',(-2.73342929349713,-8.45442052932976,
-10.8620966175869));
#12863=CARTESIAN_POINT('Ctrl Pts',(-2.7414734024747,-8.47126181692386,-10.8511090795121));
#12864=CARTESIAN_POINT('Ctrl Pts',(-2.74945473105918,-8.48904442295506,
-10.8415899730167));
#12865=CARTESIAN_POINT('Ctrl Pts',(-2.75775593407779,-8.50753971747932,
-10.8316893612655));
#12866=CARTESIAN_POINT('Ctrl Pts',(-2.76591268636473,-8.52688228548216,
-10.823468303359));
#12867=CARTESIAN_POINT('Ctrl Pts',(-2.77383497981668,-8.54686541200979,
-10.8170098052332));
#12868=CARTESIAN_POINT('Ctrl Pts',(-2.78156120791252,-8.56635398492833,
-10.8107111456367));
#12869=CARTESIAN_POINT('Ctrl Pts',(-2.78906502268597,-8.58645300992248,
-10.8060885533341));
#12870=CARTESIAN_POINT('Ctrl Pts',(-2.79624684941888,-8.60698806794939,
-10.8032613944284));
#12871=CARTESIAN_POINT('Ctrl Pts',(-2.79828488592933,-8.61281544301143,
-10.8024591120446));
#12872=CARTESIAN_POINT('Ctrl Pts',(-2.80029686206332,-8.6186779803321,-10.8018016989162));
#12873=CARTESIAN_POINT('Ctrl Pts',(-2.80228015814538,-8.62457175463667,
-10.8012925856484));
#12874=CARTESIAN_POINT('Ctrl Pts',(-2.80543647467084,-8.63395140168141,
-10.8004823573446));
#12875=CARTESIAN_POINT('Ctrl Pts',(-2.80851206958072,-8.64338618357452,
-10.800049680415));
#12876=CARTESIAN_POINT('Ctrl Pts',(-2.81149676713042,-8.65285963050887,
-10.800004177424));
#12877=CARTESIAN_POINT('Origin',(1.11022302462516E-15,1.11022302462516E-15,
-2.8));
#12878=CARTESIAN_POINT('',(5.53008731013111E-16,-9.1,-3.2));
#12879=CARTESIAN_POINT('Origin',(1.11022302462516E-15,1.11022302462516E-15,
-3.2));
#12880=CARTESIAN_POINT('',(1.46903433642945E-15,-9.09816751615185,-3.2));
#12881=CARTESIAN_POINT('',(4.30544051098376E-16,-11.1,-3.2));
#12882=CARTESIAN_POINT('Ctrl Pts',(1.38390339674138E-5,-9.09814736589249,
-3.19999583198089));
#12883=CARTESIAN_POINT('Ctrl Pts',(0.000208896845745087,-9.07634057930135,
-3.19989592633688));
#12884=CARTESIAN_POINT('Ctrl Pts',(-6.9327026693928E-5,-9.05465855789477,
-3.1979330942036));
#12885=CARTESIAN_POINT('Ctrl Pts',(-0.000768896357071279,-9.03329573996494,
-3.19423757160433));
#12886=CARTESIAN_POINT('Ctrl Pts',(-0.00149138723216535,-9.01123296455385,
-3.1904209643851));
#12887=CARTESIAN_POINT('Ctrl Pts',(-0.00266344432390424,-8.98950930744683,
-3.18475598013884));
#12888=CARTESIAN_POINT('Ctrl Pts',(-0.00425201430876487,-8.96834294275789,
-3.17733754778336));
#12889=CARTESIAN_POINT('Ctrl Pts',(-0.00470462216312906,-8.96231232213818,
-3.17522392308747));
#12890=CARTESIAN_POINT('Ctrl Pts',(-0.00519117879181614,-8.95632703643688,
-3.17296768089539));
#12891=CARTESIAN_POINT('Ctrl Pts',(-0.00571123428061875,-8.95039243260733,
-3.17057037826337));
#12892=CARTESIAN_POINT('Ctrl Pts',(-0.00753121214648748,-8.92962378802027,
-3.16218081633775));
#12893=CARTESIAN_POINT('Ctrl Pts',(-0.00974271831348218,-8.90966881797882,
-3.15214544731532));
#12894=CARTESIAN_POINT('Ctrl Pts',(-0.0123201751593356,-8.89072474182486,
-3.14059717771695));
#12895=CARTESIAN_POINT('Ctrl Pts',(-0.0149054185813069,-8.87172343503629,
-3.12901402044222));
#12896=CARTESIAN_POINT('Ctrl Pts',(-0.0178591081238846,-8.85373778142003,
-3.11590825972616));
#12897=CARTESIAN_POINT('Ctrl Pts',(-0.0211752538935087,-8.83698497845206,
-3.10137068396683));
#12898=CARTESIAN_POINT('Ctrl Pts',(-0.022121640522171,-8.83220393750183,
-3.0972218412236));
#12899=CARTESIAN_POINT('Ctrl Pts',(-0.0230976566364623,-8.82752349096403,
-3.09295614135011));
#12900=CARTESIAN_POINT('Ctrl Pts',(-0.0241034095543347,-8.82294919797233,
-3.08857514344686));
#12901=CARTESIAN_POINT('Ctrl Pts',(-0.0245636197652782,-8.82085610303298,
-3.0865704960495));
#12902=CARTESIAN_POINT('Ctrl Pts',(-0.025029572362694,-8.81878748226118,
-3.08454385806141));
#12903=CARTESIAN_POINT('Ctrl Pts',(-0.0255012506094039,-8.81674374161832,
-3.08249552056861));
#12904=CARTESIAN_POINT('Ctrl Pts',(-0.0290252358323814,-8.80147462146016,
-3.06719205659362));
#12905=CARTESIAN_POINT('Ctrl Pts',(-0.0328672494045497,-8.78759183667717,
-3.05068072667845));
#12906=CARTESIAN_POINT('Ctrl Pts',(-0.0369605052938174,-8.77512990694741,
-3.0331924201041));
#12907=CARTESIAN_POINT('Ctrl Pts',(-0.0412152026728885,-8.76217646812175,
-3.01501435986081));
#12908=CARTESIAN_POINT('Ctrl Pts',(-0.0457418541162731,-8.75075740006933,
-2.99577975272245));
#12909=CARTESIAN_POINT('Ctrl Pts',(-0.0504817293746713,-8.74094999757658,
-2.97571215193129));
#12910=CARTESIAN_POINT('Ctrl Pts',(-0.0515582126002658,-8.73872261738311,
-2.97115455611875));
#12911=CARTESIAN_POINT('Ctrl Pts',(-0.0526457396606697,-8.73657854642733,
-2.96655388964015));
#12912=CARTESIAN_POINT('Ctrl Pts',(-0.0537436900807658,-8.73451901938948,
-2.96191261245347));
#12913=CARTESIAN_POINT('Ctrl Pts',(-0.0586271494832629,-8.72535866342661,
-2.94126915870366));
#12914=CARTESIAN_POINT('Ctrl Pts',(-0.0636812274130265,-8.71793359933767,
-2.91997404104401));
#12915=CARTESIAN_POINT('Ctrl Pts',(-0.0688513566094213,-8.71230721725795,
-2.89826324542004));
#12916=CARTESIAN_POINT('Ctrl Pts',(-0.0739692362433486,-8.70673769565324,
-2.87677186009108));
#12917=CARTESIAN_POINT('Ctrl Pts',(-0.0792014455839942,-8.70293021286719,
-2.85487191162647));
#12918=CARTESIAN_POINT('Ctrl Pts',(-0.0845024401508786,-8.7009923701864,
-2.83277557099461));
#12919=CARTESIAN_POINT('Ctrl Pts',(-0.0868890906302914,-8.70011990123652,
-2.82282720351433));
#12920=CARTESIAN_POINT('Ctrl Pts',(-0.0892897289722153,-8.69962708400115,
-2.81283891206653));
#12921=CARTESIAN_POINT('Ctrl Pts',(-0.0917001965356412,-8.69952724184352,
-2.80282994728163));
#12922=CARTESIAN_POINT('Ctrl Pts',(-0.0919273660579075,-8.69951783242619,
-2.8018866731289));
#12923=CARTESIAN_POINT('Ctrl Pts',(-0.0921545907825723,-8.69951191636968,
-2.80094335191501));
#12924=CARTESIAN_POINT('Ctrl Pts',(-0.092381867232552,-8.69950950287467,
-2.8));
#12925=CARTESIAN_POINT('Origin',(1.11022302462516E-15,1.11022302462516E-15,
-11.2));
#12926=CARTESIAN_POINT('',(-9.0833288834677,0.519411731406045,-10.8000041975183));
#12927=CARTESIAN_POINT('Ctrl Pts',(-8.4525017330572,2.06039182018011,-11.1999999999975));
#12928=CARTESIAN_POINT('Ctrl Pts',(-8.4533858748456,2.05676473822146,-11.1990591536992));
#12929=CARTESIAN_POINT('Ctrl Pts',(-8.45427093435233,2.05313776120399,-11.1981182783235));
#12930=CARTESIAN_POINT('Ctrl Pts',(-8.6575720828365,1.22089625991459,-10.9822138162754));
#12931=CARTESIAN_POINT('Ctrl Pts',(-8.77981321134577,0.92209701865328,-10.9048896947553));
#12932=CARTESIAN_POINT('Ctrl Pts',(-8.85116879486987,0.756301842793075,
-10.8621990972714));
#12933=CARTESIAN_POINT('Ctrl Pts',(-8.89239623732157,0.674464364043721,
-10.8411785134302));
#12934=CARTESIAN_POINT('Ctrl Pts',(-8.95653841118181,0.590052636079587,
-10.819322295087));
#12935=CARTESIAN_POINT('Ctrl Pts',(-8.97842941644539,0.565599820037226,
-10.8129641549769));
#12936=CARTESIAN_POINT('Ctrl Pts',(-9.01613750715014,0.53790177490185,-10.8055855355226));
#12937=CARTESIAN_POINT('Ctrl Pts',(-9.03072920446548,0.529596737924378,
-10.8033276766844));
#12938=CARTESIAN_POINT('Ctrl Pts',(-9.05839604595897,0.520682528533381,
-10.8007152172774));
#12939=CARTESIAN_POINT('Ctrl Pts',(-9.07072315379609,0.518803753436726,
-10.8000620124392));
#12940=CARTESIAN_POINT('Ctrl Pts',(-9.0833288834677,0.519411731406046,-10.8000041975183));
#12941=CARTESIAN_POINT('Ctrl Pts',(-9.08515884572783,0.519508178851188,
-10.8));
#12942=CARTESIAN_POINT('Ctrl Pts',(-9.08454901397413,0.519473307409847,
-10.8));
#12943=CARTESIAN_POINT('Ctrl Pts',(-9.08393918222043,0.519438435968504,
-10.8));
#12944=CARTESIAN_POINT('Ctrl Pts',(-9.08332935046672,0.519403564527162,
-10.8));
#12945=CARTESIAN_POINT('Ctrl Pts',(0.0859764683716832,-9.09776127400841,
-3.15588221641552));
#12946=CARTESIAN_POINT('Ctrl Pts',(-2.25241579852029,-9.11985975546114,
-4.35583561051675));
#12947=CARTESIAN_POINT('Ctrl Pts',(-6.14261586723138,-7.5777260240087,-6.35587401392524));
#12948=CARTESIAN_POINT('Ctrl Pts',(-9.09583692208325,-2.75940501100046,
-9.15591017927049));
#12949=CARTESIAN_POINT('Ctrl Pts',(-9.21957056909498,0.455000733508045,
-10.755850606382));
#12950=CARTESIAN_POINT('Ctrl Pts',(-8.88080129054261,1.97687141459873,-11.555882216413));
#12951=CARTESIAN_POINT('Ctrl Pts',(0.0866465679013663,-8.99365790934393,
-3.15503358492327));
#12952=CARTESIAN_POINT('Ctrl Pts',(-2.22493905457999,-9.01602534494661,
-4.3549869790245));
#12953=CARTESIAN_POINT('Ctrl Pts',(-6.0709038223514,-7.49206135306069,-6.35502538243299));
#12954=CARTESIAN_POINT('Ctrl Pts',(-8.99127245392754,-2.72956823817643,
-9.15506154777823));
#12955=CARTESIAN_POINT('Ctrl Pts',(-9.11410170728718,0.44813638294491,-10.7550019748897));
#12956=CARTESIAN_POINT('Ctrl Pts',(-8.77955514814292,1.95263965409668,-11.5550335849207));
#12957=CARTESIAN_POINT('Ctrl Pts',(0.0489073411943601,-8.78660752933213,
-3.07719033045969));
#12958=CARTESIAN_POINT('Ctrl Pts',(-2.20962191783169,-8.79912575180045,
-4.27714372456093));
#12959=CARTESIAN_POINT('Ctrl Pts',(-5.96072908337019,-7.29536583703787,
-6.27718212796941));
#12960=CARTESIAN_POINT('Ctrl Pts',(-8.79483133057975,-2.6307397496138,-9.07721829331466));
#12961=CARTESIAN_POINT('Ctrl Pts',(-8.90226833438326,0.473940310484942,
-10.6771587204261));
#12962=CARTESIAN_POINT('Ctrl Pts',(-8.5693377977497,1.94250186887866,-11.4771903304571));
#12963=CARTESIAN_POINT('Ctrl Pts',(-0.0448627477178142,-8.70001411810482,
-2.89263022394051));
#12964=CARTESIAN_POINT('Ctrl Pts',(-2.2808113550706,-8.68850727339984,-4.09258361804175));
#12965=CARTESIAN_POINT('Ctrl Pts',(-5.97916976808018,-7.15945545045977,
-6.09262202145023));
#12966=CARTESIAN_POINT('Ctrl Pts',(-8.7353860246076,-2.51145075024912,-8.89265818679547));
#12967=CARTESIAN_POINT('Ctrl Pts',(-8.80887849117944,0.563952082511233,
-10.4925986139069));
#12968=CARTESIAN_POINT('Ctrl Pts',(-8.46375616126582,2.01422192520856,-11.292630223938));
#12969=CARTESIAN_POINT('Ctrl Pts',(-0.0923818672325517,-8.69950950287467,
-2.8));
#12970=CARTESIAN_POINT('Ctrl Pts',(-2.32841171398106,-8.67576464549368,
-3.99995339410124));
#12971=CARTESIAN_POINT('Ctrl Pts',(-6.01802159884438,-7.12676701840046,
-5.99999179750972));
#12972=CARTESIAN_POINT('Ctrl Pts',(-8.74897080730668,-2.46357025971945,
-8.80002796285497));
#12973=CARTESIAN_POINT('Ctrl Pts',(-8.80558360034663,0.611917279588058,
-10.3999683899664));
#12974=CARTESIAN_POINT('Ctrl Pts',(-8.4525017330572,2.06039182018011,-11.1999999999975));
#12975=CARTESIAN_POINT('Ctrl Pts',(1.19928426497995E-6,-9.09814736004087,
-3.20000231867341));
#12976=CARTESIAN_POINT('Ctrl Pts',(-2.30953369239359,-9.09707647289251,
-4.38525069772705));
#12977=CARTESIAN_POINT('Ctrl Pts',(-6.15812793667452,-7.55241734282131,
-6.37058146542765));
#12978=CARTESIAN_POINT('Ctrl Pts',(-8.83002331716077,-3.19309258614397,
-8.90388444425112));
#12979=CARTESIAN_POINT('Ctrl Pts',(-9.14179153137924,-0.546187707362686,
-10.2518224230411));
#12980=CARTESIAN_POINT('Ctrl Pts',(-9.0819888495618,0.519441206886455,-10.7998006355163));
#12981=CARTESIAN_POINT('Origin',(1.11022302462516E-15,1.11022302462516E-15,
-11.6));
#12982=CARTESIAN_POINT('Origin',(-9.1,-4.205562598935E-18,-11.6));
#12983=CARTESIAN_POINT('Ctrl Pts',(9.09776127400852,0.0859764683605327,
-3.15588221642124));
#12984=CARTESIAN_POINT('Ctrl Pts',(9.11249359497508,-1.4729517095664,-3.95585114582152));
#12985=CARTESIAN_POINT('Ctrl Pts',(8.32276724880314,-4.59140948336984,-5.5558321043265));
#12986=CARTESIAN_POINT('Ctrl Pts',(4.43156750730281,-8.68986025306076,-8.35593718346702));
#12987=CARTESIAN_POINT('Ctrl Pts',(0.305934607035733,-9.38895520837081,
-10.3558348013673));
#12988=CARTESIAN_POINT('Ctrl Pts',(-1.97687141459873,-8.88080129054261,
-11.555882216413));
#12989=CARTESIAN_POINT('Ctrl Pts',(8.99365790934404,0.0866465678903436,
-3.15503358492899));
#12990=CARTESIAN_POINT('Ctrl Pts',(9.00856953307726,-1.45441051376286,-3.95500251432927));
#12991=CARTESIAN_POINT('Ctrl Pts',(8.2283264037984,-4.53730713754125,-5.55498347283425));
#12992=CARTESIAN_POINT('Ctrl Pts',(4.38254340627284,-8.58966072710031,-8.35508855197476));
#12993=CARTESIAN_POINT('Ctrl Pts',(0.304115252629433,-9.28137498685897,
-10.354986169875));
#12994=CARTESIAN_POINT('Ctrl Pts',(-1.95263965409669,-8.77955514814292,
-11.5550335849207));
#12995=CARTESIAN_POINT('Ctrl Pts',(8.78660752933219,0.0489073411835913,
-3.07719033046542));
#12996=CARTESIAN_POINT('Ctrl Pts',(8.79495301097589,-1.45677883149943,-3.87715925986569));
#12997=CARTESIAN_POINT('Ctrl Pts',(8.02069268200811,-4.46544851495911,-5.47714021837068));
#12998=CARTESIAN_POINT('Ctrl Pts',(4.24714288772971,-8.40901701076245,-8.27724529751119));
#12999=CARTESIAN_POINT('Ctrl Pts',(0.260340468710411,-9.06873360269971,
-10.2771429154115));
#13000=CARTESIAN_POINT('Ctrl Pts',(-1.94250186887867,-8.5693377977497,-11.4771903304571));
#13001=CARTESIAN_POINT('Ctrl Pts',(8.70001411810477,-0.0448627477284771,
-2.89263022394623));
#13002=CARTESIAN_POINT('Ctrl Pts',(8.69234288829962,-1.5354951526293,-3.69259915334651));
#13003=CARTESIAN_POINT('Ctrl Pts',(7.89351998417916,-4.50634052310107,-5.29258011185149));
#13004=CARTESIAN_POINT('Ctrl Pts',(4.11601569772975,-8.37056417119888,-8.09268519099201));
#13005=CARTESIAN_POINT('Ctrl Pts',(0.161182838835943,-8.98143965613589,
-10.0925828088923));
#13006=CARTESIAN_POINT('Ctrl Pts',(-2.01422192520857,-8.46375616126581,
-11.292630223938));
#13007=CARTESIAN_POINT('Ctrl Pts',(8.69950950287455,-0.0923818672432141,
-2.80000000000572));
#13008=CARTESIAN_POINT('Ctrl Pts',(8.68367959795208,-1.58306843174118,-3.599968929406));
#13009=CARTESIAN_POINT('Ctrl Pts',(7.86882565432852,-4.54929688794827,-5.19994988791098));
#13010=CARTESIAN_POINT('Ctrl Pts',(4.07002149271274,-8.3929267987645,-8.0000549670515));
#13011=CARTESIAN_POINT('Ctrl Pts',(0.11231999070648,-8.98212453399098,-9.99995258495176));
#13012=CARTESIAN_POINT('Ctrl Pts',(-2.06039182018011,-8.45250173305719,
-11.1999999999975));
#13013=CARTESIAN_POINT('',(9.09816751615186,-1.64147677394537E-18,-3.2));
#13014=CARTESIAN_POINT('Ctrl Pts',(8.69950950287452,-0.0923818672462842,
-2.80000000000737));
#13015=CARTESIAN_POINT('Ctrl Pts',(8.69951191634966,-0.0921545926684627,
-2.80094334415165));
#13016=CARTESIAN_POINT('Ctrl Pts',(8.69951783252774,-0.091927369842062,
-2.80188665759346));
#13017=CARTESIAN_POINT('Ctrl Pts',(8.69952724220783,-0.091700202274865,
-2.80282992397659));
#13018=CARTESIAN_POINT('Ctrl Pts',(8.69974812321063,-0.0863677149259943,
-2.82497197584023));
#13019=CARTESIAN_POINT('Ctrl Pts',(8.70188890384622,-0.0810812868280776,
-2.84702227067096));
#13020=CARTESIAN_POINT('Ctrl Pts',(8.70582457246011,-0.0758855386383386,
-2.8687718748466));
#13021=CARTESIAN_POINT('Ctrl Pts',(8.70982672228709,-0.0706020240037004,
-2.89088887277705));
#13022=CARTESIAN_POINT('Ctrl Pts',(8.71568534990031,-0.0654116573544978,
-2.91269620011543));
#13023=CARTESIAN_POINT('Ctrl Pts',(8.72332016906085,-0.0603655801990215,
-2.93396387547566));
#13024=CARTESIAN_POINT('Ctrl Pts',(8.72449785951312,-0.059587209845715,
-2.93724446898902));
#13025=CARTESIAN_POINT('Ctrl Pts',(8.72571790237732,-0.0588122915717992,
-2.94051218045782));
#13026=CARTESIAN_POINT('Ctrl Pts',(8.72698009862766,-0.0580410369275259,
-2.94376611373117));
#13027=CARTESIAN_POINT('Ctrl Pts',(8.73509054264902,-0.0530852167712454,
-2.96467478277197));
#13028=CARTESIAN_POINT('Ctrl Pts',(8.74488609878908,-0.0483109119005098,
-2.98488307198935));
#13029=CARTESIAN_POINT('Ctrl Pts',(8.75627732348911,-0.0437730144783736,
-3.00417038513237));
#13030=CARTESIAN_POINT('Ctrl Pts',(8.7672917340921,-0.0393852276689795,
-3.02281968685187));
#13031=CARTESIAN_POINT('Ctrl Pts',(8.77979871734567,-0.0352179658262017,
-3.04060892130575));
#13032=CARTESIAN_POINT('Ctrl Pts',(8.79375496932684,-0.031333162150361,
-3.05731119591288));
#13033=CARTESIAN_POINT('Ctrl Pts',(8.79627819531185,-0.0306308075644193,
-3.06033089012264));
#13034=CARTESIAN_POINT('Ctrl Pts',(8.79884887953076,-0.0299377304269323,
-3.06331495795577));
#13035=CARTESIAN_POINT('Ctrl Pts',(8.8014668758344,-0.0292543610081821,
-3.06626192006714));
#13036=CARTESIAN_POINT('Ctrl Pts',(8.80640646354796,-0.0279649920430736,
-3.07182219447142));
#13037=CARTESIAN_POINT('Ctrl Pts',(8.81150170472552,-0.0267134374757936,
-3.0772360165505));
#13038=CARTESIAN_POINT('Ctrl Pts',(8.81674959136642,-0.0255022504190912,
-3.08249543307439));
#13039=CARTESIAN_POINT('Ctrl Pts',(8.83248837567754,-0.0218698145167421,
-3.09826879632252));
#13040=CARTESIAN_POINT('Ctrl Pts',(8.84959772062084,-0.0185991770331463,
-3.11265626748207));
#13041=CARTESIAN_POINT('Ctrl Pts',(8.86785669368029,-0.0156922659187157,
-3.12556528660478));
#13042=CARTESIAN_POINT('Ctrl Pts',(8.88509817085041,-0.0129473447530054,
-3.1377549403037));
#13043=CARTESIAN_POINT('Ctrl Pts',(8.90336602712811,-0.0105266545582631,
-3.1486264617586));
#13044=CARTESIAN_POINT('Ctrl Pts',(8.92249166628907,-0.00844782644966545,
-3.1580664351493));
#13045=CARTESIAN_POINT('Ctrl Pts',(8.94262737597481,-0.00625921048085955,
-3.16800495600272));
#13046=CARTESIAN_POINT('Ctrl Pts',(8.96352782598495,-0.00446949659992833,
-3.17626545202043));
#13047=CARTESIAN_POINT('Ctrl Pts',(8.98496858641125,-0.0031002752485832,
-3.18276490759856));
#13048=CARTESIAN_POINT('Ctrl Pts',(9.00588139851175,-0.00176476903167041,
-3.18910432329831));
#13049=CARTESIAN_POINT('Ctrl Pts',(9.02730956892754,-0.000829119066909274,
-3.19376868876547));
#13050=CARTESIAN_POINT('Ctrl Pts',(9.04905641559218,-0.000334000984468905,
-3.19663860133376));
#13051=CARTESIAN_POINT('Ctrl Pts',(9.05522491268079,-0.000193560648582376,
-3.19745265256588));
#13052=CARTESIAN_POINT('Ctrl Pts',(9.06141905598201,-8.8703789199778E-5,
-3.19812204272508));
#13053=CARTESIAN_POINT('Ctrl Pts',(9.06763430909618,-2.07041411928372E-5,
-3.19864334495004));
#13054=CARTESIAN_POINT('Ctrl Pts',(9.07778634123441,9.03668963455457E-5,
-3.19949484316648));
#13055=CARTESIAN_POINT('Ctrl Pts',(9.08796794904009,0.000102799844828418,
-3.19994913409058));
#13056=CARTESIAN_POINT('Ctrl Pts',(9.09815881641004,1.16452438181786E-5,
-3.19999582257341));
#13057=CARTESIAN_POINT('',(-0.519411731406044,-9.0833288834677,-10.8000041975183));
#13058=CARTESIAN_POINT('Ctrl Pts',(9.09815881424535,7.31955924083288E-7,
-3.20000142296348));
#13059=CARTESIAN_POINT('Ctrl Pts',(9.09785435333146,-1.53021492006734,-3.98526473463878));
#13060=CARTESIAN_POINT('Ctrl Pts',(8.30232876928021,-4.61293654640869,-5.57053962234766));
#13061=CARTESIAN_POINT('Ctrl Pts',(4.78181769377298,-8.3209552259008,-8.10389735224343));
#13062=CARTESIAN_POINT('Ctrl Pts',(1.32434191050875,-9.17737591736093,-9.8517970411491));
#13063=CARTESIAN_POINT('Ctrl Pts',(-0.519320522395666,-9.07938606683016,
-10.7997740258647));
#13064=CARTESIAN_POINT('Ctrl Pts',(-2.06039182018011,-8.45250173305719,
-11.1999999999975));
#13065=CARTESIAN_POINT('Ctrl Pts',(-2.05676463104177,-8.45338590097184,
-11.1990591258974));
#13066=CARTESIAN_POINT('Ctrl Pts',(-2.0531375468417,-8.45427098666129,-11.1981182227158));
#13067=CARTESIAN_POINT('Ctrl Pts',(-1.22089819495957,-8.65757162288363,
-10.9822143175387));
#13068=CARTESIAN_POINT('Ctrl Pts',(-0.922098873659425,-8.7798125067774,
-10.9048901728117));
#13069=CARTESIAN_POINT('Ctrl Pts',(-0.756303071642427,-8.85116817449497,
-10.862199413287));
#13070=CARTESIAN_POINT('Ctrl Pts',(-0.674464938027719,-8.89239584194745,
-10.8411786616647));
#13071=CARTESIAN_POINT('Ctrl Pts',(-0.590052757840971,-8.95653830248334,
-10.8193223267661));
#13072=CARTESIAN_POINT('Ctrl Pts',(-0.56559987861473,-8.97842934496081,
-10.812964170465));
#13073=CARTESIAN_POINT('Ctrl Pts',(-0.537901786795891,-9.01613748651654,
-10.8055855387538));
#13074=CARTESIAN_POINT('Ctrl Pts',(-0.529596742640846,-9.03072919163811,
-10.803327678038));
#13075=CARTESIAN_POINT('Ctrl Pts',(-0.520682528942812,-9.05839604330791,
-10.8007152174192));
#13076=CARTESIAN_POINT('Ctrl Pts',(-0.518803753370665,-9.07072315242638,
-10.8000620124455));
#13077=CARTESIAN_POINT('Ctrl Pts',(-0.519411731406047,-9.0833288834677,
-10.8000041975183));
#13078=CARTESIAN_POINT('Origin',(1.11022302462516E-15,1.11022302462516E-15,
-2.8));
#13079=CARTESIAN_POINT('Ctrl Pts',(0.652417613794846,8.67550293972691,-2.80000000000255));
#13080=CARTESIAN_POINT('Ctrl Pts',(0.656140972009319,8.67522293469452,-2.80094099375304));
#13081=CARTESIAN_POINT('Ctrl Pts',(0.659864514095324,8.67494383517439,-2.80188201659713));
#13082=CARTESIAN_POINT('Ctrl Pts',(1.51418505058914,8.611118888329,-3.01778352644291));
#13083=CARTESIAN_POINT('Ctrl Pts',(1.83613460554634,8.635041702496,-3.09510777112704));
#13084=CARTESIAN_POINT('Ctrl Pts',(2.01586856784446,8.65167076645283,-3.13779922696294));
#13085=CARTESIAN_POINT('Ctrl Pts',(2.10644428703327,8.66559128417269,-3.15882070052336));
#13086=CARTESIAN_POINT('Ctrl Pts',(2.20654838317695,8.70051016287693,-3.18067753693431));
#13087=CARTESIAN_POINT('Ctrl Pts',(2.23656946548041,8.71377349450208,-3.18703576289752));
#13088=CARTESIAN_POINT('Ctrl Pts',(2.27456463139446,8.74107703317328,-3.19441444734436));
#13089=CARTESIAN_POINT('Ctrl Pts',(2.28697232236373,8.75238819202918,-3.19667231613841));
#13090=CARTESIAN_POINT('Ctrl Pts',(2.30399980188895,8.77594632398444,-3.19928478197052));
#13091=CARTESIAN_POINT('Ctrl Pts',(2.30959591349777,8.78708953246906,-3.19993798752748));
#13092=CARTESIAN_POINT('Ctrl Pts',(2.31291307869447,8.79926617635612,-3.19999580248166));
#13093=CARTESIAN_POINT('',(9.1,-4.20556259893512E-18,-3.2));
#13094=CARTESIAN_POINT('Origin',(1.11022302462516E-15,1.11022302462516E-15,
-3.2));
#13095=CARTESIAN_POINT('',(11.1,-2.49134922428405E-16,-3.2));
#13096=CARTESIAN_POINT('Ctrl Pts',(0.652417613794846,8.67550293972691,-2.80000000000255));
#13097=CARTESIAN_POINT('Ctrl Pts',(2.88245178566905,8.5077992822902,-4.00004741504935));
#13098=CARTESIAN_POINT('Ctrl Pts',(6.46437881780072,6.72444538106283,-5.9999450237499));
#13099=CARTESIAN_POINT('Ctrl Pts',(8.88950882695966,1.89503750801799,-8.80005010685429));
#13100=CARTESIAN_POINT('Ctrl Pts',(8.74786511571656,-1.17781702173894,-10.4000310706011));
#13101=CARTESIAN_POINT('Ctrl Pts',(8.30227276822634,-2.60043590229932,-11.2000000000021));
#13102=CARTESIAN_POINT('Ctrl Pts',(0.699805602842633,8.67193925483718,-2.70736977606204));
#13103=CARTESIAN_POINT('Ctrl Pts',(2.92871147689103,8.49204847427767,-3.90741719110884));
#13104=CARTESIAN_POINT('Ctrl Pts',(6.50121154592553,6.68896439322213,-5.9073147998094));
#13105=CARTESIAN_POINT('Ctrl Pts',(8.89972037486033,1.84655264269789,-8.70741988291378));
#13106=CARTESIAN_POINT('Ctrl Pts',(8.74140344273036,-1.22573900278441,-10.3074008466606));
#13107=CARTESIAN_POINT('Ctrl Pts',(8.28806847034139,-2.64578520524415,-11.1073697760616));
#13108=CARTESIAN_POINT('Ctrl Pts',(0.800642040761404,8.75019039236587,-2.52280945612021));
#13109=CARTESIAN_POINT('Ctrl Pts',(3.04999139094754,8.54442830863018,-3.72285687116701));
#13110=CARTESIAN_POINT('Ctrl Pts',(6.63780334514461,6.68501426269536,-5.72275447986756));
#13111=CARTESIAN_POINT('Ctrl Pts',(9.00803217048594,1.76836324879508,-8.52285956297194));
#13112=CARTESIAN_POINT('Ctrl Pts',(8.81466652383743,-1.33231097676461,-10.1228405267187));
#13113=CARTESIAN_POINT('Ctrl Pts',(8.34144688358131,-2.76172472713668,-10.9228094561198));
#13114=CARTESIAN_POINT('Ctrl Pts',(0.855961076823258,8.95325197082029,-2.44496641507928));
#13115=CARTESIAN_POINT('Ctrl Pts',(3.15733339482609,8.73313538011974,-3.64501383012608));
#13116=CARTESIAN_POINT('Ctrl Pts',(6.82239902315918,6.81497603146934,-5.64491143882664));
#13117=CARTESIAN_POINT('Ctrl Pts',(9.22770935758116,1.77254276539312,-8.44501652193102));
#13118=CARTESIAN_POINT('Ctrl Pts',(9.01709632247955,-1.40057448426065,-10.0449974856778));
#13119=CARTESIAN_POINT('Ctrl Pts',(8.52670169802392,-2.86159891860297,-10.8449664150788));
#13120=CARTESIAN_POINT('Ctrl Pts',(0.864202081712894,9.05703080009801,-2.44411778358703));
#13121=CARTESIAN_POINT('Ctrl Pts',(3.19230782039546,8.83488803938272,-3.64416519863383));
#13122=CARTESIAN_POINT('Ctrl Pts',(6.8999871284028,6.89512214469371,-5.64406280733438));
#13123=CARTESIAN_POINT('Ctrl Pts',(9.33424648346824,1.79481327702756,-8.44416789043876));
#13124=CARTESIAN_POINT('Ctrl Pts',(9.12166352334665,-1.41505506042285,-10.0441488541856));
#13125=CARTESIAN_POINT('Ctrl Pts',(8.62591695349891,-2.89313132493168,-10.8441177835866));
#13126=CARTESIAN_POINT('Ctrl Pts',(8.30227276822634,-2.60043590229932,-11.2000000000021));
#13127=CARTESIAN_POINT('Ctrl Pts',(8.30220483427791,-2.60065279138689,-11.1990566892842));
#13128=CARTESIAN_POINT('Ctrl Pts',(8.30214024734788,-2.60087071356015,-11.1981134092554));
#13129=CARTESIAN_POINT('Ctrl Pts',(8.30207899975898,-2.60108966267767,-11.1971701762752));
#13130=CARTESIAN_POINT('Ctrl Pts',(8.3006412320937,-2.60622942355931,-11.1750280821257));
#13131=CARTESIAN_POINT('Ctrl Pts',(8.30104364529346,-2.61191861101701,-11.1529779776929));
#13132=CARTESIAN_POINT('Ctrl Pts',(8.30318102814773,-2.61807612319314,-11.1312287767979));
#13133=CARTESIAN_POINT('Ctrl Pts',(8.30535447802045,-2.62433753959253,-11.1091125715412));
#13134=CARTESIAN_POINT('Ctrl Pts',(8.30932217065394,-2.6310839460601,-11.0873062465095));
#13135=CARTESIAN_POINT('Ctrl Pts',(8.31502345297455,-2.63824188399593,-11.0660397164857));
#13136=CARTESIAN_POINT('Ctrl Pts',(8.31594497100041,-2.6393988463186,-11.0626023335142));
#13137=CARTESIAN_POINT('Ctrl Pts',(8.31691187985007,-2.6405665709216,-11.059179098379));
#13138=CARTESIAN_POINT('Ctrl Pts',(8.31792403724605,-2.6417447555607,-11.0557710422423));
#13139=CARTESIAN_POINT('Ctrl Pts',(8.32413043658302,-2.64896920937781,-11.0348733464579));
#13140=CARTESIAN_POINT('Ctrl Pts',(8.33199455281995,-2.65654087367982,-11.014678331878));
#13141=CARTESIAN_POINT('Ctrl Pts',(8.34144829636611,-2.66437987439009,-10.9954065098478));
#13142=CARTESIAN_POINT('Ctrl Pts',(8.35058742693211,-2.6719579994628,-10.9767760385515));
#13143=CARTESIAN_POINT('Ctrl Pts',(8.36121267836728,-2.67978666327154,-10.9590073521031));
#13144=CARTESIAN_POINT('Ctrl Pts',(8.37330201549208,-2.68779359024778,-10.9423271385294));
#13145=CARTESIAN_POINT('Ctrl Pts',(8.37558403581684,-2.68930500232191,-10.9391785302969));
#13146=CARTESIAN_POINT('Ctrl Pts',(8.37791832754708,-2.69082274885707,-10.9360688112087));
#13147=CARTESIAN_POINT('Ctrl Pts',(8.38030488464268,-2.69234631246057,-10.9329996647012));
#13148=CARTESIAN_POINT('Ctrl Pts',(8.3844273593526,-2.69497807536116,-10.9276981033508));
#13149=CARTESIAN_POINT('Ctrl Pts',(8.3886955529381,-2.69762074317011,-10.9225307216496));
#13150=CARTESIAN_POINT('Ctrl Pts',(8.39310765214329,-2.7002713824066,-10.9175044540158));
#13151=CARTESIAN_POINT('Ctrl Pts',(8.40695420390204,-2.70858992006292,-10.9017304490108));
#13152=CARTESIAN_POINT('Ctrl Pts',(8.42221535673632,-2.7169874418101,-10.8873433614272));
#13153=CARTESIAN_POINT('Ctrl Pts',(8.43868116900737,-2.72539381033936,-10.874435237195));
#13154=CARTESIAN_POINT('Ctrl Pts',(8.45446845123075,-2.73345376573423,-10.8620590363206));
#13155=CARTESIAN_POINT('Ctrl Pts',(8.47136437851015,-2.74152239536578,-10.8510421767834));
#13156=CARTESIAN_POINT('Ctrl Pts',(8.48920668030143,-2.74952754314844,-10.8415031707782));
#13157=CARTESIAN_POINT('Ctrl Pts',(8.50770738323348,-2.75782808994934,-10.8316121646494));
#13158=CARTESIAN_POINT('Ctrl Pts',(8.5270545220174,-2.76598383373903,-10.8234010990419));
#13159=CARTESIAN_POINT('Ctrl Pts',(8.54704139726944,-2.7739047355164,-10.8169529779196));
#13160=CARTESIAN_POINT('Ctrl Pts',(8.56653299090231,-2.78162935463287,-10.8106646434488));
#13161=CARTESIAN_POINT('Ctrl Pts',(8.58663421498036,-2.78913121033019,-10.806052633214));
#13162=CARTESIAN_POINT('Ctrl Pts',(8.60717066822301,-2.79631069957625,-10.8032363044452));
#13163=CARTESIAN_POINT('Ctrl Pts',(8.61299910861515,-2.79834830678243,-10.8024370036039));
#13164=CARTESIAN_POINT('Ctrl Pts',(8.61886265450732,-2.8003598171076,-10.8017826252686));
#13165=CARTESIAN_POINT('Ctrl Pts',(8.6247573794794,-2.80234260922541,-10.8012766010202));
#13166=CARTESIAN_POINT('Ctrl Pts',(8.63407590240628,-2.80547705466546,-10.8004766657251));
#13167=CARTESIAN_POINT('Ctrl Pts',(8.64344870125267,-2.80853176635657,-10.8000493801292));
#13168=CARTESIAN_POINT('Ctrl Pts',(8.65285963050887,-2.81149676713042,-10.800004177424));
#13169=CARTESIAN_POINT('Origin',(1.11022302462516E-15,1.11022302462516E-15,
-11.2));
#13170=CARTESIAN_POINT('Ctrl Pts',(-0.519508178851189,-9.08515884572783,
-10.8));
#13171=CARTESIAN_POINT('Ctrl Pts',(-0.519473307409917,-9.08454901397536,
-10.8));
#13172=CARTESIAN_POINT('Ctrl Pts',(-0.519438435968645,-9.08393918222288,
-10.8));
#13173=CARTESIAN_POINT('Ctrl Pts',(-0.519403564527373,-9.0833293504704,
-10.8));
#13174=CARTESIAN_POINT('Origin',(0.,0.,-10.8));
#13175=CARTESIAN_POINT('',(3.43008863756192,10.5567273308762,-10.8));
#13176=CARTESIAN_POINT('Origin',(0.,0.,-3.2));
#13177=CARTESIAN_POINT('',(4.30544051098376E-16,-11.1,-3.2));
#13178=CARTESIAN_POINT('Origin',(0.,0.,-3.2));
#13179=CARTESIAN_POINT('',(-11.1,-1.11022302462516E-15,-3.2));
#13180=CARTESIAN_POINT('Ctrl Pts',(9.09816751615178,-3.98114805101447E-18,
-3.2));
#13181=CARTESIAN_POINT('Ctrl Pts',(9.09816751615178,-1.23425451901719,-3.83333333333333));
#13182=CARTESIAN_POINT('Ctrl Pts',(8.58860129432724,-3.70193082773231,-5.1));
#13183=CARTESIAN_POINT('Ctrl Pts',(6.42259428011112,-6.80034320324778,-7.));
#13184=CARTESIAN_POINT('Ctrl Pts',(3.20558032841207,-8.7859330070478,-8.9));
#13185=CARTESIAN_POINT('Ctrl Pts',(0.712838013640605,-9.15379147326302,
-10.1666666666667));
#13186=CARTESIAN_POINT('Ctrl Pts',(-0.519403564527369,-9.08332935047033,
-10.8));
#13187=CARTESIAN_POINT('Ctrl Pts',(10.0318127320904,-1.18319710574867E-16,
-3.2));
#13188=CARTESIAN_POINT('Ctrl Pts',(10.0318127320904,-1.3609125328299,-3.83333333333333));
#13189=CARTESIAN_POINT('Ctrl Pts',(9.46995531378421,-4.08181941528714,-5.1));
#13190=CARTESIAN_POINT('Ctrl Pts',(7.08167473921406,-7.49818789419042,-7.));
#13191=CARTESIAN_POINT('Ctrl Pts',(3.53453390424104,-9.6875370174186,-8.9));
#13192=CARTESIAN_POINT('Ctrl Pts',(0.785988766250211,-10.0931447662794,
-10.1666666666667));
#13193=CARTESIAN_POINT('Ctrl Pts',(-0.57270425967302,-10.0154518880919,
-10.8));
#13194=CARTESIAN_POINT('Ctrl Pts',(10.9654579480291,-2.32658273098719E-16,
-3.2));
#13195=CARTESIAN_POINT('Ctrl Pts',(10.9654579480291,-1.4875705466426,-3.83333333333333));
#13196=CARTESIAN_POINT('Ctrl Pts',(10.3513093332412,-4.46170800284197,-5.1));
#13197=CARTESIAN_POINT('Ctrl Pts',(7.740755198317,-8.19603258513306,-7.));
#13198=CARTESIAN_POINT('Ctrl Pts',(3.86348748006999,-10.5891410277894,-8.9));
#13199=CARTESIAN_POINT('Ctrl Pts',(0.859139518859817,-11.0324980592958,
-10.1666666666667));
#13200=CARTESIAN_POINT('Ctrl Pts',(-0.62600495481867,-10.9475744257135,
-10.8));
#13201=CARTESIAN_POINT('Ctrl Pts',(11.8991031639678,-3.46996835622571E-16,
-3.2));
#13202=CARTESIAN_POINT('Ctrl Pts',(11.8991031639678,-1.61422856045531,-3.83333333333333));
#13203=CARTESIAN_POINT('Ctrl Pts',(11.2326633526982,-4.8415965903968,-5.1));
#13204=CARTESIAN_POINT('Ctrl Pts',(8.39983565741993,-8.8938772760757,-7.));
#13205=CARTESIAN_POINT('Ctrl Pts',(4.19244105589896,-11.4907450381602,-8.9));
#13206=CARTESIAN_POINT('Ctrl Pts',(0.932290271469423,-11.9718513523123,
-10.1666666666667));
#13207=CARTESIAN_POINT('Ctrl Pts',(-0.679305649964321,-11.8796969633352,
-10.8));
#13208=CARTESIAN_POINT('',(11.1,-2.49134922428405E-16,-3.2));
#13209=CARTESIAN_POINT('Ctrl Pts',(5.53120938287292E-16,-9.09816751614817,
-3.2));
#13210=CARTESIAN_POINT('Ctrl Pts',(-1.2342545190167,-9.09816751614817,-3.83333333333333));
#13211=CARTESIAN_POINT('Ctrl Pts',(-3.70193082773084,-8.58860129432383,
-5.1));
#13212=CARTESIAN_POINT('Ctrl Pts',(-6.80034320324508,-6.42259428010857,
-7.));
#13213=CARTESIAN_POINT('Ctrl Pts',(-8.7859330070443,-3.2055803284108,-8.9));
#13214=CARTESIAN_POINT('Ctrl Pts',(-9.15379147325939,-0.712838013640321,
-10.1666666666667));
#13215=CARTESIAN_POINT('Ctrl Pts',(-9.08332935046672,0.519403564527165,
-10.8));
#13216=CARTESIAN_POINT('Ctrl Pts',(4.95951657025292E-16,-10.031812732088,
-3.2));
#13217=CARTESIAN_POINT('Ctrl Pts',(-1.36091253282957,-10.031812732088,-3.83333333333333));
#13218=CARTESIAN_POINT('Ctrl Pts',(-4.08181941528616,-9.46995531378194,
-5.1));
#13219=CARTESIAN_POINT('Ctrl Pts',(-7.49818789418863,-7.08167473921236,
-7.));
#13220=CARTESIAN_POINT('Ctrl Pts',(-9.68753701741626,-3.53453390424018,
-8.9));
#13221=CARTESIAN_POINT('Ctrl Pts',(-10.093144766277,-0.785988766250019,
-10.1666666666667));
#13222=CARTESIAN_POINT('Ctrl Pts',(-10.0154518880895,0.572704259672884,
-10.8));
#13223=CARTESIAN_POINT('Ctrl Pts',(4.38782375763293E-16,-10.9654579480279,
-3.2));
#13224=CARTESIAN_POINT('Ctrl Pts',(-1.48757054664244,-10.9654579480279,
-3.83333333333333));
#13225=CARTESIAN_POINT('Ctrl Pts',(-4.46170800284148,-10.3513093332401,
-5.1));
#13226=CARTESIAN_POINT('Ctrl Pts',(-8.19603258513216,-7.74075519831614,
-7.));
#13227=CARTESIAN_POINT('Ctrl Pts',(-10.5891410277882,-3.86348748006957,
-8.9));
#13228=CARTESIAN_POINT('Ctrl Pts',(-11.0324980592946,-0.859139518859722,
-10.1666666666667));
#13229=CARTESIAN_POINT('Ctrl Pts',(-10.9475744257123,0.626004954818603,
-10.8));
#13230=CARTESIAN_POINT('Ctrl Pts',(3.81613094501293E-16,-11.8991031639678,
-3.2));
#13231=CARTESIAN_POINT('Ctrl Pts',(-1.61422856045531,-11.8991031639678,
-3.83333333333333));
#13232=CARTESIAN_POINT('Ctrl Pts',(-4.8415965903968,-11.2326633526982,-5.1));
#13233=CARTESIAN_POINT('Ctrl Pts',(-8.8938772760757,-8.39983565741993,-7.));
#13234=CARTESIAN_POINT('Ctrl Pts',(-11.4907450381602,-4.19244105589895,
-8.9));
#13235=CARTESIAN_POINT('Ctrl Pts',(-11.9718513523123,-0.932290271469421,
-10.1666666666667));
#13236=CARTESIAN_POINT('Ctrl Pts',(-11.8796969633352,0.679305649964323,
-10.8));
#13237=CARTESIAN_POINT('Ctrl Pts',(-11.5081801988055,3.02497018474033,-3.2));
#13238=CARTESIAN_POINT('Ctrl Pts',(-11.097813703159,4.58616625975476,-3.83333333333333));
#13239=CARTESIAN_POINT('Ctrl Pts',(-9.63279021760038,7.5380708954796,-5.1));
#13240=CARTESIAN_POINT('Ctrl Pts',(-5.86289054011591,10.737082367997,-7.));
#13241=CARTESIAN_POINT('Ctrl Pts',(-1.13354919393237,12.1790076125483,-8.9));
#13242=CARTESIAN_POINT('Ctrl Pts',(2.14180250427598,11.8155436601459,-10.1666666666667));
#13243=CARTESIAN_POINT('Ctrl Pts',(3.67702509548675,11.3167196021598,-10.8));
#13244=CARTESIAN_POINT('Ctrl Pts',(-10.6052081648029,2.78762045321669,-3.2));
#13245=CARTESIAN_POINT('Ctrl Pts',(-10.2270404584402,4.22631962854935,-3.83333333333333));
#13246=CARTESIAN_POINT('Ctrl Pts',(-8.87696783511719,6.94660751105557,-5.1));
#13247=CARTESIAN_POINT('Ctrl Pts',(-5.40286766033057,9.894613364419,-7.));
#13248=CARTESIAN_POINT('Ctrl Pts',(-1.04460696296232,11.2234001154414,-8.9));
#13249=CARTESIAN_POINT('Ctrl Pts',(1.97374919521164,10.8884548148778,-10.1666666666667));
#13250=CARTESIAN_POINT('Ctrl Pts',(3.38851285704483,10.4287702356336,-10.8));
#13251=CARTESIAN_POINT('Ctrl Pts',(-9.70223613080032,2.55027072169304,-3.2));
#13252=CARTESIAN_POINT('Ctrl Pts',(-9.35626721372126,3.86647299734395,-3.83333333333333));
#13253=CARTESIAN_POINT('Ctrl Pts',(-8.121145452634,6.35514412663155,-5.1));
#13254=CARTESIAN_POINT('Ctrl Pts',(-4.94284478054523,9.05214436084099,-7.));
#13255=CARTESIAN_POINT('Ctrl Pts',(-0.955664731992272,10.2677926183345,
-8.9));
#13256=CARTESIAN_POINT('Ctrl Pts',(1.8056958861473,9.9613659696096,-10.1666666666667));
#13257=CARTESIAN_POINT('Ctrl Pts',(3.10000061860292,9.54082086910731,-10.8));
#13258=CARTESIAN_POINT('Ctrl Pts',(-8.79926409679771,2.3129209901694,-3.2));
#13259=CARTESIAN_POINT('Ctrl Pts',(-8.48549396900238,3.50662636613855,-3.83333333333333));
#13260=CARTESIAN_POINT('Ctrl Pts',(-7.36532307015081,5.76368074220752,-5.1));
#13261=CARTESIAN_POINT('Ctrl Pts',(-4.48282190075989,8.20967535726299,-7.));
#13262=CARTESIAN_POINT('Ctrl Pts',(-0.866722501022219,9.31218512122753,
-8.9));
#13263=CARTESIAN_POINT('Ctrl Pts',(1.63764257708297,9.03427712434143,-10.1666666666667));
#13264=CARTESIAN_POINT('Ctrl Pts',(2.811488380161,8.65287150258104,-10.8));
#13265=CARTESIAN_POINT('Ctrl Pts',(-9.09816751615178,-1.11022302462516E-15,
-3.2));
#13266=CARTESIAN_POINT('Ctrl Pts',(-9.09816751615178,1.23425451901719,-3.83333333333333));
#13267=CARTESIAN_POINT('Ctrl Pts',(-8.58860129432723,3.70193082773231,-5.1));
#13268=CARTESIAN_POINT('Ctrl Pts',(-6.42259428011112,6.80034320324778,-7.));
#13269=CARTESIAN_POINT('Ctrl Pts',(-3.20558032841207,8.78593300704779,-8.9));
#13270=CARTESIAN_POINT('Ctrl Pts',(-0.712838013640606,9.15379147326301,
-10.1666666666667));
#13271=CARTESIAN_POINT('Ctrl Pts',(0.519403564527368,9.08332935047033,-10.8));
#13272=CARTESIAN_POINT('Ctrl Pts',(-10.0318127320904,-1.11022302462516E-15,
-3.2));
#13273=CARTESIAN_POINT('Ctrl Pts',(-10.0318127320904,1.36091253282989,-3.83333333333333));
#13274=CARTESIAN_POINT('Ctrl Pts',(-9.46995531378421,4.08181941528714,-5.1));
#13275=CARTESIAN_POINT('Ctrl Pts',(-7.08167473921405,7.49818789419041,-6.99999999999999));
#13276=CARTESIAN_POINT('Ctrl Pts',(-3.53453390424104,9.68753701741859,-8.9));
#13277=CARTESIAN_POINT('Ctrl Pts',(-0.78598876625021,10.0931447662794,-10.1666666666667));
#13278=CARTESIAN_POINT('Ctrl Pts',(0.572704259673018,10.0154518880919,-10.8));
#13279=CARTESIAN_POINT('Ctrl Pts',(-10.9654579480291,-1.11022302462516E-15,
-3.2));
#13280=CARTESIAN_POINT('Ctrl Pts',(-10.9654579480291,1.4875705466426,-3.83333333333334));
#13281=CARTESIAN_POINT('Ctrl Pts',(-10.3513093332412,4.46170800284196,-5.1));
#13282=CARTESIAN_POINT('Ctrl Pts',(-7.740755198317,8.19603258513306,-7.));
#13283=CARTESIAN_POINT('Ctrl Pts',(-3.86348748007,10.5891410277894,-8.9));
#13284=CARTESIAN_POINT('Ctrl Pts',(-0.85913951885982,11.0324980592958,-10.1666666666667));
#13285=CARTESIAN_POINT('Ctrl Pts',(0.626004954818669,10.9475744257135,-10.8));
#13286=CARTESIAN_POINT('Ctrl Pts',(-11.8991031639678,-1.11022302462516E-15,
-3.2));
#13287=CARTESIAN_POINT('Ctrl Pts',(-11.8991031639678,1.61422856045531,-3.83333333333333));
#13288=CARTESIAN_POINT('Ctrl Pts',(-11.2326633526982,4.8415965903968,-5.1));
#13289=CARTESIAN_POINT('Ctrl Pts',(-8.39983565741993,8.8938772760757,-7.));
#13290=CARTESIAN_POINT('Ctrl Pts',(-4.19244105589896,11.4907450381602,-8.9));
#13291=CARTESIAN_POINT('Ctrl Pts',(-0.932290271469424,11.9718513523123,
-10.1666666666667));
#13292=CARTESIAN_POINT('Ctrl Pts',(0.679305649964319,11.8796969633352,-10.8));
#13293=CARTESIAN_POINT('Origin',(0.,0.,-3.2));
#13294=CARTESIAN_POINT('',(0.,0.,0.));
#13295=CARTESIAN_POINT('Origin',(0.,0.,-19.7852925));
#13296=CARTESIAN_POINT('',(1.95400000000002,2.39295984553393E-16,-19.6492567297064));
#13297=CARTESIAN_POINT('Origin',(2.09043826877202E-14,0.,-19.6492567297064));
#13298=CARTESIAN_POINT('',(1.57058499999998,-1.92341189303882E-16,-20.));
#13299=CARTESIAN_POINT('',(1.80529250000017,-2.21084568164994E-16,-19.7852925));
#13300=CARTESIAN_POINT('Origin',(0.,0.,-20.));
#13301=CARTESIAN_POINT('Origin',(-3.82995543856929E-15,0.,3.59999999999955));
#13302=CARTESIAN_POINT('',(3.49999999999999,-4.28626379701573E-16,3.59999999999956));
#13303=CARTESIAN_POINT('Origin',(-3.82995543856929E-15,0.,3.59999999999955));
#13304=CARTESIAN_POINT('',(3.09999999999999,-3.79640507735679E-16,3.99999999999956));
#13305=CARTESIAN_POINT('Origin',(3.09999999999999,-3.79640507735679E-16,
3.59999999999955));
#13306=CARTESIAN_POINT('Origin',(-4.25550604285482E-15,0.,3.99999999999955));
#13307=CARTESIAN_POINT('Origin',(-3.5,0.,3.99999999999955));
#13308=CARTESIAN_POINT('',(1.5,-0.866025403784439,4.));
#13309=CARTESIAN_POINT('',(2.77555756156289E-16,-1.73205080756888,4.));
#13310=CARTESIAN_POINT('',(-0.1875,-1.84030398304193,3.99999999999955));
#13311=CARTESIAN_POINT('',(-1.5,-0.866025403784438,4.));
#13312=CARTESIAN_POINT('',(-1.6875,-0.757772228311383,3.99999999999955));
#13313=CARTESIAN_POINT('',(-1.5,0.866025403784439,4.));
#13314=CARTESIAN_POINT('',(-1.5,-0.43301270189222,3.99999999999955));
#13315=CARTESIAN_POINT('',(1.56125112837913E-16,1.73205080756888,4.));
#13316=CARTESIAN_POINT('',(-2.4375,0.324759526419165,3.99999999999955));
#13317=CARTESIAN_POINT('',(1.5,0.866025403784438,4.));
#13318=CARTESIAN_POINT('',(-0.9375,2.27331668493415,3.99999999999955));
#13319=CARTESIAN_POINT('',(1.5,0.433012701892219,3.99999999999955));
#13320=CARTESIAN_POINT('Origin',(-2.12775302142717E-15,0.,1.99999999999955));
#13321=CARTESIAN_POINT('',(3.5,-4.28626379701573E-16,-4.44644321362375E-13));
#13322=CARTESIAN_POINT('Origin',(4.75347621578023E-28,0.,-4.47320872959132E-13));
#13323=CARTESIAN_POINT('',(3.49999999999999,-4.28626379701573E-16,1.99999999999956));
#13324=CARTESIAN_POINT('Origin',(2.77555756156289E-16,-1.73205080756888,
2.));
#13325=CARTESIAN_POINT('',(2.77555756156289E-16,-1.73205080756888,2.));
#13326=CARTESIAN_POINT('',(8.32395026107821E-16,-3.05311331771918E-15,1.86876700471111));
#13327=CARTESIAN_POINT('',(4.16333634234434E-16,-1.3015097128034,1.96737901843634));
#13328=CARTESIAN_POINT('',(1.5,-0.866025403784439,2.));
#13329=CARTESIAN_POINT('',(1.71693096998538E-16,-1.73205080756888,2.));
#13330=CARTESIAN_POINT('',(1.12714047455993,-0.650754856401699,1.96737901843634));
#13331=CARTESIAN_POINT('Origin',(1.5,-0.866025403784439,2.));
#13332=CARTESIAN_POINT('',(1.5,0.866025403784438,2.));
#13333=CARTESIAN_POINT('',(1.5,-0.866025403784439,2.));
#13334=CARTESIAN_POINT('',(1.12714047455993,0.650754856401699,1.96737901843634));
#13335=CARTESIAN_POINT('Origin',(1.5,0.866025403784438,2.));
#13336=CARTESIAN_POINT('',(2.77555756156289E-16,1.73205080756888,2.));
#13337=CARTESIAN_POINT('',(1.5,0.866025403784438,2.));
#13338=CARTESIAN_POINT('',(-4.16333634234434E-16,1.3015097128034,1.96737901843634));
#13339=CARTESIAN_POINT('Origin',(2.77555756156289E-16,1.73205080756888,
2.));
#13340=CARTESIAN_POINT('',(-1.5,0.866025403784439,2.));
#13341=CARTESIAN_POINT('',(1.56125112837913E-16,1.73205080756888,2.));
#13342=CARTESIAN_POINT('',(-1.12714047455993,0.650754856401699,1.96737901843634));
#13343=CARTESIAN_POINT('Origin',(-1.5,0.866025403784439,2.));
#13344=CARTESIAN_POINT('',(-1.5,-0.866025403784438,2.));
#13345=CARTESIAN_POINT('',(-1.5,0.866025403784439,2.));
#13346=CARTESIAN_POINT('',(-1.12714047455993,-0.650754856401699,1.96737901843634));
#13347=CARTESIAN_POINT('Origin',(-1.5,-0.866025403784438,2.));
#13348=CARTESIAN_POINT('',(-1.5,-0.866025403784438,2.));
#13349=CARTESIAN_POINT('Origin',(1.5,-0.866025403784439,4.));
#13350=CARTESIAN_POINT('',(1.5,-0.866025403784439,4.));
#13351=CARTESIAN_POINT('',(2.77555756156289E-16,-1.73205080756888,4.));
#13352=CARTESIAN_POINT('Origin',(1.5,0.866025403784438,4.));
#13353=CARTESIAN_POINT('',(1.5,0.866025403784438,4.));
#13354=CARTESIAN_POINT('Origin',(2.77555756156289E-16,1.73205080756888,
4.));
#13355=CARTESIAN_POINT('',(1.56125112837913E-16,1.73205080756888,4.));
#13356=CARTESIAN_POINT('Origin',(-1.5,0.866025403784439,4.));
#13357=CARTESIAN_POINT('',(-1.5,0.866025403784439,4.));
#13358=CARTESIAN_POINT('Origin',(-1.5,-0.866025403784438,4.));
#13359=CARTESIAN_POINT('',(-1.5,-0.866025403784438,4.));
#13360=CARTESIAN_POINT('Origin',(0.,-1.73205080756888,4.));
#13361=CARTESIAN_POINT('Origin',(1.06387651071384E-14,0.,-10.0000000000001));
#13362=CARTESIAN_POINT('',(1.954,2.39295984553393E-16,-2.33730951651061E-13));
#13363=CARTESIAN_POINT('',(1.95400000000001,-2.39295984553393E-16,-10.0000000000001));
#13364=CARTESIAN_POINT('Origin',(2.50463337407671E-28,0.,-2.35367281220533E-13));
#13365=CARTESIAN_POINT('Origin',(2.13717932240343E-14,0.,-20.));
#13366=CARTESIAN_POINT('Origin',(-2.,0.,-2.37391810919279E-13));
#13367=CARTESIAN_POINT('',(2.22044604925031E-15,-3.33066907387547E-15,-12.));
#13368=CARTESIAN_POINT('',(2.22044604925031E-15,-3.33066907387547E-15,-12.));
#13369=CARTESIAN_POINT('',(0.,0.,0.));
#13370=CARTESIAN_POINT('',(1.11022302462516E-15,-4.44089209850063E-15,-12.));
#13371=CARTESIAN_POINT('',(2.22044604925031E-15,-3.33066907387547E-15,-14.));
#13372=UNCERTAINTY_MEASURE_WITH_UNIT(LENGTH_MEASURE(0.01),#13386,
'DISTANCE_ACCURACY_VALUE',
'Maximum model space distance between geometric entities at asserted c
onnectivities');
#13373=UNCERTAINTY_MEASURE_WITH_UNIT(LENGTH_MEASURE(0.01),#13386,
'DISTANCE_ACCURACY_VALUE',
'Maximum model space distance between geometric entities at asserted c
onnectivities');
#13374=UNCERTAINTY_MEASURE_WITH_UNIT(LENGTH_MEASURE(0.01),#13386,
'DISTANCE_ACCURACY_VALUE',
'Maximum model space distance between geometric entities at asserted c
onnectivities');
#13375=UNCERTAINTY_MEASURE_WITH_UNIT(LENGTH_MEASURE(0.01),#13386,
'DISTANCE_ACCURACY_VALUE',
'Maximum model space distance between geometric entities at asserted c
onnectivities');
#13376=UNCERTAINTY_MEASURE_WITH_UNIT(LENGTH_MEASURE(0.01),#13386,
'DISTANCE_ACCURACY_VALUE',
'Maximum model space distance between geometric entities at asserted c
onnectivities');
#13377=UNCERTAINTY_MEASURE_WITH_UNIT(LENGTH_MEASURE(0.01),#13386,
'DISTANCE_ACCURACY_VALUE',
'Maximum model space distance between geometric entities at asserted c
onnectivities');
#13378=UNCERTAINTY_MEASURE_WITH_UNIT(LENGTH_MEASURE(0.01),#13386,
'DISTANCE_ACCURACY_VALUE',
'Maximum model space distance between geometric entities at asserted c
onnectivities');
#13379=(
GEOMETRIC_REPRESENTATION_CONTEXT(3)
GLOBAL_UNCERTAINTY_ASSIGNED_CONTEXT((#13372))
GLOBAL_UNIT_ASSIGNED_CONTEXT((#13386,#13388,#13389))
REPRESENTATION_CONTEXT('','3D')
);
#13380=(
GEOMETRIC_REPRESENTATION_CONTEXT(3)
GLOBAL_UNCERTAINTY_ASSIGNED_CONTEXT((#13373))
GLOBAL_UNIT_ASSIGNED_CONTEXT((#13386,#13388,#13389))
REPRESENTATION_CONTEXT('','3D')
);
#13381=(
GEOMETRIC_REPRESENTATION_CONTEXT(3)
GLOBAL_UNCERTAINTY_ASSIGNED_CONTEXT((#13374))
GLOBAL_UNIT_ASSIGNED_CONTEXT((#13386,#13388,#13389))
REPRESENTATION_CONTEXT('','3D')
);
#13382=(
GEOMETRIC_REPRESENTATION_CONTEXT(3)
GLOBAL_UNCERTAINTY_ASSIGNED_CONTEXT((#13375))
GLOBAL_UNIT_ASSIGNED_CONTEXT((#13386,#13388,#13389))
REPRESENTATION_CONTEXT('','3D')
);
#13383=(
GEOMETRIC_REPRESENTATION_CONTEXT(3)
GLOBAL_UNCERTAINTY_ASSIGNED_CONTEXT((#13376))
GLOBAL_UNIT_ASSIGNED_CONTEXT((#13386,#13388,#13389))
REPRESENTATION_CONTEXT('','3D')
);
#13384=(
GEOMETRIC_REPRESENTATION_CONTEXT(3)
GLOBAL_UNCERTAINTY_ASSIGNED_CONTEXT((#13377))
GLOBAL_UNIT_ASSIGNED_CONTEXT((#13386,#13388,#13389))
REPRESENTATION_CONTEXT('','3D')
);
#13385=(
GEOMETRIC_REPRESENTATION_CONTEXT(3)
GLOBAL_UNCERTAINTY_ASSIGNED_CONTEXT((#13378))
GLOBAL_UNIT_ASSIGNED_CONTEXT((#13386,#13388,#13389))
REPRESENTATION_CONTEXT('','3D')
);
#13386=(
LENGTH_UNIT()
NAMED_UNIT(*)
SI_UNIT(.MILLI.,.METRE.)
);
#13387=(
LENGTH_UNIT()
NAMED_UNIT(*)
SI_UNIT($,.METRE.)
);
#13388=(
NAMED_UNIT(*)
PLANE_ANGLE_UNIT()
SI_UNIT($,.RADIAN.)
);
#13389=(
NAMED_UNIT(*)
SI_UNIT($,.STERADIAN.)
SOLID_ANGLE_UNIT()
);
#13390=SHAPE_DEFINITION_REPRESENTATION(#13396,#13407);
#13391=SHAPE_DEFINITION_REPRESENTATION(#13397,#13408);
#13392=SHAPE_DEFINITION_REPRESENTATION(#13398,#13409);
#13393=SHAPE_DEFINITION_REPRESENTATION(#13399,#13410);
#13394=SHAPE_DEFINITION_REPRESENTATION(#13400,#13411);
#13395=SHAPE_DEFINITION_REPRESENTATION(#13401,#13412);
#13396=PRODUCT_DEFINITION_SHAPE('',$,#13414);
#13397=PRODUCT_DEFINITION_SHAPE('',$,#13415);
#13398=PRODUCT_DEFINITION_SHAPE('',$,#13416);
#13399=PRODUCT_DEFINITION_SHAPE('',$,#13417);
#13400=PRODUCT_DEFINITION_SHAPE('',$,#13418);
#13401=PRODUCT_DEFINITION_SHAPE('',$,#13419);
#13402=PRODUCT_DEFINITION_SHAPE($,$,#26);
#13403=PRODUCT_DEFINITION_SHAPE($,$,#27);
#13404=PRODUCT_DEFINITION_SHAPE($,$,#28);
#13405=PRODUCT_DEFINITION_SHAPE($,$,#29);
#13406=PRODUCT_DEFINITION_SHAPE($,$,#30);
#13407=SHAPE_REPRESENTATION('',(#4170,#4557,#4558,#4559,#4560,#4561),#13379);
#13408=SHAPE_REPRESENTATION('',(#4171),#13380);
#13409=SHAPE_REPRESENTATION('',(#4246),#13381);
#13410=SHAPE_REPRESENTATION('',(#4349),#13382);
#13411=SHAPE_REPRESENTATION('',(#4445),#13383);
#13412=SHAPE_REPRESENTATION('',(#4530),#13384);
#13413=PRODUCT_DEFINITION_CONTEXT('part definition',#13433,'design');
#13414=PRODUCT_DEFINITION('Bike mount','Bike mount v7',#13420,#13413);
#13415=PRODUCT_DEFINITION('Lock Core','Lock Core',#13421,#13413);
#13416=PRODUCT_DEFINITION('Sliding Lock','Sliding Lock',#13422,#13413);
#13417=PRODUCT_DEFINITION('Stem Clamp','Stem Clamp',#13423,#13413);
#13418=PRODUCT_DEFINITION('Spring','Spring',#13424,#13413);
#13419=PRODUCT_DEFINITION(
'BSHCS ASME B18.3.1M - M4x0.7 x 20 Steel Grade 2 Plain',
'Broached Hexagon Socket Head Cap Screw ASME B18.3.1M - M4x0.7 x 20 St
eel Grade 2 Plain v1',#13425,#13413);
#13420=PRODUCT_DEFINITION_FORMATION('',$,#13435);
#13421=PRODUCT_DEFINITION_FORMATION('',$,#13436);
#13422=PRODUCT_DEFINITION_FORMATION('',$,#13437);
#13423=PRODUCT_DEFINITION_FORMATION('',$,#13438);
#13424=PRODUCT_DEFINITION_FORMATION('',$,#13439);
#13425=PRODUCT_DEFINITION_FORMATION('',$,#13440);
#13426=PRODUCT_RELATED_PRODUCT_CATEGORY('Bike mount v7','Bike mount v7',
(#13435));
#13427=PRODUCT_RELATED_PRODUCT_CATEGORY('Lock Core','Lock Core',(#13436));
#13428=PRODUCT_RELATED_PRODUCT_CATEGORY('Sliding Lock','Sliding Lock',(#13437));
#13429=PRODUCT_RELATED_PRODUCT_CATEGORY('Stem Clamp','Stem Clamp',(#13438));
#13430=PRODUCT_RELATED_PRODUCT_CATEGORY('Spring','Spring',(#13439));
#13431=PRODUCT_RELATED_PRODUCT_CATEGORY(
'Broached Hexagon Socket Head Cap Screw ASME B18.3.1M - M4x0.7 x 20 St
eel Grade 2 Plain v1',
'Broached Hexagon Socket Head Cap Screw ASME B18.3.1M - M4x0.7 x 20 St
eel Grade 2 Plain v1',(#13440));
#13432=APPLICATION_PROTOCOL_DEFINITION('international standard',
'automotive_design',2009,#13433);
#13433=APPLICATION_CONTEXT(
'Core Data for Automotive Mechanical Design Process');
#13434=PRODUCT_CONTEXT('part definition',#13433,'mechanical');
#13435=PRODUCT('Bike mount','Bike mount v7',$,(#13434));
#13436=PRODUCT('Lock Core','Lock Core',$,(#13434));
#13437=PRODUCT('Sliding Lock','Sliding Lock',$,(#13434));
#13438=PRODUCT('Stem Clamp','Stem Clamp',$,(#13434));
#13439=PRODUCT('Spring','Spring',$,(#13434));
#13440=PRODUCT('BSHCS ASME B18.3.1M - M4x0.7 x 20 Steel Grade 2 Plain',

'Broached Hexagon Socket Head Cap Screw ASME B18.3.1M - M4x0.7 x 20 St
eel Grade 2 Plain v1',
'Broached Hexagon Socket Head Cap Screw ASME B18.3.1M - M4x0.7 x 20',(#13434));
#13441=PRESENTATION_STYLE_ASSIGNMENT((#13443));
#13442=PRESENTATION_STYLE_ASSIGNMENT((#13444));
#13443=SURFACE_STYLE_USAGE(.BOTH.,#13445);
#13444=SURFACE_STYLE_USAGE(.BOTH.,#13446);
#13445=SURFACE_SIDE_STYLE('',(#13447));
#13446=SURFACE_SIDE_STYLE('',(#13448));
#13447=SURFACE_STYLE_FILL_AREA(#13449);
#13448=SURFACE_STYLE_FILL_AREA(#13450);
#13449=FILL_AREA_STYLE('Steel - Satin',(#13451));
#13450=FILL_AREA_STYLE('ABS (White)',(#13452));
#13451=FILL_AREA_STYLE_COLOUR('Steel - Satin',#13453);
#13452=FILL_AREA_STYLE_COLOUR('ABS (White)',#13454);
#13453=COLOUR_RGB('Steel - Satin',0.627450980392157,0.627450980392157,0.627450980392157);
#13454=COLOUR_RGB('ABS (White)',0.964705882352941,0.964705882352941,0.952941176470588);
ENDSEC;
END-ISO-10303-21;
